1752868633.0172 0.0000 0.0000 0.0000 0.0000 0.0000 0.0000 1.0000
1752868633.1181 0.0008 0.0014 0.0002 0.0000 0.0000 -0.0000 1.0000
1752868633.2189 0.0004 0.0050 0.0011 0.0000 0.0001 -0.0002 1.0000
1752868633.3198 0.0062 0.0050 0.0008 0.0000 0.0000 -0.0001 1.0000
1752868633.4206 0.0037 0.0060 -0.0003 0.0000 0.0000 0.0000 1.0000
1752868633.5215 -0.0036 0.0021 -0.0013 -0.0000 -0.0000 0.0000 1.0000
1752868633.6224 -0.0069 0.0010 -0.0011 0.0000 0.0000 -0.0001 1.0000
1752868633.7232 -0.0033 0.0020 0.0003 0.0000 0.0000 -0.0000 1.0000
1752868633.8241 0.0003 0.0036 0.0013 0.0000 0.0000 -0.0000 1.0000
1752868633.9249 0.0024 0.0037 0.0003 0.0000 0.0000 0.0000 1.0000
1752868634.0258 0.0012 0.0034 -0.0005 -0.0000 -0.0000 0.0001 1.0000
1752868634.1267 -0.0007 0.0034 -0.0004 -0.0000 -0.0000 0.0001 1.0000
1752868634.2275 0.0003 0.0036 0.0005 -0.0000 -0.0000 0.0001 1.0000
1752868634.3284 0.0006 0.0015 0.0004 -0.0000 0.0000 -0.0001 1.0000
1752868634.4292 0.0007 -0.0030 0.0002 0.0000 0.0000 -0.0002 1.0000
1752868634.5301 -0.0018 0.0003 -0.0003 0.0001 0.0000 -0.0003 1.0000
1752868634.6310 -0.0039 0.0072 -0.0003 0.0001 0.0000 -0.0001 1.0000
1752868634.7318 -0.0019 0.0099 0.0002 -0.0000 -0.0000 0.0002 1.0000
1752868634.8327 -0.0017 0.0086 0.0003 -0.0000 -0.0000 0.0002 1.0000
1752868634.9335 0.0013 0.0014 0.0002 0.0000 0.0000 0.0000 1.0000
1752868635.0344 0.0079 -0.0014 0.0002 0.0000 0.0000 -0.0001 1.0000
1752868635.1353 0.0065 -0.0060 0.0008 0.0000 0.0000 -0.0002 1.0000
1752868635.2361 0.0006 -0.0056 0.0011 0.0000 0.0000 -0.0002 1.0000
1752868635.3370 -0.0023 -0.0060 -0.0004 0.0000 0.0000 -0.0001 1.0000
1752868635.4378 0.0030 0.0053 -0.0006 -0.0000 -0.0000 0.0001 1.0000
1752868635.5387 0.0011 0.0044 -0.0008 -0.0000 -0.0000 0.0001 1.0000
1752868635.6396 0.0021 -0.0050 0.0004 -0.0000 0.0000 0.0000 1.0000
1752868635.7404 0.0012 -0.0060 0.0004 0.0000 0.0000 -0.0001 1.0000
1752868635.8413 0.0007 -0.0011 -0.0003 0.0000 0.0000 0.0000 1.0000
1752868635.9421 0.0051 0.0012 -0.0001 -0.0000 -0.0000 0.0001 1.0000
1752868636.0430 0.0085 0.0016 0.0007 -0.0000 -0.0000 0.0001 1.0000
1752868636.1439 0.0076 0.0017 0.0010 -0.0000 -0.0000 0.0002 1.0000
1752868636.2447 0.0029 -0.0002 0.0001 0.0000 0.0000 0.0002 1.0000
1752868636.3456 -0.0042 -0.0046 -0.0012 0.0000 0.0000 -0.0001 1.0000
1752868636.4464 0.0021 -0.0092 -0.0010 0.0000 0.0000 0.0000 1.0000
1752868636.5473 0.0099 -0.0085 0.0003 -0.0000 -0.0000 0.0004 1.0000
1752868636.6482 0.0056 0.0099 0.0012 -0.0000 -0.0000 0.0005 1.0000
1752868636.7490 -0.0019 0.0078 0.0003 -0.0000 -0.0000 0.0001 1.0000
1752868636.8499 -0.0032 -0.0094 -0.0007 0.0000 0.0000 -0.0005 1.0000
1752868636.9507 0.0076 -0.0138 -0.0007 0.0001 0.0001 -0.0003 1.0000
1752868637.0516 0.0076 -0.0086 -0.0002 0.0000 0.0000 -0.0000 1.0000
1752868637.1525 0.0033 0.0057 0.0008 -0.0000 -0.0000 0.0002 1.0000
1752868637.2533 -0.0019 0.0048 0.0009 -0.0000 -0.0000 0.0002 1.0000
1752868637.3542 0.0010 0.0015 0.0005 0.0000 -0.0000 -0.0001 1.0000
1752868637.4550 0.0042 -0.0004 -0.0002 0.0000 0.0000 -0.0004 1.0000
1752868637.5559 0.0017 -0.0021 -0.0009 0.0001 0.0001 -0.0003 1.0000
1752868637.6568 -0.0003 -0.0032 -0.0012 0.0001 0.0000 -0.0000 1.0000
1752868637.7576 -0.0011 -0.0013 -0.0002 -0.0000 -0.0000 0.0001 1.0000
1752868637.8585 -0.0021 -0.0011 0.0012 -0.0000 -0.0000 0.0001 1.0000
1752868637.9593 0.0071 0.0048 0.0012 -0.0000 -0.0000 -0.0001 1.0000
1752868638.0602 0.0007 0.0007 -0.0003 0.0001 0.0001 -0.0002 1.0000
1752868638.1611 0.0028 -0.0011 -0.0011 0.0001 0.0001 0.0001 1.0000
1752868638.2619 0.0071 0.0017 -0.0005 0.0000 0.0000 0.0000 1.0000
1752868638.3628 0.0027 0.0011 0.0005 -0.0000 -0.0000 -0.0002 1.0000
1752868638.4636 -0.0031 0.0061 0.0007 0.0000 -0.0000 -0.0001 1.0000
1752868638.5645 -0.0034 0.0081 -0.0002 0.0000 0.0000 -0.0001 1.0000
1752868638.6654 0.0021 0.0012 -0.0012 0.0000 0.0000 -0.0002 1.0000
1752868638.7662 0.0035 -0.0032 -0.0012 0.0000 0.0000 -0.0003 1.0000
1752868638.8671 0.0034 0.0005 -0.0001 0.0000 0.0000 -0.0000 1.0000
1752868638.9679 0.0039 0.0035 0.0012 -0.0000 -0.0000 0.0001 1.0000
1752868639.0688 0.0065 0.0001 0.0011 0.0000 0.0000 -0.0002 1.0000
1752868639.1697 0.0070 0.0019 0.0005 0.0001 0.0000 -0.0002 1.0000
1752868639.2705 0.0113 0.0064 -0.0004 0.0000 0.0000 -0.0002 1.0000
1752868639.3714 0.0183 0.0045 -0.0004 0.0000 0.0000 -0.0007 1.0000
1752868639.4722 0.0286 -0.0066 0.0006 0.0001 0.0000 -0.0024 1.0000
1752868639.5731 0.0231 -0.0087 0.0009 0.0001 0.0000 -0.0049 1.0000
1752868639.6740 -0.0101 0.0026 -0.0001 0.0000 0.0000 -0.0063 1.0000
1752868639.7748 -0.0277 0.0132 -0.0010 -0.0000 0.0000 -0.0061 1.0000
1752868639.8757 -0.0054 0.0027 -0.0001 0.0000 0.0000 -0.0057 1.0000
1752868639.9765 0.0079 -0.0141 0.0012 0.0001 0.0000 -0.0064 1.0000
1752868640.0774 0.0046 -0.0116 0.0012 0.0001 0.0001 -0.0075 1.0000
1752868640.1783 -0.0092 -0.0088 0.0010 0.0000 0.0000 -0.0088 1.0000
1752868640.2791 -0.0084 -0.0155 0.0006 0.0000 0.0001 -0.0110 0.9999
1752868640.3800 0.0048 -0.0460 -0.0002 0.0001 0.0001 -0.0146 0.9999
1752868640.4808 0.0200 -0.0893 0.0004 0.0001 0.0001 -0.0199 0.9998
1752868640.5817 0.0215 -0.1293 0.0018 0.0000 0.0001 -0.0268 0.9996
1752868640.6826 0.0099 -0.1350 0.0026 0.0000 0.0001 -0.0355 0.9994
1752868640.7834 -0.0010 -0.1343 0.0033 0.0000 0.0001 -0.0449 0.9990
1752868640.8843 0.0137 -0.1691 0.0030 0.0000 0.0001 -0.0552 0.9985
1752868640.9851 0.0261 -0.2179 0.0032 -0.0000 0.0001 -0.0666 0.9978
1752868641.0860 0.0442 -0.2699 0.0037 -0.0000 0.0001 -0.0794 0.9968
1752868641.1869 0.0385 -0.2369 0.0037 -0.0000 0.0001 -0.0931 0.9957
1752868641.2877 -0.0154 -0.2298 0.0044 -0.0001 0.0002 -0.1044 0.9945
1752868641.3886 -0.0626 -0.2498 0.0056 -0.0001 0.0002 -0.1127 0.9936
1752868641.4894 -0.0365 -0.3074 0.0082 -0.0001 0.0002 -0.1210 0.9926
1752868641.5903 -0.0061 -0.3320 0.0084 -0.0001 0.0002 -0.1304 0.9915
1752868641.6912 -0.0062 -0.3110 0.0058 -0.0001 0.0002 -0.1411 0.9900
1752868641.7920 -0.0446 -0.2805 0.0044 -0.0002 0.0001 -0.1500 0.9887
1752868641.8929 -0.0747 -0.2831 0.0051 -0.0003 0.0001 -0.1558 0.9878
1752868641.9937 -0.0760 -0.3276 0.0077 -0.0003 0.0002 -0.1592 0.9873
1752868642.0946 -0.0675 -0.3359 0.0088 -0.0002 0.0002 -0.1599 0.9871
1752868642.1955 -0.0699 -0.2861 0.0072 -0.0002 0.0002 -0.1571 0.9876
1752868642.2963 -0.0662 -0.2357 0.0051 -0.0002 0.0001 -0.1517 0.9884
1752868642.3972 -0.0779 -0.2354 0.0047 -0.0002 0.0001 -0.1473 0.9891
1752868642.4980 -0.0914 -0.2782 0.0060 -0.0003 0.0001 -0.1477 0.9890
1752868642.5989 -0.0871 -0.3121 0.0083 -0.0002 0.0002 -0.1531 0.9882
1752868642.6998 -0.0430 -0.3172 0.0092 -0.0002 0.0002 -0.1587 0.9873
1752868642.8006 -0.0052 -0.2918 0.0070 -0.0002 0.0002 -0.1597 0.9872
1752868642.9015 -0.0027 -0.2571 0.0047 -0.0002 0.0000 -0.1556 0.9878
1752868643.0023 -0.0544 -0.2569 0.0048 -0.0003 0.0000 -0.1509 0.9885
1752868643.1032 -0.1024 -0.2925 0.0070 -0.0004 0.0001 -0.1517 0.9884
1752868643.2041 -0.0716 -0.3278 0.0102 -0.0003 0.0002 -0.1584 0.9874
1752868643.3049 0.0463 -0.3355 0.0112 -0.0002 0.0002 -0.1663 0.9861
1752868643.4058 0.1174 -0.3291 0.0104 -0.0001 0.0001 -0.1688 0.9856
1752868643.5066 0.1252 -0.3332 0.0092 -0.0002 -0.0001 -0.1665 0.9860
1752868643.6075 0.0793 -0.3249 0.0090 -0.0003 -0.0001 -0.1625 0.9867
1752868643.7084 0.0971 -0.3195 0.0101 -0.0003 -0.0001 -0.1603 0.9871
1752868643.8092 0.1649 -0.3244 0.0139 -0.0002 -0.0000 -0.1584 0.9874
1752868643.9101 0.2330 -0.3266 0.0166 -0.0002 -0.0001 -0.1559 0.9878
1752868644.0109 0.2542 -0.3305 0.0157 -0.0002 -0.0001 -0.1514 0.9885
1752868644.1118 0.2436 -0.3085 0.0147 -0.0003 -0.0002 -0.1475 0.9891
1752868644.2127 0.2473 -0.3018 0.0149 -0.0003 -0.0002 -0.1439 0.9896
1752868644.3135 0.3050 -0.3107 0.0176 -0.0002 -0.0003 -0.1414 0.9900
1752868644.4144 0.3691 -0.3369 0.0204 -0.0002 -0.0003 -0.1392 0.9903
1752868644.5152 0.4049 -0.3452 0.0216 -0.0002 -0.0003 -0.1357 0.9907
1752868644.6161 0.4315 -0.3270 0.0212 -0.0002 -0.0004 -0.1318 0.9913
1752868644.7170 0.4567 -0.3161 0.0211 -0.0002 -0.0004 -0.1269 0.9919
1752868644.8178 0.4896 -0.3240 0.0220 -0.0003 -0.0005 -0.1221 0.9925
1752868644.9187 0.5413 -0.3004 0.0248 -0.0002 -0.0005 -0.1188 0.9929
1752868645.0195 0.5844 -0.2978 0.0239 -0.0002 -0.0005 -0.1149 0.9934
1752868645.1204 0.6112 -0.2813 0.0252 -0.0002 -0.0005 -0.1119 0.9937
1752868645.2213 0.6728 -0.3079 0.0277 -0.0001 -0.0006 -0.1071 0.9942
1752868645.3221 0.7213 -0.3269 0.0298 -0.0002 -0.0007 -0.1012 0.9949
1752868645.4230 0.7368 -0.3146 0.0296 -0.0003 -0.0008 -0.0951 0.9955
1752868645.5238 0.7654 -0.3041 0.0288 -0.0003 -0.0008 -0.0894 0.9960
1752868645.6247 0.8406 -0.2944 0.0296 -0.0002 -0.0009 -0.0842 0.9965
1752868645.7256 0.9406 -0.2771 0.0326 -0.0002 -0.0010 -0.0787 0.9969
1752868645.8264 1.0290 -0.2547 0.0361 -0.0001 -0.0011 -0.0730 0.9973
1752868645.9273 1.0594 -0.2478 0.0373 -0.0001 -0.0012 -0.0659 0.9978
1752868646.0281 1.1002 -0.2566 0.0336 -0.0002 -0.0013 -0.0586 0.9983
1752868646.1290 1.1360 -0.2165 0.0333 -0.0002 -0.0014 -0.0530 0.9986
1752868646.2299 1.2203 -0.2096 0.0359 -0.0001 -0.0014 -0.0481 0.9988
1752868646.3307 1.3013 -0.1925 0.0333 -0.0000 -0.0015 -0.0435 0.9991
1752868646.4316 1.4314 -0.2073 0.0326 0.0001 -0.0016 -0.0382 0.9993
1752868646.5324 1.4883 -0.1864 0.0343 0.0001 -0.0017 -0.0321 0.9995
1752868646.6333 1.4977 -0.1196 0.0338 0.0001 -0.0018 -0.0268 0.9996
1752868646.7342 1.5382 -0.1474 0.0356 0.0001 -0.0018 -0.0202 0.9998
1752868646.8350 1.5356 -0.1441 0.0354 0.0001 -0.0017 -0.0133 0.9999
1752868646.9359 1.5721 -0.1032 0.0335 0.0001 -0.0018 -0.0074 1.0000
1752868647.0367 1.6691 -0.1092 0.0360 0.0001 -0.0020 -0.0006 1.0000
1752868647.1376 1.7118 -0.1014 0.0360 0.0001 -0.0020 0.0072 1.0000
1752868647.2385 1.7073 -0.0938 0.0377 0.0000 -0.0020 0.0152 0.9999
1752868647.3393 1.6945 -0.0797 0.0391 -0.0000 -0.0019 0.0218 0.9998
1752868647.4402 1.7336 -0.0589 0.0399 -0.0000 -0.0020 0.0260 0.9997
1752868647.5410 1.8188 -0.0584 0.0374 -0.0000 -0.0021 0.0292 0.9996
1752868647.6419 1.8902 -0.1149 0.0383 -0.0001 -0.0021 0.0347 0.9994
1752868647.7428 1.8926 -0.0529 0.0383 -0.0001 -0.0021 0.0379 0.9993
1752868647.8436 1.8848 -0.0375 0.0406 -0.0001 -0.0020 0.0393 0.9992
1752868647.9445 1.9212 -0.0553 0.0416 -0.0000 -0.0021 0.0387 0.9992
1752868648.0453 1.9626 -0.1043 0.0405 -0.0001 -0.0021 0.0372 0.9993
1752868648.1462 1.9914 -0.0878 0.0377 -0.0002 -0.0022 0.0357 0.9994
1752868648.2471 2.0574 -0.0471 0.0390 -0.0000 -0.0022 0.0356 0.9994
1752868648.3479 2.1004 -0.0046 0.0443 0.0000 -0.0022 0.0365 0.9993
1752868648.4488 2.1499 0.0096 0.0436 0.0000 -0.0024 0.0398 0.9992
1752868648.5496 2.2047 -0.0046 0.0411 0.0001 -0.0024 0.0462 0.9989
1752868648.6505 2.2005 0.0474 0.0355 0.0001 -0.0024 0.0537 0.9986
1752868648.7514 2.2459 0.0349 0.0368 0.0000 -0.0024 0.0625 0.9980
1752868648.8522 2.2954 0.0715 0.0388 -0.0001 -0.0025 0.0715 0.9974
1752868648.9531 2.3725 0.0842 0.0367 -0.0001 -0.0027 0.0793 0.9968
1752868649.0539 2.3920 0.1427 0.0353 -0.0000 -0.0028 0.0842 0.9964
1752868649.1548 2.4255 0.1348 0.0413 0.0002 -0.0027 0.0891 0.9960
1752868649.2557 2.4864 0.1277 0.0404 0.0002 -0.0027 0.0949 0.9955
1752868649.3565 2.5504 0.1868 0.0370 0.0000 -0.0029 0.1014 0.9948
1752868649.4574 2.5963 0.2930 0.0374 -0.0001 -0.0031 0.1052 0.9944
1752868649.5582 2.6412 0.3191 0.0422 -0.0001 -0.0031 0.1057 0.9944
1752868649.6591 2.6761 0.2641 0.0442 -0.0000 -0.0031 0.1055 0.9944
1752868649.7600 2.6910 0.2275 0.0417 0.0001 -0.0030 0.1055 0.9944
1752868649.8608 2.7268 0.2698 0.0390 0.0001 -0.0031 0.1065 0.9943
1752868649.9617 2.7699 0.3768 0.0399 -0.0001 -0.0033 0.1063 0.9943
1752868650.0625 2.8662 0.3602 0.0472 -0.0001 -0.0034 0.1065 0.9943
1752868650.1634 2.9804 0.3816 0.0551 -0.0001 -0.0035 0.1040 0.9946
1752868650.2643 3.0302 0.3446 0.0598 0.0001 -0.0033 0.0980 0.9952
1752868650.3651 3.0423 0.3340 0.0531 0.0002 -0.0033 0.0912 0.9958
1752868650.4660 3.0798 0.3215 0.0446 0.0002 -0.0035 0.0859 0.9963
1752868650.5668 3.1491 0.3537 0.0472 0.0001 -0.0038 0.0817 0.9967
1752868650.6677 3.2329 0.3844 0.0564 0.0000 -0.0037 0.0765 0.9971
1752868650.7686 3.3001 0.3831 0.0586 0.0000 -0.0037 0.0709 0.9975
1752868650.8694 3.3073 0.3668 0.0604 0.0002 -0.0036 0.0657 0.9978
1752868650.9703 3.3352 0.3670 0.0578 0.0003 -0.0037 0.0608 0.9981
1752868651.0711 3.3758 0.3976 0.0585 0.0002 -0.0039 0.0572 0.9984
1752868651.1720 3.4541 0.4120 0.0622 0.0002 -0.0039 0.0539 0.9985
1752868651.2729 3.5359 0.3938 0.0678 0.0002 -0.0039 0.0507 0.9987
1752868651.3737 3.5911 0.3595 0.0741 0.0003 -0.0039 0.0462 0.9989
1752868651.4746 3.6402 0.3252 0.0794 0.0002 -0.0040 0.0396 0.9992
1752868651.5754 3.7246 0.3568 0.0754 0.0001 -0.0042 0.0306 0.9995
1752868651.6763 3.7979 0.3683 0.0680 0.0003 -0.0042 0.0209 0.9998
1752868651.7771 3.8655 0.3574 0.0737 0.0006 -0.0041 0.0100 0.9999
1752868651.8780 3.9298 0.3245 0.0845 0.0005 -0.0042 -0.0006 1.0000
1752868651.9789 3.9958 0.3181 0.0868 0.0004 -0.0044 -0.0114 0.9999
1752868652.0797 4.0538 0.3159 0.0850 0.0004 -0.0044 -0.0209 0.9998
1752868652.1806 4.1299 0.2995 0.0753 0.0004 -0.0045 -0.0300 0.9995
1752868652.2815 4.1798 0.2892 0.0737 0.0005 -0.0045 -0.0383 0.9993
1752868652.3823 4.2399 0.2865 0.0879 0.0009 -0.0043 -0.0454 0.9990
1752868652.4832 4.2874 0.2971 0.1027 0.0010 -0.0042 -0.0524 0.9986
1752868652.5840 4.3793 0.2763 0.1050 0.0008 -0.0044 -0.0592 0.9982
1752868652.6849 4.4804 0.2432 0.0957 0.0006 -0.0048 -0.0654 0.9978
1752868652.7857 4.5814 0.2272 0.0927 0.0007 -0.0050 -0.0707 0.9975
1752868652.8866 4.6386 0.2227 0.1018 0.0010 -0.0047 -0.0756 0.9971
1752868652.9875 4.6813 0.2285 0.1126 0.0012 -0.0045 -0.0798 0.9968
1752868653.0883 4.7206 0.2477 0.1171 0.0012 -0.0045 -0.0835 0.9965
1752868653.1892 4.7970 0.2071 0.1142 0.0011 -0.0047 -0.0870 0.9962
1752868653.2900 4.9035 0.1606 0.1092 0.0010 -0.0049 -0.0907 0.9959
1752868653.3909 5.0277 0.1249 0.1115 0.0010 -0.0052 -0.0952 0.9954
1752868653.4918 5.1278 0.1137 0.1187 0.0012 -0.0051 -0.0999 0.9950
1752868653.5926 5.1909 0.1213 0.1286 0.0012 -0.0050 -0.1058 0.9944
1752868653.6935 5.2263 0.1359 0.1310 0.0011 -0.0052 -0.1115 0.9938
1752868653.7943 5.2672 0.1227 0.1262 0.0011 -0.0054 -0.1160 0.9932
1752868653.8952 5.3430 0.0817 0.1246 0.0011 -0.0054 -0.1188 0.9929
1752868653.9961 5.4421 0.0484 0.1306 0.0013 -0.0053 -0.1207 0.9927
1752868654.0969 5.5318 0.0454 0.1333 0.0015 -0.0053 -0.1229 0.9924
1752868654.1978 5.5970 0.0801 0.1367 0.0013 -0.0055 -0.1234 0.9923
1752868654.2986 5.6470 0.0919 0.1367 0.0011 -0.0058 -0.1211 0.9926
1752868654.3995 5.6646 0.0540 0.1334 0.0011 -0.0058 -0.1175 0.9931
1752868654.5004 5.7183 0.0133 0.1334 0.0012 -0.0057 -0.1161 0.9932
1752868654.6012 5.8068 0.0324 0.1344 0.0013 -0.0057 -0.1168 0.9931
1752868654.7021 5.8912 0.0781 0.1420 0.0014 -0.0058 -0.1176 0.9930
1752868654.8029 5.9428 0.0880 0.1516 0.0012 -0.0059 -0.1176 0.9930
1752868654.9038 6.0135 0.0579 0.1535 0.0009 -0.0061 -0.1163 0.9932
1752868655.0047 6.0658 0.0507 0.1370 0.0009 -0.0063 -0.1131 0.9936
1752868655.1055 6.0621 0.0580 0.1417 0.0011 -0.0062 -0.1093 0.9940
1752868655.2064 6.0796 0.0611 0.1568 0.0013 -0.0059 -0.1059 0.9944
1752868655.3072 6.1643 0.0603 0.1627 0.0012 -0.0061 -0.1028 0.9947
1752868655.4081 6.2758 0.0693 0.1505 0.0008 -0.0067 -0.0982 0.9951
1752868655.5090 6.3259 0.0821 0.1407 0.0004 -0.0070 -0.0905 0.9959
1752868655.6098 6.3329 0.1041 0.1442 0.0006 -0.0069 -0.0797 0.9968
1752868655.7107 6.3161 0.1166 0.1484 0.0010 -0.0066 -0.0687 0.9976
1752868655.8115 6.3405 0.1111 0.1539 0.0011 -0.0064 -0.0584 0.9983
1752868655.9124 6.4098 0.1343 0.1525 0.0009 -0.0065 -0.0480 0.9988
1752868656.0133 6.4973 0.1730 0.1449 0.0005 -0.0069 -0.0375 0.9993
1752868656.1141 6.5410 0.1929 0.1429 0.0002 -0.0073 -0.0247 0.9997
1752868656.2150 6.5127 0.2238 0.1380 0.0002 -0.0074 -0.0099 0.9999
1752868656.3158 6.5337 0.2630 0.1340 0.0004 -0.0072 0.0013 1.0000
1752868656.4167 6.6034 0.2945 0.1436 0.0004 -0.0071 0.0131 0.9999
1752868656.5176 6.6737 0.3236 0.1414 0.0004 -0.0071 0.0271 0.9996
1752868656.6184 6.6711 0.3559 0.1386 0.0003 -0.0072 0.0443 0.9990
1752868656.7193 6.6518 0.3934 0.1327 -0.0000 -0.0075 0.0627 0.9980
1752868656.8201 6.6689 0.4292 0.1299 -0.0003 -0.0077 0.0799 0.9968
1752868656.9210 6.7242 0.4857 0.1344 -0.0002 -0.0076 0.0952 0.9954
1752868657.0219 6.7828 0.5286 0.1446 -0.0001 -0.0074 0.1111 0.9938
1752868657.1227 6.8090 0.5623 0.1413 -0.0000 -0.0075 0.1252 0.9921
1752868657.2236 6.8181 0.5683 0.1323 -0.0003 -0.0077 0.1377 0.9904
1752868657.3244 6.7822 0.6186 0.1245 -0.0006 -0.0080 0.1468 0.9891
1752868657.4253 6.7955 0.6772 0.1193 -0.0006 -0.0081 0.1533 0.9881
1752868657.5262 6.8253 0.7260 0.1173 -0.0002 -0.0080 0.1579 0.9874
1752868657.6270 6.8833 0.7405 0.1184 0.0000 -0.0079 0.1617 0.9868
1752868657.7279 6.9245 0.7204 0.1181 -0.0002 -0.0080 0.1665 0.9860
1752868657.8287 6.9254 0.7368 0.1190 -0.0006 -0.0082 0.1724 0.9850
1752868657.9296 6.8822 0.8013 0.1176 -0.0008 -0.0084 0.1774 0.9841
1752868658.0305 6.8950 0.8236 0.1125 -0.0007 -0.0084 0.1824 0.9832
1752868658.1313 6.9117 0.8203 0.1075 -0.0003 -0.0082 0.1869 0.9823
1752868658.2322 6.9282 0.8260 0.1054 -0.0002 -0.0081 0.1892 0.9819
1752868658.3330 6.9912 0.7979 0.1136 -0.0005 -0.0083 0.1938 0.9810
1752868658.4339 6.9732 0.8094 0.1179 -0.0010 -0.0084 0.2007 0.9796
1752868658.5348 6.8866 0.8981 0.1136 -0.0008 -0.0084 0.2045 0.9788
1752868658.6356 6.8960 0.8964 0.1088 -0.0005 -0.0083 0.2067 0.9784
1752868658.7365 6.9618 0.8466 0.1147 -0.0006 -0.0082 0.2105 0.9776
1752868658.8373 6.9459 0.8693 0.1164 -0.0008 -0.0083 0.2132 0.9770
1752868658.9382 6.9324 0.8942 0.1158 -0.0009 -0.0084 0.2149 0.9766
1752868659.0391 6.9187 0.9183 0.1163 -0.0009 -0.0084 0.2153 0.9765
1752868659.1399 6.9155 0.9011 0.1119 -0.0007 -0.0084 0.2124 0.9771
1752868659.2408 6.9515 0.8419 0.1114 -0.0006 -0.0084 0.2092 0.9778
1752868659.3416 6.9770 0.7981 0.1100 -0.0007 -0.0083 0.2082 0.9780
1752868659.4425 6.9825 0.8120 0.1097 -0.0008 -0.0083 0.2098 0.9777
1752868659.5434 6.9369 0.8793 0.1167 -0.0009 -0.0083 0.2127 0.9771
1752868659.6442 6.8991 0.9241 0.1156 -0.0008 -0.0083 0.2143 0.9767
1752868659.7451 6.9106 0.9076 0.1083 -0.0006 -0.0083 0.2136 0.9769
1752868659.8459 6.9600 0.8380 0.1068 -0.0006 -0.0084 0.2114 0.9774
1752868659.9468 6.9837 0.8037 0.1101 -0.0007 -0.0084 0.2097 0.9777
1752868660.0477 6.9757 0.8249 0.1147 -0.0007 -0.0084 0.2101 0.9776
1752868660.1485 6.9409 0.8710 0.1140 -0.0007 -0.0084 0.2116 0.9773
1752868660.2494 6.9145 0.9066 0.1110 -0.0007 -0.0084 0.2129 0.9770
1752868660.3502 6.9164 0.8973 0.1068 -0.0006 -0.0083 0.2127 0.9771
1752868660.4511 6.9441 0.8621 0.1079 -0.0007 -0.0083 0.2115 0.9774
1752868660.5520 6.9715 0.8307 0.1139 -0.0007 -0.0084 0.2103 0.9776
1752868660.6528 6.9693 0.8344 0.1152 -0.0007 -0.0084 0.2105 0.9776
1752868660.7537 6.9511 0.8659 0.1135 -0.0007 -0.0084 0.2115 0.9773
1752868660.8545 6.9329 0.8867 0.1069 -0.0007 -0.0083 0.2125 0.9771
1752868660.9554 6.9355 0.8673 0.1061 -0.0007 -0.0083 0.2126 0.9771
1752868661.0563 6.9542 0.8506 0.1120 -0.0008 -0.0083 0.2115 0.9773
1752868661.1571 6.9634 0.8471 0.1157 -0.0008 -0.0084 0.2106 0.9775
1752868661.2580 6.9568 0.8557 0.1125 -0.0007 -0.0084 0.2106 0.9775
1752868661.3588 6.9571 0.8479 0.1109 -0.0007 -0.0084 0.2120 0.9772
1752868661.4597 6.9454 0.8673 0.1103 -0.0007 -0.0083 0.2130 0.9770
1752868661.5606 6.9413 0.8694 0.1126 -0.0008 -0.0083 0.2128 0.9771
1752868661.6614 6.9535 0.8500 0.1162 -0.0008 -0.0083 0.2118 0.9773
1752868661.7623 6.9579 0.8360 0.1155 -0.0008 -0.0084 0.2110 0.9774
1752868661.8631 6.9608 0.8482 0.1111 -0.0007 -0.0084 0.2105 0.9776
1752868661.9640 6.9670 0.8802 0.1070 -0.0006 -0.0085 0.2094 0.9778
1752868662.0649 6.9690 0.8894 0.1062 -0.0006 -0.0084 0.2073 0.9782
1752868662.1657 6.9906 0.8968 0.1094 -0.0006 -0.0084 0.2048 0.9788
1752868662.2666 7.0345 0.8929 0.1131 -0.0007 -0.0084 0.2014 0.9795
1752868662.3674 7.0689 0.9006 0.1158 -0.0006 -0.0085 0.1975 0.9803
1752868662.4683 7.1035 0.8740 0.1163 -0.0006 -0.0085 0.1938 0.9810
1752868662.5692 7.1457 0.8642 0.1156 -0.0006 -0.0085 0.1901 0.9817
1752868662.6700 7.1665 0.8977 0.1155 -0.0005 -0.0086 0.1864 0.9824
1752868662.7709 7.1811 0.9423 0.1215 -0.0005 -0.0086 0.1840 0.9829
1752868662.8717 7.2080 0.9623 0.1204 -0.0005 -0.0086 0.1833 0.9830
1752868662.9726 7.2602 0.9732 0.1200 -0.0004 -0.0087 0.1846 0.9828
1752868663.0735 7.3001 0.9608 0.1105 -0.0004 -0.0087 0.1848 0.9827
1752868663.1743 7.3230 0.9655 0.1053 -0.0004 -0.0088 0.1840 0.9829
1752868663.2752 7.3478 0.9900 0.1084 -0.0004 -0.0089 0.1827 0.9831
1752868663.3760 7.3863 1.0130 0.1158 -0.0004 -0.0090 0.1813 0.9834
1752868663.4769 7.4390 1.0256 0.1192 -0.0004 -0.0090 0.1802 0.9836
1752868663.5778 7.4804 1.0186 0.1272 -0.0005 -0.0090 0.1786 0.9839
1752868663.6786 7.5285 1.0284 0.1341 -0.0005 -0.0090 0.1767 0.9842
1752868663.7795 7.5796 1.0914 0.1294 -0.0003 -0.0092 0.1746 0.9846
1752868663.8803 7.6302 1.1739 0.1198 -0.0001 -0.0094 0.1732 0.9848
1752868663.9812 7.6490 1.2084 0.1204 -0.0002 -0.0095 0.1734 0.9848
1752868664.0821 7.6883 1.2225 0.1248 -0.0003 -0.0096 0.1746 0.9846
1752868664.1829 7.7433 1.2374 0.1273 -0.0003 -0.0096 0.1772 0.9841
1752868664.2838 7.7889 1.2764 0.1255 -0.0003 -0.0097 0.1797 0.9837
1752868664.3846 7.8534 1.3064 0.1230 -0.0002 -0.0098 0.1817 0.9833
1752868664.4855 7.9349 1.3176 0.1284 -0.0002 -0.0099 0.1820 0.9832
1752868664.5864 8.0068 1.3064 0.1308 -0.0001 -0.0099 0.1802 0.9836
1752868664.6872 8.0550 1.3043 0.1358 -0.0001 -0.0099 0.1754 0.9845
1752868664.7881 8.0684 1.3209 0.1443 0.0000 -0.0099 0.1689 0.9856
1752868664.8889 8.1150 1.3453 0.1526 0.0001 -0.0099 0.1623 0.9867
1752868664.9898 8.1892 1.3702 0.1510 0.0001 -0.0101 0.1572 0.9875
1752868665.0907 8.2459 1.3979 0.1456 0.0002 -0.0101 0.1540 0.9880
1752868665.1915 8.2863 1.4168 0.1549 0.0001 -0.0101 0.1529 0.9882
1752868665.2924 8.3325 1.4448 0.1690 0.0001 -0.0100 0.1519 0.9883
1752868665.3932 8.4054 1.4651 0.1762 -0.0001 -0.0101 0.1511 0.9885
1752868665.4941 8.4403 1.4801 0.1697 -0.0001 -0.0102 0.1521 0.9883
1752868665.5950 8.4599 1.5194 0.1626 0.0001 -0.0103 0.1538 0.9881
1752868665.6958 8.4948 1.5361 0.1591 0.0003 -0.0102 0.1561 0.9877
1752868665.7967 8.5595 1.5691 0.1679 0.0003 -0.0103 0.1593 0.9872
1752868665.8975 8.6212 1.6076 0.1776 0.0002 -0.0104 0.1636 0.9865
1752868665.9984 8.6620 1.6328 0.1829 -0.0000 -0.0105 0.1683 0.9857
1752868666.0993 8.6838 1.6303 0.1810 -0.0003 -0.0105 0.1733 0.9848
1752868666.2001 8.7078 1.6664 0.1803 -0.0002 -0.0105 0.1780 0.9840
1752868666.3010 8.7561 1.7107 0.1823 0.0000 -0.0105 0.1827 0.9831
1752868666.4018 8.8203 1.7280 0.1831 0.0000 -0.0106 0.1853 0.9826
1752868666.5027 8.8565 1.7475 0.1849 -0.0002 -0.0107 0.1878 0.9821
1752868666.6036 8.8706 1.8043 0.1875 -0.0003 -0.0107 0.1905 0.9816
1752868666.7044 8.9041 1.8635 0.1972 -0.0004 -0.0108 0.1949 0.9808
1752868666.8053 8.9669 1.8984 0.2049 -0.0003 -0.0109 0.2000 0.9797
1752868666.9061 9.0297 1.8792 0.2033 -0.0003 -0.0110 0.2050 0.9787
1752868667.0070 9.0648 1.8872 0.1935 -0.0002 -0.0110 0.2084 0.9780
1752868667.1079 9.0859 1.9370 0.1899 -0.0004 -0.0111 0.2119 0.9772
1752868667.2087 9.1218 2.0049 0.1922 -0.0005 -0.0112 0.2134 0.9769
1752868667.3096 9.1840 2.0173 0.2006 -0.0004 -0.0113 0.2115 0.9773
1752868667.4104 9.2263 2.0108 0.2107 -0.0002 -0.0114 0.2048 0.9787
1752868667.5113 9.2731 1.9938 0.2150 -0.0001 -0.0113 0.1947 0.9808
1752868667.6122 9.3149 2.0030 0.2098 -0.0001 -0.0114 0.1834 0.9830
1752868667.7130 9.3579 2.0440 0.2103 -0.0002 -0.0116 0.1726 0.9849
1752868667.8139 9.4247 2.0567 0.2085 -0.0000 -0.0117 0.1644 0.9863
1752868667.9147 9.4871 2.0513 0.2133 0.0001 -0.0117 0.1580 0.9874
1752868668.0156 9.5049 2.0172 0.2253 0.0001 -0.0116 0.1508 0.9885
1752868668.1165 9.5117 1.9833 0.2336 0.0003 -0.0115 0.1406 0.9900
1752868668.2173 9.5305 2.0046 0.2360 0.0005 -0.0115 0.1273 0.9918
1752868668.3182 9.6073 2.0365 0.2242 0.0006 -0.0118 0.1137 0.9934
1752868668.4190 9.6831 2.0170 0.2157 0.0007 -0.0120 0.1015 0.9948
1752868668.5199 9.7140 1.9766 0.2165 0.0008 -0.0120 0.0896 0.9959
1752868668.6208 9.7368 1.9700 0.2212 0.0010 -0.0121 0.0782 0.9969
1752868668.7216 9.7855 1.9781 0.2376 0.0010 -0.0120 0.0692 0.9975
1752868668.8225 9.8465 1.9869 0.2423 0.0011 -0.0121 0.0616 0.9980
1752868668.9233 9.8979 1.9993 0.2403 0.0012 -0.0122 0.0566 0.9983
1752868669.0242 9.9450 1.9969 0.2368 0.0012 -0.0124 0.0533 0.9985
1752868669.1251 9.9702 1.9998 0.2387 0.0013 -0.0124 0.0518 0.9986
1752868669.2259 10.0016 2.0097 0.2385 0.0014 -0.0125 0.0508 0.9986
1752868669.3268 10.0372 2.0088 0.2366 0.0014 -0.0125 0.0488 0.9987
1752868669.4276 10.0688 2.0266 0.2325 0.0014 -0.0126 0.0450 0.9989
1752868669.5285 10.1181 2.0199 0.2378 0.0014 -0.0127 0.0383 0.9992
1752868669.6294 10.1993 1.9954 0.2427 0.0016 -0.0129 0.0282 0.9995
1752868669.7302 10.2558 1.9537 0.2407 0.0017 -0.0130 0.0156 0.9998
1752868669.8311 10.2967 1.9230 0.2450 0.0019 -0.0129 -0.0002 0.9999
1752868669.9319 10.3408 1.9186 0.2459 0.0022 -0.0128 -0.0184 0.9997
1752868670.0328 10.4016 1.8970 0.2449 0.0025 -0.0128 -0.0384 0.9992
1752868670.1337 10.4556 1.8190 0.2578 0.0025 -0.0129 -0.0586 0.9982
1752868670.2345 10.4940 1.7303 0.2637 0.0025 -0.0129 -0.0786 0.9968
1752868670.3354 10.5329 1.6707 0.2650 0.0027 -0.0129 -0.0984 0.9951
1752868670.4362 10.5764 1.6810 0.2663 0.0033 -0.0127 -0.1173 0.9930
1752868670.5371 10.6470 1.6621 0.2677 0.0036 -0.0126 -0.1324 0.9911
1752868670.6380 10.7069 1.6191 0.2719 0.0036 -0.0128 -0.1439 0.9895
1752868670.7388 10.7604 1.5538 0.2811 0.0036 -0.0127 -0.1519 0.9883
1752868670.8397 10.7900 1.5325 0.2873 0.0037 -0.0124 -0.1582 0.9873
1752868670.9405 10.8403 1.5213 0.2768 0.0038 -0.0126 -0.1635 0.9865
1752868671.0414 10.9201 1.4888 0.2792 0.0038 -0.0129 -0.1681 0.9857
1752868671.1423 10.9874 1.4743 0.3000 0.0039 -0.0130 -0.1728 0.9849
1752868671.2431 11.0446 1.4491 0.3130 0.0038 -0.0131 -0.1780 0.9839
1752868671.3440 11.0991 1.4298 0.3103 0.0037 -0.0131 -0.1845 0.9827
1752868671.4448 11.1610 1.3943 0.3050 0.0037 -0.0132 -0.1916 0.9814
1752868671.5457 11.2299 1.3416 0.3034 0.0039 -0.0132 -0.1974 0.9802
1752868671.6466 11.2979 1.3034 0.3049 0.0040 -0.0132 -0.2008 0.9795
1752868671.7474 11.3489 1.2807 0.3274 0.0039 -0.0131 -0.2020 0.9793
1752868671.8483 11.3884 1.2847 0.3365 0.0037 -0.0133 -0.2019 0.9793
1752868671.9491 11.4424 1.2857 0.3327 0.0037 -0.0136 -0.2008 0.9795
1752868672.0500 11.5012 1.2735 0.3295 0.0038 -0.0136 -0.1997 0.9798
1752868672.1509 11.5633 1.2500 0.3288 0.0038 -0.0135 -0.1991 0.9799
1752868672.2517 11.6295 1.2364 0.3359 0.0036 -0.0136 -0.1994 0.9798
1752868672.3526 11.6772 1.2327 0.3467 0.0036 -0.0137 -0.2017 0.9794
1752868672.4534 11.7197 1.2005 0.3465 0.0038 -0.0137 -0.2056 0.9785
1752868672.5543 11.7701 1.1584 0.3454 0.0039 -0.0138 -0.2093 0.9777
1752868672.6552 11.8127 1.1252 0.3515 0.0038 -0.0137 -0.2113 0.9773
1752868672.7560 11.8518 1.1223 0.3608 0.0037 -0.0137 -0.2115 0.9773
1752868672.8569 11.9056 1.1174 0.3633 0.0036 -0.0139 -0.2112 0.9773
1752868672.9577 11.9409 1.0963 0.3666 0.0036 -0.0140 -0.2108 0.9774
1752868673.0586 11.9905 1.0695 0.3704 0.0036 -0.0140 -0.2094 0.9777
1752868673.1595 12.0412 1.0605 0.3736 0.0036 -0.0140 -0.2066 0.9783
1752868673.2603 12.0773 1.0667 0.3784 0.0034 -0.0141 -0.2032 0.9790
1752868673.3612 12.1239 1.0662 0.3890 0.0033 -0.0142 -0.2000 0.9797
1752868673.4620 12.1599 1.0587 0.3943 0.0032 -0.0143 -0.1965 0.9804
1752868673.5629 12.2057 1.0524 0.3993 0.0032 -0.0143 -0.1919 0.9813
1752868673.6638 12.2230 1.0470 0.3993 0.0031 -0.0143 -0.1844 0.9827
1752868673.7646 12.2767 1.0470 0.3925 0.0031 -0.0144 -0.1743 0.9846
1752868673.8655 12.3630 1.0568 0.3952 0.0030 -0.0144 -0.1639 0.9864
1752868673.9663 12.4371 1.0706 0.4035 0.0028 -0.0145 -0.1550 0.9878
1752868674.0672 12.4682 1.0568 0.4101 0.0026 -0.0145 -0.1487 0.9888
1752868674.1681 12.5018 1.0500 0.4153 0.0024 -0.0146 -0.1464 0.9891
1752868674.2689 12.5678 1.0103 0.4227 0.0023 -0.0146 -0.1484 0.9888
1752868674.3698 12.6419 0.9885 0.4270 0.0026 -0.0146 -0.1544 0.9879
1752868674.4706 12.7076 0.9863 0.4220 0.0028 -0.0147 -0.1633 0.9865
1752868674.5715 12.7326 0.9554 0.4206 0.0030 -0.0146 -0.1730 0.9848
1752868674.6724 12.7720 0.8837 0.4330 0.0030 -0.0145 -0.1827 0.9831
1752868674.7732 12.8291 0.8271 0.4528 0.0029 -0.0145 -0.1918 0.9813
1752868674.8741 12.8835 0.8045 0.4587 0.0029 -0.0147 -0.2003 0.9796
1752868674.9749 12.9275 0.8126 0.4624 0.0031 -0.0148 -0.2074 0.9781
1752868675.0758 12.9792 0.8098 0.4635 0.0032 -0.0149 -0.2118 0.9772
1752868675.1767 13.0506 0.7908 0.4684 0.0031 -0.0150 -0.2149 0.9765
1752868675.2775 13.1066 0.7659 0.4762 0.0030 -0.0150 -0.2152 0.9765
1752868675.3784 13.1373 0.7375 0.4831 0.0029 -0.0150 -0.2145 0.9766
1752868675.4792 13.1717 0.7047 0.4826 0.0030 -0.0150 -0.2146 0.9766
1752868675.5801 13.2321 0.6720 0.4913 0.0030 -0.0152 -0.2164 0.9762
1752868675.6810 13.3023 0.6730 0.4989 0.0030 -0.0152 -0.2198 0.9754
1752868675.7818 13.3657 0.6714 0.5090 0.0029 -0.0152 -0.2219 0.9750
1752868675.8827 13.3982 0.6344 0.5085 0.0029 -0.0152 -0.2219 0.9749
1752868675.9835 13.4372 0.6103 0.5163 0.0029 -0.0151 -0.2223 0.9749
1752868676.0844 13.5170 0.5724 0.5189 0.0029 -0.0153 -0.2230 0.9747
1752868676.1853 13.5986 0.5584 0.5203 0.0029 -0.0155 -0.2245 0.9743
1752868676.2861 13.6745 0.5522 0.5249 0.0028 -0.0158 -0.2258 0.9740
1752868676.3870 13.7002 0.5378 0.5282 0.0027 -0.0157 -0.2252 0.9742
1752868676.4878 13.7340 0.5264 0.5318 0.0026 -0.0156 -0.2235 0.9746
1752868676.5887 13.7809 0.5055 0.5348 0.0025 -0.0157 -0.2210 0.9751
1752868676.6896 13.8470 0.4919 0.5439 0.0024 -0.0159 -0.2170 0.9760
1752868676.7904 13.9191 0.5007 0.5515 0.0024 -0.0160 -0.2122 0.9771
1752868676.8913 13.9819 0.5354 0.5469 0.0022 -0.0159 -0.2074 0.9781
1752868676.9921 14.0361 0.5270 0.5489 0.0020 -0.0159 -0.2018 0.9793
1752868677.0930 14.0917 0.4855 0.5580 0.0018 -0.0158 -0.1971 0.9803
1752868677.1939 14.1235 0.4463 0.5659 0.0019 -0.0159 -0.1928 0.9811
1752868677.2947 14.1723 0.4166 0.5624 0.0020 -0.0160 -0.1913 0.9814
1752868677.3956 14.2150 0.4268 0.5571 0.0020 -0.0161 -0.1916 0.9813
1752868677.4964 14.2716 0.4417 0.5564 0.0018 -0.0162 -0.1924 0.9812
1752868677.5973 14.3010 0.4387 0.5591 0.0019 -0.0161 -0.1931 0.9810
1752868677.6981 14.2927 0.3998 0.5639 0.0019 -0.0160 -0.1944 0.9808
1752868677.7990 14.2934 0.3389 0.5824 0.0018 -0.0160 -0.1991 0.9798
1752868677.8999 14.3236 0.2940 0.5875 0.0020 -0.0160 -0.2089 0.9778
1752868678.0007 14.3889 0.2699 0.5733 0.0024 -0.0160 -0.2222 0.9749
1752868678.1016 14.4185 0.2596 0.5621 0.0028 -0.0159 -0.2359 0.9716
1752868678.2025 14.3899 0.2368 0.5691 0.0029 -0.0156 -0.2496 0.9682
1752868678.3033 14.3517 0.2155 0.5736 0.0032 -0.0153 -0.2627 0.9647
1752868678.4042 14.3607 0.1671 0.5778 0.0037 -0.0152 -0.2767 0.9608
1752868678.5050 14.4017 0.1411 0.5747 0.0040 -0.0154 -0.2901 0.9569
1752868678.6059 14.4330 0.1276 0.5741 0.0039 -0.0157 -0.3014 0.9534
1752868678.7067 14.4307 0.1092 0.5725 0.0037 -0.0157 -0.3100 0.9506
1752868678.8076 14.4057 0.0830 0.5749 0.0037 -0.0156 -0.3163 0.9485
1752868678.9085 14.3968 0.0572 0.5792 0.0040 -0.0154 -0.3219 0.9466
1752868679.0093 14.4005 0.0295 0.5762 0.0043 -0.0153 -0.3273 0.9448
1752868679.1102 14.4328 0.0398 0.5705 0.0044 -0.0154 -0.3311 0.9434
1752868679.2110 14.4608 0.0473 0.5708 0.0043 -0.0154 -0.3299 0.9439
1752868679.3119 14.4740 0.0689 0.5811 0.0039 -0.0155 -0.3231 0.9462
1752868679.4128 14.4891 0.0681 0.5821 0.0037 -0.0156 -0.3129 0.9496
1752868679.5136 14.5349 0.0331 0.5832 0.0038 -0.0156 -0.3023 0.9531
1752868679.6145 14.5815 0.0409 0.5857 0.0038 -0.0156 -0.2923 0.9562
1752868679.7153 14.6106 0.0792 0.5870 0.0036 -0.0157 -0.2826 0.9591
1752868679.8162 14.6550 0.0968 0.5831 0.0035 -0.0157 -0.2713 0.9624
1752868679.9171 14.6885 0.0845 0.5849 0.0034 -0.0155 -0.2587 0.9658
1752868680.0179 14.7230 0.0503 0.5930 0.0031 -0.0156 -0.2469 0.9689
1752868680.1188 14.7806 0.0446 0.5973 0.0029 -0.0158 -0.2395 0.9708
1752868680.2196 14.8464 0.0325 0.5911 0.0028 -0.0160 -0.2363 0.9716
1752868680.3205 14.8963 0.0362 0.5924 0.0026 -0.0161 -0.2368 0.9714
1752868680.4214 14.9535 0.0123 0.5952 0.0026 -0.0161 -0.2387 0.9709
1752868680.5222 14.9863 -0.0227 0.5975 0.0029 -0.0160 -0.2422 0.9701
1752868680.6231 15.0302 -0.0586 0.6089 0.0033 -0.0158 -0.2492 0.9683
1752868680.7239 15.0696 -0.0990 0.6058 0.0036 -0.0157 -0.2590 0.9657
1752868680.8248 15.1146 -0.1631 0.6024 0.0035 -0.0159 -0.2709 0.9625
1752868680.9257 15.2031 -0.2275 0.5997 0.0033 -0.0160 -0.2834 0.9589
1752868681.0265 15.2832 -0.2947 0.6162 0.0035 -0.0158 -0.2938 0.9557
1752868681.1274 15.2921 -0.3095 0.6211 0.0041 -0.0156 -0.3019 0.9532
1752868681.2282 15.3010 -0.3397 0.6265 0.0044 -0.0156 -0.3077 0.9513
1752868681.3291 15.3365 -0.3869 0.6202 0.0043 -0.0157 -0.3126 0.9497
1752868681.4300 15.3875 -0.4394 0.6211 0.0041 -0.0157 -0.3182 0.9479
1752868681.5308 15.4503 -0.4491 0.6330 0.0042 -0.0157 -0.3239 0.9460
1752868681.6317 15.5093 -0.4663 0.6428 0.0044 -0.0155 -0.3290 0.9442
1752868681.7325 15.5511 -0.5121 0.6445 0.0046 -0.0156 -0.3322 0.9431
1752868681.8334 15.5971 -0.5785 0.6532 0.0044 -0.0158 -0.3346 0.9422
1752868681.9343 15.6190 -0.6337 0.6582 0.0042 -0.0159 -0.3367 0.9415
1752868682.0351 15.6586 -0.6279 0.6484 0.0043 -0.0158 -0.3396 0.9404
1752868682.1360 15.7273 -0.6556 0.6418 0.0045 -0.0156 -0.3443 0.9387
1752868682.2368 15.7727 -0.6843 0.6507 0.0046 -0.0155 -0.3506 0.9364
1752868682.3377 15.8114 -0.7342 0.6596 0.0047 -0.0156 -0.3585 0.9334
1752868682.4386 15.8360 -0.7848 0.6683 0.0048 -0.0156 -0.3668 0.9301
1752868682.5394 15.8484 -0.8433 0.6680 0.0049 -0.0156 -0.3728 0.9278
1752868682.6403 15.8596 -0.8849 0.6546 0.0050 -0.0156 -0.3767 0.9262
1752868682.7411 15.8799 -0.9197 0.6579 0.0049 -0.0156 -0.3806 0.9246
1752868682.8420 15.9136 -0.9205 0.6593 0.0051 -0.0155 -0.3845 0.9230
1752868682.9429 15.9749 -0.9491 0.6633 0.0051 -0.0154 -0.3879 0.9216
1752868683.0437 16.0171 -1.0094 0.6645 0.0050 -0.0154 -0.3895 0.9209
1752868683.1446 16.0469 -1.0643 0.6784 0.0050 -0.0154 -0.3912 0.9201
1752868683.2454 16.0548 -1.0741 0.6851 0.0049 -0.0155 -0.3938 0.9191
1752868683.3463 16.0529 -1.0769 0.6915 0.0049 -0.0156 -0.3967 0.9178
1752868683.4472 16.0995 -1.1087 0.6915 0.0051 -0.0154 -0.4006 0.9161
1752868683.5480 16.1673 -1.1576 0.6885 0.0053 -0.0152 -0.4053 0.9140
1752868683.6489 16.1732 -1.1712 0.6889 0.0054 -0.0153 -0.4117 0.9112
1752868683.7497 16.1608 -1.2387 0.7012 0.0053 -0.0155 -0.4164 0.9090
1752868683.8506 16.2001 -1.2896 0.7077 0.0053 -0.0155 -0.4197 0.9075
1752868683.9515 16.2717 -1.3331 0.7120 0.0054 -0.0154 -0.4225 0.9062
1752868684.0523 16.3204 -1.3724 0.7128 0.0052 -0.0155 -0.4251 0.9050
1752868684.1532 16.3499 -1.4161 0.7088 0.0053 -0.0155 -0.4280 0.9036
1752868684.2540 16.3600 -1.4510 0.7001 0.0056 -0.0152 -0.4305 0.9024
1752868684.3549 16.3859 -1.5141 0.6908 0.0058 -0.0150 -0.4329 0.9013
1752868684.4558 16.4147 -1.5484 0.6917 0.0059 -0.0151 -0.4364 0.8996
1752868684.5566 16.4506 -1.5868 0.6942 0.0059 -0.0152 -0.4398 0.8979
1752868684.6575 16.4851 -1.6259 0.7014 0.0058 -0.0154 -0.4425 0.8966
1752868684.7583 16.5032 -1.6732 0.7084 0.0057 -0.0151 -0.4446 0.8956
1752868684.8592 16.5497 -1.7296 0.7189 0.0058 -0.0150 -0.4468 0.8945
1752868684.9601 16.5899 -1.7894 0.7193 0.0058 -0.0152 -0.4497 0.8931
1752868685.0609 16.6070 -1.8274 0.7101 0.0059 -0.0151 -0.4535 0.8911
1752868685.1618 16.6394 -1.8578 0.6979 0.0062 -0.0150 -0.4583 0.8886
1752868685.2626 16.6363 -1.8790 0.7067 0.0064 -0.0152 -0.4638 0.8858
1752868685.3635 16.6433 -1.9012 0.7239 0.0062 -0.0152 -0.4703 0.8824
1752868685.4644 16.6750 -1.9605 0.7292 0.0061 -0.0151 -0.4770 0.8788
1752868685.5652 16.7152 -2.0145 0.7196 0.0064 -0.0150 -0.4835 0.8752
1752868685.6661 16.7399 -2.0650 0.7177 0.0066 -0.0150 -0.4892 0.8720
1752868685.7669 16.7767 -2.1312 0.7240 0.0064 -0.0151 -0.4941 0.8693
1752868685.8678 16.8048 -2.1559 0.7343 0.0064 -0.0150 -0.4984 0.8668
1752868685.9687 16.8235 -2.1708 0.7372 0.0065 -0.0149 -0.5023 0.8646
1752868686.0695 16.8431 -2.2152 0.7346 0.0067 -0.0150 -0.5049 0.8630
1752868686.1704 16.8549 -2.2634 0.7416 0.0066 -0.0151 -0.5064 0.8622
1752868686.2712 16.8746 -2.3301 0.7471 0.0064 -0.0151 -0.5078 0.8613
1752868686.3721 16.9122 -2.3655 0.7514 0.0064 -0.0149 -0.5100 0.8600
1752868686.4730 16.9318 -2.4081 0.7436 0.0065 -0.0149 -0.5114 0.8592
1752868686.5738 16.9627 -2.4426 0.7252 0.0067 -0.0146 -0.5120 0.8589
1752868686.6747 16.9997 -2.4763 0.7145 0.0068 -0.0146 -0.5120 0.8589
1752868686.7755 17.0425 -2.5170 0.7178 0.0068 -0.0147 -0.5119 0.8589
1752868686.8764 17.0509 -2.5815 0.7342 0.0066 -0.0147 -0.5124 0.8586
1752868686.9773 17.0828 -2.6427 0.7449 0.0065 -0.0146 -0.5124 0.8586
1752868687.0781 17.1132 -2.6757 0.7511 0.0064 -0.0147 -0.5129 0.8583
1752868687.1790 17.1581 -2.7231 0.7493 0.0065 -0.0148 -0.5144 0.8574
1752868687.2798 17.1906 -2.7727 0.7474 0.0065 -0.0150 -0.5164 0.8562
1752868687.3807 17.2075 -2.8384 0.7538 0.0064 -0.0151 -0.5181 0.8551
1752868687.4816 17.2295 -2.9052 0.7602 0.0063 -0.0147 -0.5201 0.8539
1752868687.5824 17.2806 -2.9674 0.7765 0.0062 -0.0145 -0.5238 0.8517
1752868687.6833 17.3102 -3.0058 0.7813 0.0062 -0.0144 -0.5276 0.8493
1752868687.7841 17.3259 -3.0424 0.7602 0.0066 -0.0144 -0.5314 0.8470
1752868687.8850 17.3403 -3.0874 0.7492 0.0068 -0.0147 -0.5338 0.8454
1752868687.9859 17.3522 -3.1548 0.7764 0.0065 -0.0150 -0.5356 0.8443
1752868688.0867 17.4003 -3.2123 0.8030 0.0061 -0.0152 -0.5370 0.8434
1752868688.1876 17.4610 -3.2850 0.7906 0.0061 -0.0151 -0.5383 0.8426
1752868688.2884 17.5036 -3.3477 0.7671 0.0066 -0.0147 -0.5395 0.8419
1752868688.3893 17.5304 -3.3751 0.7572 0.0068 -0.0145 -0.5403 0.8413
1752868688.4902 17.5345 -3.3983 0.7675 0.0066 -0.0147 -0.5398 0.8416
1752868688.5910 17.5464 -3.4603 0.7909 0.0060 -0.0150 -0.5376 0.8430
1752868688.6919 17.5901 -3.5488 0.8098 0.0056 -0.0152 -0.5363 0.8439
1752868688.7927 17.6524 -3.6107 0.8068 0.0061 -0.0146 -0.5362 0.8439
1752868688.8936 17.7152 -3.6169 0.7834 0.0068 -0.0143 -0.5368 0.8436
1752868688.9945 17.7484 -3.6531 0.7593 0.0072 -0.0146 -0.5362 0.8439
1752868689.0953 17.7501 -3.7271 0.7699 0.0064 -0.0152 -0.5346 0.8449
1752868689.1962 17.7327 -3.7938 0.7981 0.0056 -0.0153 -0.5327 0.8462
1752868689.2970 17.7533 -3.8412 0.8154 0.0054 -0.0150 -0.5309 0.8473
1752868689.3979 17.8307 -3.8856 0.7883 0.0062 -0.0146 -0.5297 0.8481
1752868689.4988 17.9035 -3.9206 0.7702 0.0066 -0.0146 -0.5287 0.8486
1752868689.5996 17.9251 -3.9508 0.7529 0.0066 -0.0146 -0.5272 0.8496
1752868689.7005 17.9297 -4.0088 0.7691 0.0060 -0.0145 -0.5243 0.8514
1752868689.8013 17.9445 -4.0366 0.8013 0.0054 -0.0148 -0.5216 0.8530
1752868689.9022 17.9588 -4.0778 0.8088 0.0054 -0.0147 -0.5203 0.8538
1752868690.0031 18.0004 -4.1263 0.7903 0.0057 -0.0147 -0.5207 0.8536
1752868690.1039 18.0396 -4.1753 0.7761 0.0063 -0.0145 -0.5212 0.8533
1752868690.2048 18.0730 -4.2030 0.7722 0.0063 -0.0145 -0.5218 0.8529
1752868690.3056 18.0980 -4.2555 0.7849 0.0058 -0.0148 -0.5214 0.8531
1752868690.4065 18.1134 -4.3313 0.7996 0.0054 -0.0150 -0.5197 0.8542
1752868690.5074 18.1375 -4.3804 0.8066 0.0053 -0.0151 -0.5172 0.8557
1752868690.6082 18.1767 -4.4026 0.8072 0.0055 -0.0150 -0.5154 0.8568
1752868690.7091 18.2123 -4.4296 0.7967 0.0058 -0.0147 -0.5140 0.8576
1752868690.8099 18.2418 -4.4597 0.7864 0.0059 -0.0144 -0.5121 0.8588
1752868690.9108 18.2822 -4.4616 0.7835 0.0058 -0.0142 -0.5101 0.8600
1752868691.0117 18.3170 -4.4978 0.7896 0.0055 -0.0145 -0.5083 0.8610
1752868691.1125 18.3400 -4.5583 0.8041 0.0052 -0.0146 -0.5081 0.8612
1752868691.2134 18.3527 -4.6294 0.7993 0.0052 -0.0146 -0.5097 0.8602
1752868691.3142 18.3478 -4.6474 0.7950 0.0055 -0.0144 -0.5148 0.8572
1752868691.4151 18.3756 -4.6568 0.7940 0.0059 -0.0143 -0.5214 0.8532
1752868691.5160 18.4069 -4.6885 0.8067 0.0057 -0.0142 -0.5285 0.8488
1752868691.6168 18.4319 -4.7720 0.8131 0.0053 -0.0141 -0.5352 0.8446
1752868691.7177 18.4305 -4.8549 0.8139 0.0054 -0.0142 -0.5408 0.8410
1752868691.8185 18.4448 -4.9107 0.8272 0.0055 -0.0148 -0.5452 0.8381
1752868691.9194 18.4576 -4.9457 0.8333 0.0057 -0.0148 -0.5490 0.8356
1752868692.0203 18.4757 -4.9774 0.8198 0.0059 -0.0138 -0.5516 0.8340
1752868692.1211 18.4932 -5.0090 0.8012 0.0060 -0.0131 -0.5527 0.8333
1752868692.2220 18.5224 -5.0441 0.7917 0.0060 -0.0134 -0.5512 0.8342
1752868692.3228 18.5345 -5.0739 0.8188 0.0054 -0.0139 -0.5487 0.8359
1752868692.4237 18.5326 -5.0913 0.8461 0.0052 -0.0146 -0.5462 0.8375
1752868692.5246 18.5531 -5.1005 0.8511 0.0052 -0.0146 -0.5449 0.8384
1752868692.6254 18.5890 -5.1187 0.8368 0.0056 -0.0137 -0.5436 0.8392
1752868692.7263 18.6284 -5.1652 0.8186 0.0055 -0.0135 -0.5407 0.8411
1752868692.8271 18.6377 -5.2202 0.8012 0.0055 -0.0139 -0.5360 0.8441
1752868692.9280 18.6560 -5.2583 0.8160 0.0055 -0.0138 -0.5293 0.8483
1752868693.0289 18.6851 -5.2779 0.8234 0.0055 -0.0139 -0.5222 0.8527
1752868693.1297 18.7273 -5.2880 0.8328 0.0050 -0.0142 -0.5153 0.8569
1752868693.2306 18.7561 -5.2927 0.8287 0.0046 -0.0141 -0.5102 0.8599
1752868693.3314 18.7678 -5.3143 0.8179 0.0047 -0.0142 -0.5085 0.8609
1752868693.4323 18.7965 -5.3627 0.8003 0.0052 -0.0142 -0.5092 0.8605
1752868693.5332 18.8385 -5.4272 0.8076 0.0054 -0.0143 -0.5098 0.8601
1752868693.6340 18.8798 -5.4686 0.8280 0.0049 -0.0145 -0.5107 0.8596
1752868693.7349 18.8993 -5.5165 0.8375 0.0045 -0.0143 -0.5120 0.8589
1752868693.8357 18.9169 -5.5699 0.8232 0.0048 -0.0145 -0.5145 0.8573
1752868693.9366 18.9256 -5.6098 0.8358 0.0047 -0.0144 -0.5175 0.8556
1752868694.0375 18.9609 -5.6733 0.8572 0.0043 -0.0142 -0.5194 0.8544
1752868694.1383 19.0215 -5.7331 0.8628 0.0043 -0.0142 -0.5213 0.8532
1752868694.2392 19.0447 -5.7961 0.8479 0.0045 -0.0143 -0.5231 0.8522
1752868694.3400 19.0510 -5.8312 0.8324 0.0048 -0.0145 -0.5261 0.8503
1752868694.4409 19.0581 -5.8669 0.8270 0.0048 -0.0141 -0.5291 0.8484
1752868694.5418 19.0835 -5.9262 0.8487 0.0044 -0.0141 -0.5319 0.8467
1752868694.6426 19.1272 -6.0007 0.8520 0.0045 -0.0144 -0.5333 0.8458
1752868694.7435 19.1602 -6.0459 0.8447 0.0047 -0.0151 -0.5353 0.8445
1752868694.8443 19.1827 -6.0841 0.8220 0.0051 -0.0150 -0.5368 0.8435
1752868694.9452 19.1970 -6.1339 0.8182 0.0053 -0.0152 -0.5371 0.8433
1752868695.0461 19.2232 -6.1615 0.8224 0.0049 -0.0154 -0.5375 0.8431
1752868695.1469 19.2301 -6.1960 0.8325 0.0048 -0.0155 -0.5364 0.8438
1752868695.2478 19.2210 -6.2402 0.8335 0.0047 -0.0157 -0.5331 0.8459
1752868695.3486 19.2535 -6.2926 0.8258 0.0045 -0.0159 -0.5265 0.8500
1752868695.4495 19.3189 -6.3158 0.8262 0.0045 -0.0157 -0.5187 0.8548
1752868695.5504 19.3782 -6.3307 0.8422 0.0045 -0.0160 -0.5106 0.8597
1752868695.6512 19.4058 -6.3947 0.8443 0.0042 -0.0157 -0.5026 0.8643
1752868695.7521 19.4281 -6.4392 0.8416 0.0041 -0.0157 -0.4945 0.8690
1752868695.8529 19.4453 -6.4408 0.8342 0.0041 -0.0163 -0.4855 0.8741
1752868695.9538 19.4861 -6.4610 0.8405 0.0038 -0.0167 -0.4762 0.8791
1752868696.0547 19.5531 -6.4603 0.8514 0.0035 -0.0167 -0.4661 0.8845
1752868696.1555 19.5836 -6.5052 0.8506 0.0032 -0.0163 -0.4559 0.8899
1752868696.2564 19.6193 -6.5522 0.8490 0.0033 -0.0161 -0.4451 0.8953
1752868696.3572 19.6598 -6.5686 0.8549 0.0034 -0.0160 -0.4350 0.9003
1752868696.4581 19.7051 -6.5691 0.8614 0.0031 -0.0159 -0.4251 0.9050
1752868696.5590 19.7523 -6.5631 0.8702 0.0027 -0.0162 -0.4150 0.9097
1752868696.6598 19.8072 -6.5629 0.8756 0.0024 -0.0167 -0.4043 0.9145
1752868696.7607 19.8461 -6.6075 0.8802 0.0021 -0.0171 -0.3929 0.9194
1752868696.8615 19.8935 -6.6611 0.8813 0.0019 -0.0169 -0.3818 0.9241
1752868696.9624 19.9362 -6.6949 0.8813 0.0017 -0.0168 -0.3712 0.9284
1752868697.0633 19.9677 -6.6889 0.9036 0.0014 -0.0163 -0.3618 0.9321
1752868697.1641 20.0107 -6.6711 0.9045 0.0014 -0.0156 -0.3534 0.9354
1752868697.2650 20.0656 -6.6859 0.9094 0.0012 -0.0159 -0.3441 0.9388
1752868697.3658 20.1362 -6.7140 0.8931 0.0015 -0.0164 -0.3339 0.9425
1752868697.4667 20.1836 -6.7327 0.8994 0.0011 -0.0166 -0.3236 0.9460
1752868697.5676 20.2072 -6.7464 0.9220 0.0004 -0.0167 -0.3145 0.9491
1752868697.6684 20.2499 -6.7519 0.9356 0.0000 -0.0169 -0.3052 0.9522
1752868697.7693 20.3131 -6.7463 0.9274 0.0007 -0.0147 -0.2966 0.9549
1752868697.8701 20.3879 -6.7440 0.9161 0.0016 -0.0138 -0.2880 0.9575
1752868697.9710 20.4468 -6.7805 0.9296 0.0014 -0.0142 -0.2797 0.9600
1752868698.0719 20.5132 -6.8048 0.9369 0.0006 -0.0154 -0.2733 0.9618
1752868698.1727 20.5570 -6.8179 0.9441 -0.0003 -0.0161 -0.2687 0.9631
1752868698.2736 20.5868 -6.8331 0.9402 -0.0003 -0.0162 -0.2637 0.9645
1752868698.3744 20.6440 -6.8429 0.9516 -0.0001 -0.0158 -0.2582 0.9660
1752868698.4753 20.6712 -6.8470 0.9557 -0.0000 -0.0153 -0.2513 0.9678
1752868698.5762 20.6968 -6.8190 0.9615 -0.0001 -0.0152 -0.2418 0.9702
1752868698.6770 20.7556 -6.8176 0.9485 -0.0008 -0.0164 -0.2290 0.9733
1752868698.7779 20.8330 -6.8241 0.9223 -0.0012 -0.0182 -0.2139 0.9767
1752868698.8787 20.9021 -6.8449 0.9209 -0.0013 -0.0174 -0.1973 0.9802
1752868698.9796 20.9442 -6.8433 0.9378 -0.0015 -0.0166 -0.1817 0.9832
1752868699.0805 20.9840 -6.8305 0.9586 -0.0022 -0.0160 -0.1669 0.9858
1752868699.1813 21.0423 -6.7667 0.9617 -0.0027 -0.0159 -0.1521 0.9882
1752868699.2822 21.0905 -6.7414 0.9534 -0.0027 -0.0164 -0.1368 0.9905
1752868699.3830 21.1630 -6.7260 0.9314 -0.0021 -0.0171 -0.1210 0.9925
1752868699.4839 21.2521 -6.6711 0.9116 -0.0019 -0.0180 -0.1037 0.9944
1752868699.5848 21.3118 -6.6391 0.9235 -0.0024 -0.0175 -0.0847 0.9962
1752868699.6856 21.3392 -6.6477 0.9553 -0.0032 -0.0160 -0.0661 0.9977
1752868699.7865 21.3639 -6.6219 0.9491 -0.0036 -0.0156 -0.0490 0.9987
1752868699.8873 21.4300 -6.5706 0.9302 -0.0038 -0.0161 -0.0325 0.9993
1752868699.9882 21.4964 -6.5210 0.9113 -0.0043 -0.0168 -0.0171 0.9997
1752868700.0891 21.5436 -6.4873 0.9147 -0.0049 -0.0176 -0.0006 0.9998
1752868700.1899 21.5619 -6.4299 0.9043 -0.0047 -0.0181 0.0159 0.9997
1752868700.2908 21.5898 -6.3908 0.8968 -0.0046 -0.0182 0.0327 0.9993
1752868700.3916 21.6479 -6.3643 0.9038 -0.0051 -0.0181 0.0496 0.9986
1752868700.4925 21.6842 -6.3474 0.9137 -0.0054 -0.0175 0.0673 0.9976
1752868700.5934 21.7147 -6.3322 0.8858 -0.0054 -0.0179 0.0854 0.9962
1752868700.6942 21.7499 -6.2985 0.8535 -0.0052 -0.0190 0.1037 0.9944
1752868700.7951 21.8078 -6.2504 0.8615 -0.0058 -0.0191 0.1223 0.9923
1752868700.8959 21.8303 -6.1871 0.8650 -0.0062 -0.0185 0.1391 0.9901
1752868700.9968 21.8332 -6.1377 0.8685 -0.0064 -0.0181 0.1547 0.9878
1752868701.0977 21.8351 -6.0903 0.8753 -0.0068 -0.0184 0.1710 0.9851
1752868701.1985 21.8430 -6.0406 0.8717 -0.0072 -0.0188 0.1886 0.9819
1752868701.2994 21.8617 -5.9973 0.8627 -0.0077 -0.0189 0.2078 0.9780
1752868701.4002 21.8475 -5.9693 0.8501 -0.0082 -0.0184 0.2283 0.9734
1752868701.5011 21.8733 -5.9481 0.8471 -0.0082 -0.0183 0.2493 0.9682
1752868701.6020 21.8973 -5.9103 0.8750 -0.0085 -0.0183 0.2707 0.9624
1752868701.7028 21.8678 -5.8512 0.8832 -0.0088 -0.0174 0.2942 0.9555
1752868701.8037 21.8168 -5.7892 0.8530 -0.0089 -0.0172 0.3182 0.9478
1752868701.9045 21.7696 -5.7250 0.8121 -0.0093 -0.0178 0.3424 0.9393
1752868702.0054 21.7621 -5.7092 0.8479 -0.0119 -0.0196 0.3669 0.9300
1752868702.1063 21.7595 -5.6786 0.8775 -0.0136 -0.0205 0.3910 0.9201
1752868702.2071 21.7287 -5.6347 0.8701 -0.0140 -0.0198 0.4149 0.9096
1752868702.3080 21.6787 -5.5973 0.8342 -0.0134 -0.0189 0.4391 0.8981
1752868702.4088 21.6463 -5.5713 0.8458 -0.0137 -0.0177 0.4651 0.8850
1752868702.5097 21.6146 -5.5475 0.8363 -0.0147 -0.0175 0.4916 0.8705
1752868702.6106 21.5842 -5.5239 0.8363 -0.0157 -0.0178 0.5170 0.8557
1752868702.7114 21.5494 -5.4967 0.8339 -0.0162 -0.0176 0.5413 0.8405
1752868702.8123 21.4939 -5.4716 0.8119 -0.0163 -0.0165 0.5644 0.8252
1752868702.9131 21.4438 -5.4782 0.8147 -0.0165 -0.0156 0.5863 0.8098
1752868703.0140 21.3970 -5.4772 0.8196 -0.0168 -0.0151 0.6070 0.7944
1752868703.1149 21.3559 -5.4663 0.7855 -0.0175 -0.0148 0.6262 0.7793
1752868703.2157 21.3260 -5.4811 0.7886 -0.0179 -0.0146 0.6431 0.7654
1752868703.3166 21.2945 -5.5019 0.7866 -0.0182 -0.0140 0.6566 0.7539
1752868703.4174 21.2795 -5.4874 0.7682 -0.0181 -0.0137 0.6690 0.7429
1752868703.5183 21.2580 -5.4945 0.7627 -0.0180 -0.0132 0.6808 0.7321
1752868703.6192 21.2181 -5.5283 0.7776 -0.0184 -0.0128 0.6928 0.7208
1752868703.7200 21.1696 -5.5719 0.7761 -0.0192 -0.0130 0.7051 0.7087
1752868703.8209 21.1513 -5.6038 0.7389 -0.0191 -0.0128 0.7171 0.6966
1752868703.9217 21.1430 -5.6309 0.7251 -0.0192 -0.0117 0.7280 0.6852
1752868704.0226 21.1149 -5.6634 0.7200 -0.0191 -0.0108 0.7391 0.6732
1752868704.1235 21.0708 -5.7017 0.7468 -0.0203 -0.0103 0.7498 0.6613
1752868704.2243 21.0477 -5.7320 0.7704 -0.0207 -0.0101 0.7609 0.6484
1752868704.3252 21.0359 -5.7618 0.7850 -0.0207 -0.0102 0.7731 0.6338
1752868704.4260 21.0341 -5.8205 0.8017 -0.0211 -0.0087 0.7853 0.6188
1752868704.5269 21.0141 -5.8713 0.7966 -0.0208 -0.0079 0.7969 0.6036
1752868704.6277 20.9830 -5.9292 0.7590 -0.0203 -0.0084 0.8083 0.5883
1752868704.7286 20.9697 -5.9603 0.7261 -0.0201 -0.0093 0.8191 0.5732
1752868704.8295 20.9732 -5.9876 0.7446 -0.0208 -0.0091 0.8297 0.5578
1752868704.9303 20.9647 -6.0380 0.7728 -0.0215 -0.0083 0.8397 0.5425
1752868705.0312 20.9604 -6.1047 0.8140 -0.0220 -0.0072 0.8486 0.5285
1752868705.1321 20.9411 -6.1581 0.7830 -0.0215 -0.0069 0.8566 0.5155
1752868705.2329 20.9147 -6.1853 0.7268 -0.0208 -0.0069 0.8635 0.5038
1752868705.3338 20.9092 -6.1974 0.7140 -0.0209 -0.0071 0.8684 0.4954
1752868705.4346 20.9082 -6.2063 0.7511 -0.0212 -0.0070 0.8712 0.4905
1752868705.5355 20.9390 -6.2248 0.7987 -0.0214 -0.0065 0.8731 0.4871
1752868705.6363 20.9475 -6.2347 0.7965 -0.0217 -0.0067 0.8746 0.4844
1752868705.7372 20.9417 -6.2652 0.7543 -0.0216 -0.0067 0.8761 0.4816
1752868705.8381 20.9486 -6.2685 0.7272 -0.0213 -0.0067 0.8776 0.4788
1752868705.9389 20.9612 -6.2969 0.7366 -0.0212 -0.0067 0.8788 0.4767
1752868706.0398 20.9669 -6.3418 0.7598 -0.0211 -0.0062 0.8797 0.4750
1752868706.1406 20.9750 -6.3698 0.7877 -0.0213 -0.0054 0.8799 0.4746
1752868706.2415 20.9872 -6.3778 0.8103 -0.0213 -0.0042 0.8793 0.4758
1752868706.3424 21.0209 -6.3637 0.8054 -0.0211 -0.0043 0.8770 0.4801
1752868706.4432 21.0513 -6.3616 0.7795 -0.0213 -0.0057 0.8725 0.4880
1752868706.5441 21.0464 -6.3616 0.7537 -0.0214 -0.0073 0.8676 0.4968
1752868706.6449 21.0642 -6.3606 0.7732 -0.0214 -0.0074 0.8634 0.5041
1752868706.7458 21.0803 -6.3913 0.8093 -0.0213 -0.0067 0.8595 0.5106
1752868706.8467 21.1091 -6.4129 0.8206 -0.0210 -0.0058 0.8560 0.5165
1752868706.9475 21.1385 -6.4504 0.8024 -0.0210 -0.0061 0.8514 0.5241
1752868707.0484 21.1677 -6.4524 0.8041 -0.0210 -0.0065 0.8460 0.5327
1752868707.1492 21.1857 -6.4394 0.8010 -0.0212 -0.0072 0.8408 0.5408
1752868707.2501 21.1896 -6.4336 0.7898 -0.0212 -0.0077 0.8357 0.5487
1752868707.3510 21.2066 -6.4438 0.7958 -0.0209 -0.0077 0.8301 0.5572
1752868707.4518 21.2502 -6.4658 0.7955 -0.0206 -0.0082 0.8238 0.5664
1752868707.5527 21.3094 -6.4858 0.7941 -0.0206 -0.0088 0.8174 0.5756
1752868707.6535 21.3514 -6.4736 0.7845 -0.0205 -0.0092 0.8118 0.5835
1752868707.7544 21.3680 -6.4829 0.8038 -0.0206 -0.0085 0.8079 0.5889
1752868707.8553 21.3687 -6.4959 0.8069 -0.0209 -0.0084 0.8067 0.5906
1752868707.9561 21.3669 -6.5084 0.8120 -0.0209 -0.0087 0.8075 0.5894
1752868708.0570 21.3698 -6.5355 0.8163 -0.0207 -0.0091 0.8108 0.5849
1752868708.1578 21.3599 -6.5705 0.7924 -0.0204 -0.0090 0.8159 0.5777
1752868708.2587 21.3408 -6.6002 0.7746 -0.0206 -0.0086 0.8225 0.5684
1752868708.3596 21.3259 -6.6507 0.7576 -0.0208 -0.0070 0.8307 0.5563
1752868708.4604 21.3220 -6.7026 0.7886 -0.0211 -0.0059 0.8399 0.5423
1752868708.5613 21.3174 -6.7224 0.8289 -0.0212 -0.0059 0.8493 0.5274
1752868708.6621 21.3046 -6.7364 0.8336 -0.0214 -0.0072 0.8591 0.5114
1752868708.7630 21.2868 -6.7855 0.8293 -0.0215 -0.0072 0.8694 0.4935
1752868708.8639 21.2820 -6.8479 0.8032 -0.0216 -0.0060 0.8803 0.4739
1752868708.9647 21.2217 -6.8839 0.7586 -0.0217 -0.0050 0.8911 0.4532
1752868709.0656 21.1833 -6.9182 0.7500 -0.0218 -0.0037 0.9009 0.4335
1752868709.1664 21.1515 -6.8969 0.8258 -0.0219 -0.0028 0.9081 0.4181
1752868709.2673 21.1146 -6.8698 0.8643 -0.0222 -0.0031 0.9132 0.4069
1752868709.3682 21.0738 -6.8499 0.8345 -0.0222 -0.0038 0.9176 0.3968
1752868709.4690 21.0428 -6.8783 0.7691 -0.0217 -0.0032 0.9227 0.3849
1752868709.5699 21.0094 -6.9060 0.7449 -0.0215 -0.0020 0.9282 0.3715
1752868709.6707 20.9757 -6.9108 0.8082 -0.0217 -0.0005 0.9336 0.3576
1752868709.7716 20.8979 -6.8592 0.8359 -0.0219 -0.0006 0.9386 0.3444
1752868709.8725 20.8506 -6.8411 0.8342 -0.0221 -0.0010 0.9437 0.3300
1752868709.9733 20.8563 -6.8629 0.8134 -0.0220 -0.0012 0.9493 0.3136
1752868710.0742 20.8344 -6.9160 0.8064 -0.0218 -0.0009 0.9550 0.2957
1752868710.1750 20.7701 -6.9552 0.7753 -0.0218 -0.0003 0.9607 0.2767
1752868710.2759 20.7051 -6.9677 0.7591 -0.0212 -0.0002 0.9663 0.2564
1752868710.3768 20.6976 -6.9537 0.7713 -0.0215 -0.0003 0.9719 0.2345
1752868710.4776 20.7168 -6.9689 0.7972 -0.0217 -0.0001 0.9770 0.2122
1752868710.5785 20.6923 -7.0133 0.8049 -0.0218 0.0007 0.9812 0.1915
1752868710.6793 20.6476 -7.0685 0.8255 -0.0208 0.0022 0.9846 0.1733
1752868710.7802 20.5923 -7.1144 0.8187 -0.0198 0.0031 0.9872 0.1580
1752868710.8811 20.5716 -7.0842 0.7952 -0.0204 0.0031 0.9891 0.1455
1752868710.9819 20.5516 -7.0816 0.7957 -0.0213 0.0028 0.9905 0.1359
1752868711.0828 20.5307 -7.1169 0.8155 -0.0217 0.0028 0.9914 0.1288
1752868711.1836 20.4993 -7.1550 0.8250 -0.0215 0.0030 0.9919 0.1249
1752868711.2845 20.5001 -7.1524 0.8204 -0.0213 0.0035 0.9923 0.1222
1752868711.3854 20.4874 -7.1119 0.7853 -0.0211 0.0030 0.9923 0.1222
1752868711.4862 20.4548 -7.0855 0.7733 -0.0209 0.0026 0.9922 0.1231
1752868711.5871 20.4321 -7.0839 0.7816 -0.0215 0.0027 0.9920 0.1243
1752868711.6879 20.4225 -7.0715 0.8046 -0.0217 0.0032 0.9918 0.1257
1752868711.7888 20.4138 -7.0778 0.8292 -0.0211 0.0039 0.9915 0.1283
1752868711.8897 20.3797 -7.1113 0.8398 -0.0205 0.0044 0.9912 0.1309
1752868711.9905 20.3107 -7.1123 0.8214 -0.0206 0.0042 0.9910 0.1321
1752868712.0914 20.2643 -7.0965 0.7939 -0.0208 0.0037 0.9911 0.1314
1752868712.1922 20.2617 -7.0618 0.7837 -0.0212 0.0033 0.9912 0.1303
1752868712.2931 20.2570 -7.0403 0.7882 -0.0215 0.0032 0.9913 0.1298
1752868712.3940 20.2283 -7.0596 0.7859 -0.0216 0.0031 0.9913 0.1299
1752868712.4948 20.1947 -7.0917 0.7611 -0.0217 0.0027 0.9913 0.1301
1752868712.5957 20.1422 -7.1018 0.7630 -0.0211 0.0031 0.9915 0.1284
1752868712.6965 20.1138 -7.0572 0.7705 -0.0211 0.0032 0.9921 0.1235
1752868712.7974 20.1180 -7.0271 0.7679 -0.0215 0.0030 0.9932 0.1147
1752868712.8983 20.0769 -7.0270 0.7913 -0.0213 0.0035 0.9939 0.1078
1752868712.9991 20.0230 -7.0841 0.7818 -0.0214 0.0037 0.9945 0.1029
1752868713.1000 19.9726 -7.1331 0.7654 -0.0213 0.0039 0.9947 0.1006
1752868713.2008 19.9429 -7.1105 0.7507 -0.0209 0.0036 0.9947 0.1005
1752868713.3017 19.9581 -7.0629 0.7416 -0.0209 0.0035 0.9946 0.1017
1752868713.4026 19.9675 -6.9938 0.7314 -0.0211 0.0035 0.9941 0.1067
1752868713.5034 19.9445 -6.9738 0.7426 -0.0216 0.0033 0.9930 0.1158
1752868713.6043 19.8872 -6.9856 0.7634 -0.0216 0.0034 0.9913 0.1301
1752868713.7051 19.8472 -6.9851 0.7860 -0.0215 0.0031 0.9889 0.1467
1752868713.8060 19.8254 -6.9545 0.7986 -0.0211 0.0031 0.9862 0.1644
1752868713.9069 19.8137 -6.9299 0.7418 -0.0211 0.0019 0.9832 0.1811
1752868714.0077 19.7987 -6.8826 0.7423 -0.0216 0.0015 0.9800 0.1978
1752868714.1086 19.7946 -6.8531 0.7501 -0.0217 0.0009 0.9767 0.2137
1752868714.2094 19.8107 -6.8281 0.7761 -0.0214 0.0010 0.9729 0.2303
1752868714.3103 19.7857 -6.7946 0.7926 -0.0213 0.0011 0.9684 0.2484
1752868714.4112 19.7610 -6.7389 0.7628 -0.0215 0.0005 0.9635 0.2670
1752868714.5120 19.7569 -6.7034 0.6993 -0.0219 -0.0009 0.9584 0.2846
1752868714.6129 19.7745 -6.6649 0.6711 -0.0218 -0.0021 0.9538 0.2997
1752868714.7137 19.7748 -6.6419 0.6777 -0.0216 -0.0023 0.9490 0.3146
1752868714.8146 19.7456 -6.6203 0.7189 -0.0217 -0.0019 0.9437 0.3300
1752868714.9155 19.7095 -6.5690 0.7558 -0.0215 -0.0018 0.9380 0.3460
1752868715.0163 19.7006 -6.5067 0.7520 -0.0216 -0.0022 0.9318 0.3622
1752868715.1172 19.7464 -6.4502 0.7290 -0.0218 -0.0031 0.9256 0.3778
1752868715.2180 19.7562 -6.4465 0.7072 -0.0221 -0.0038 0.9196 0.3922
1752868715.3189 19.7528 -6.4201 0.7359 -0.0221 -0.0039 0.9133 0.4067
1752868715.4198 19.6834 -6.3739 0.7612 -0.0215 -0.0040 0.9064 0.4219
1752868715.5206 19.6636 -6.3073 0.7583 -0.0209 -0.0043 0.8988 0.4378
1752868715.6215 19.6772 -6.2172 0.7220 -0.0210 -0.0050 0.8911 0.4532
1752868715.7223 19.7078 -6.1597 0.6888 -0.0216 -0.0059 0.8837 0.4675
1752868715.8232 19.7018 -6.1241 0.7035 -0.0217 -0.0062 0.8773 0.4793
1752868715.9241 19.6684 -6.1301 0.7236 -0.0210 -0.0061 0.8712 0.4905
1752868716.0249 19.6565 -6.1310 0.7174 -0.0206 -0.0062 0.8652 0.5009
1752868716.1258 19.6290 -6.0640 0.7324 -0.0208 -0.0065 0.8599 0.5100
1752868716.2266 19.6153 -5.9866 0.7120 -0.0211 -0.0070 0.8556 0.5172
1752868716.3275 19.6431 -5.9141 0.6912 -0.0211 -0.0073 0.8517 0.5236
1752868716.4284 19.6351 -5.8822 0.7218 -0.0212 -0.0074 0.8489 0.5281
1752868716.5292 19.6184 -5.8656 0.7366 -0.0208 -0.0072 0.8477 0.5300
1752868716.6301 19.5796 -5.8394 0.7437 -0.0208 -0.0070 0.8470 0.5312
1752868716.7309 19.5502 -5.8289 0.7298 -0.0209 -0.0071 0.8461 0.5326
1752868716.8318 19.5599 -5.8141 0.7151 -0.0209 -0.0074 0.8440 0.5359
1752868716.9327 19.5601 -5.7642 0.6996 -0.0206 -0.0079 0.8408 0.5410
1752868717.0335 19.5616 -5.7255 0.6905 -0.0202 -0.0082 0.8371 0.5467
1752868717.1344 19.5326 -5.6728 0.6940 -0.0204 -0.0083 0.8332 0.5526
1752868717.2352 19.4950 -5.6257 0.7023 -0.0205 -0.0084 0.8296 0.5579
1752868717.3361 19.4950 -5.6069 0.7132 -0.0207 -0.0082 0.8259 0.5633
1752868717.4370 19.5402 -5.5898 0.7309 -0.0206 -0.0078 0.8215 0.5697
1752868717.5378 19.5479 -5.5498 0.7385 -0.0203 -0.0079 0.8165 0.5769
1752868717.6387 19.5394 -5.5028 0.7189 -0.0200 -0.0090 0.8111 0.5845
1752868717.7395 19.5333 -5.4509 0.7685 -0.0204 -0.0089 0.8054 0.5923
1752868717.8404 19.5316 -5.4018 0.8244 -0.0209 -0.0081 0.8011 0.5981
1752868717.9413 19.5077 -5.3660 0.7795 -0.0206 -0.0086 0.7975 0.6029
1752868718.0421 19.5240 -5.3465 0.7240 -0.0200 -0.0096 0.7938 0.6078
1752868718.1430 19.5364 -5.2926 0.7196 -0.0198 -0.0097 0.7904 0.6122
1752868718.2438 19.5290 -5.2468 0.7538 -0.0198 -0.0091 0.7870 0.6165
1752868718.3447 19.5294 -5.1876 0.8110 -0.0203 -0.0083 0.7832 0.6214
1752868718.4456 19.5068 -5.0951 0.7856 -0.0204 -0.0089 0.7800 0.6253
1752868718.5464 19.5061 -5.0725 0.7507 -0.0197 -0.0091 0.7794 0.6261
1752868718.6473 19.5112 -5.1016 0.7312 -0.0188 -0.0096 0.7788 0.6270
1752868718.7481 19.4873 -5.0443 0.7571 -0.0195 -0.0098 0.7759 0.6305
1752868718.8490 19.4890 -4.9718 0.8113 -0.0205 -0.0095 0.7732 0.6337
1752868718.9499 19.5011 -4.9038 0.8425 -0.0211 -0.0088 0.7707 0.6368
1752868719.0507 19.4925 -4.8666 0.8436 -0.0209 -0.0085 0.7676 0.6405
1752868719.1516 19.4574 -4.8208 0.7740 -0.0196 -0.0094 0.7632 0.6458
1752868719.2524 19.4703 -4.7805 0.7363 -0.0185 -0.0098 0.7610 0.6485
1752868719.3533 19.4680 -4.7344 0.7384 -0.0188 -0.0096 0.7613 0.6481
1752868719.4542 19.4593 -4.7028 0.7575 -0.0198 -0.0093 0.7607 0.6488
1752868719.5550 19.4652 -4.6456 0.7640 -0.0204 -0.0094 0.7587 0.6511
1752868719.6559 19.4769 -4.5587 0.7486 -0.0202 -0.0099 0.7560 0.6542
1752868719.7567 19.4869 -4.4916 0.6872 -0.0192 -0.0109 0.7531 0.6575
1752868719.8576 19.4668 -4.4415 0.6704 -0.0184 -0.0110 0.7513 0.6596
1752868719.9585 19.4444 -4.3945 0.7048 -0.0186 -0.0104 0.7496 0.6615
1752868720.0593 19.4505 -4.3707 0.7115 -0.0191 -0.0101 0.7489 0.6623
1752868720.1602 19.4396 -4.3359 0.7306 -0.0194 -0.0100 0.7484 0.6629
1752868720.2610 19.4232 -4.2838 0.7183 -0.0192 -0.0107 0.7475 0.6639
1752868720.3619 19.4288 -4.1976 0.7086 -0.0190 -0.0109 0.7461 0.6654
1752868720.4628 19.4103 -4.1223 0.7056 -0.0190 -0.0110 0.7448 0.6669
1752868720.5636 19.3941 -4.0772 0.7035 -0.0189 -0.0107 0.7447 0.6671
1752868720.6645 19.3778 -4.0398 0.6864 -0.0186 -0.0105 0.7449 0.6668
1752868720.7653 19.3776 -4.0279 0.6978 -0.0190 -0.0103 0.7456 0.6660
1752868720.8662 19.3785 -3.9783 0.7351 -0.0194 -0.0103 0.7462 0.6654
1752868720.9671 19.3832 -3.9339 0.7263 -0.0191 -0.0106 0.7469 0.6646
1752868721.0679 19.3430 -3.8256 0.6995 -0.0188 -0.0111 0.7473 0.6641
1752868721.1688 19.3393 -3.8111 0.7407 -0.0194 -0.0108 0.7473 0.6641
1752868721.2696 19.3375 -3.7959 0.7734 -0.0199 -0.0103 0.7475 0.6639
1752868721.3705 19.3357 -3.7618 0.7594 -0.0195 -0.0102 0.7480 0.6633
1752868721.4714 19.3143 -3.6752 0.7382 -0.0192 -0.0103 0.7483 0.6630
1752868721.5722 19.3032 -3.6230 0.7226 -0.0190 -0.0105 0.7488 0.6625
1752868721.6731 19.2893 -3.5796 0.7276 -0.0188 -0.0105 0.7494 0.6618
1752868721.7739 19.2875 -3.5636 0.7191 -0.0190 -0.0107 0.7499 0.6612
1752868721.8748 19.2616 -3.5130 0.7090 -0.0191 -0.0110 0.7497 0.6614
1752868721.9757 19.2584 -3.4418 0.7035 -0.0191 -0.0108 0.7495 0.6616
1752868722.0765 19.2616 -3.3754 0.7159 -0.0191 -0.0106 0.7493 0.6618
1752868722.1774 19.2325 -3.3417 0.7214 -0.0192 -0.0107 0.7496 0.6615
1752868722.2782 19.2157 -3.3252 0.7143 -0.0191 -0.0108 0.7502 0.6608
1752868722.3791 19.2081 -3.2815 0.7140 -0.0189 -0.0107 0.7510 0.6599
1752868722.4800 19.1968 -3.2109 0.7437 -0.0193 -0.0104 0.7520 0.6588
1752868722.5808 19.1848 -3.1224 0.7386 -0.0194 -0.0107 0.7525 0.6582
1752868722.6817 19.1793 -3.0686 0.7104 -0.0192 -0.0108 0.7533 0.6573
1752868722.7825 19.1643 -3.0668 0.7078 -0.0191 -0.0107 0.7545 0.6559
1752868722.8834 19.1546 -3.0631 0.7138 -0.0190 -0.0105 0.7560 0.6542
1752868722.9843 19.1401 -2.9967 0.7675 -0.0194 -0.0101 0.7582 0.6517
1752868723.0851 19.1135 -2.9287 0.7733 -0.0197 -0.0102 0.7603 0.6492
1752868723.1860 19.1154 -2.8746 0.7230 -0.0189 -0.0107 0.7617 0.6476
1752868723.2868 19.1084 -2.8455 0.6766 -0.0185 -0.0110 0.7635 0.6454
1752868723.3877 19.0811 -2.8153 0.6789 -0.0185 -0.0110 0.7651 0.6436
1752868723.4886 19.0441 -2.7476 0.7153 -0.0194 -0.0107 0.7668 0.6415
1752868723.5894 19.0107 -2.6890 0.7207 -0.0196 -0.0105 0.7686 0.6393
1752868723.6903 19.0062 -2.6442 0.7292 -0.0196 -0.0104 0.7696 0.6382
1752868723.7911 19.0226 -2.6114 0.7317 -0.0195 -0.0104 0.7700 0.6376
1752868723.8920 19.0245 -2.5766 0.7297 -0.0195 -0.0107 0.7702 0.6374
1752868723.9929 18.9929 -2.5119 0.7387 -0.0195 -0.0106 0.7700 0.6376
1752868724.0937 18.9387 -2.4393 0.7424 -0.0195 -0.0105 0.7700 0.6377
1752868724.1946 18.9092 -2.3944 0.7255 -0.0194 -0.0105 0.7706 0.6370
1752868724.2954 18.9156 -2.3548 0.7350 -0.0195 -0.0106 0.7713 0.6361
1752868724.3963 18.9383 -2.3240 0.7338 -0.0196 -0.0107 0.7718 0.6355
1752868724.4972 18.9451 -2.2982 0.7232 -0.0194 -0.0107 0.7718 0.6355
1752868724.5980 18.9056 -2.2454 0.7121 -0.0190 -0.0106 0.7720 0.6352
1752868724.6989 18.8899 -2.1941 0.7172 -0.0191 -0.0105 0.7727 0.6344
1752868724.7997 18.8850 -2.1120 0.7287 -0.0195 -0.0105 0.7730 0.6340
1752868724.9006 18.8890 -2.0838 0.7382 -0.0198 -0.0104 0.7724 0.6347
1752868725.0015 18.8790 -2.0611 0.7205 -0.0196 -0.0105 0.7701 0.6375
1752868725.1023 18.8768 -2.0246 0.7089 -0.0194 -0.0105 0.7656 0.6430
1752868725.2032 18.8623 -1.9512 0.7079 -0.0191 -0.0107 0.7591 0.6506
1752868725.3040 18.8692 -1.8574 0.7167 -0.0191 -0.0113 0.7503 0.6607
1752868725.4049 18.8713 -1.8062 0.7110 -0.0189 -0.0117 0.7416 0.6704
1752868725.5058 18.8696 -1.7882 0.7115 -0.0187 -0.0119 0.7338 0.6790
1752868725.6066 18.9043 -1.7868 0.7169 -0.0185 -0.0121 0.7269 0.6864
1752868725.7075 18.9370 -1.7537 0.7223 -0.0187 -0.0121 0.7201 0.6935
1752868725.8083 18.9257 -1.6784 0.7212 -0.0185 -0.0122 0.7125 0.7013
1752868725.9092 18.9045 -1.5893 0.7287 -0.0185 -0.0125 0.7038 0.7101
1752868726.0101 18.9131 -1.5411 0.7210 -0.0183 -0.0129 0.6953 0.7183
1752868726.1109 18.9565 -1.5437 0.7111 -0.0178 -0.0132 0.6873 0.7261
1752868726.2118 19.0128 -1.5345 0.7138 -0.0174 -0.0132 0.6800 0.7329
1752868726.3126 19.0456 -1.4772 0.7261 -0.0173 -0.0132 0.6728 0.7395
1752868726.4135 19.0249 -1.4265 0.7356 -0.0169 -0.0131 0.6648 0.7467
1752868726.5144 19.0088 -1.3730 0.7334 -0.0167 -0.0131 0.6563 0.7542
1752868726.6152 19.0263 -1.3539 0.7146 -0.0166 -0.0135 0.6484 0.7610
1752868726.7161 19.0671 -1.3569 0.6955 -0.0164 -0.0141 0.6414 0.7669
1752868726.8169 19.1225 -1.3385 0.7011 -0.0164 -0.0143 0.6351 0.7722
1752868726.9178 19.1640 -1.3118 0.7288 -0.0162 -0.0143 0.6296 0.7766
1752868727.0187 19.1545 -1.2898 0.7410 -0.0158 -0.0143 0.6246 0.7807
1752868727.1195 19.1520 -1.2878 0.7316 -0.0157 -0.0143 0.6188 0.7852
1752868727.2204 19.1555 -1.2601 0.7148 -0.0156 -0.0146 0.6122 0.7904
1752868727.3212 19.1755 -1.2383 0.6954 -0.0155 -0.0150 0.6051 0.7959
1752868727.4221 19.2104 -1.2427 0.6899 -0.0154 -0.0153 0.5987 0.8007
1752868727.5230 19.2460 -1.2243 0.6925 -0.0151 -0.0154 0.5932 0.8048
1752868727.6238 19.2443 -1.2102 0.7243 -0.0151 -0.0151 0.5883 0.8084
1752868727.7247 19.2271 -1.2010 0.7344 -0.0152 -0.0148 0.5828 0.8123
1752868727.8255 19.2568 -1.1943 0.7516 -0.0155 -0.0150 0.5772 0.8163
1752868727.9264 19.2927 -1.1821 0.7443 -0.0156 -0.0155 0.5716 0.8202
1752868728.0273 19.3125 -1.1413 0.7209 -0.0150 -0.0160 0.5658 0.8243
1752868728.1281 19.3052 -1.1392 0.7293 -0.0141 -0.0155 0.5618 0.8270
1752868728.2290 19.2964 -1.1306 0.7355 -0.0134 -0.0153 0.5599 0.8283
1752868728.3298 19.3122 -1.1212 0.7460 -0.0135 -0.0156 0.5585 0.8293
1752868728.4307 19.3472 -1.1096 0.7476 -0.0142 -0.0160 0.5572 0.8301
1752868728.5316 19.3562 -1.0792 0.7397 -0.0145 -0.0160 0.5555 0.8313
1752868728.6324 19.3675 -1.0352 0.7297 -0.0144 -0.0159 0.5540 0.8322
1752868728.7333 19.3518 -1.0082 0.7348 -0.0143 -0.0156 0.5525 0.8332
1752868728.8341 19.3535 -0.9910 0.7380 -0.0141 -0.0157 0.5511 0.8342
1752868728.9350 19.3981 -0.9840 0.7419 -0.0138 -0.0161 0.5506 0.8345
1752868729.0359 19.4264 -0.9720 0.7442 -0.0136 -0.0162 0.5517 0.8338
1752868729.1367 19.4266 -0.9377 0.7301 -0.0137 -0.0160 0.5548 0.8317
1752868729.2376 19.3879 -0.8950 0.7118 -0.0141 -0.0158 0.5596 0.8285
1752868729.3384 19.3666 -0.8451 0.7317 -0.0147 -0.0157 0.5662 0.8240
1752868729.4393 19.3563 -0.7939 0.7415 -0.0150 -0.0155 0.5730 0.8193
1752868729.5402 19.4020 -0.8075 0.7305 -0.0154 -0.0155 0.5792 0.8149
1752868729.6410 19.3907 -0.7886 0.7240 -0.0146 -0.0155 0.5885 0.8082
1752868729.7419 19.3715 -0.7593 0.6899 -0.0141 -0.0154 0.5988 0.8006
1752868729.8427 19.3338 -0.7249 0.6736 -0.0142 -0.0153 0.6091 0.7928
1752868729.9436 19.3295 -0.6939 0.7003 -0.0148 -0.0150 0.6211 0.7834
1752868730.0445 19.3213 -0.6469 0.7227 -0.0150 -0.0148 0.6342 0.7729
1752868730.1453 19.2864 -0.5625 0.7110 -0.0151 -0.0147 0.6485 0.7609
1752868730.2462 19.2387 -0.5240 0.7019 -0.0157 -0.0143 0.6633 0.7480
1752868730.3470 19.1823 -0.5291 0.6832 -0.0162 -0.0137 0.6771 0.7356
1752868730.4479 19.1890 -0.5084 0.6879 -0.0169 -0.0132 0.6902 0.7233
1752868730.5488 19.2089 -0.4662 0.6950 -0.0171 -0.0131 0.7028 0.7110
1752868730.6496 19.1621 -0.4026 0.6893 -0.0168 -0.0132 0.7157 0.6981
1752868730.7505 19.0905 -0.3367 0.6957 -0.0171 -0.0128 0.7283 0.6849
1752868730.8513 19.0058 -0.2858 0.7000 -0.0179 -0.0121 0.7400 0.6722
1752868730.9522 18.9694 -0.2422 0.6954 -0.0186 -0.0114 0.7501 0.6610
1752868731.0531 18.9671 -0.2139 0.6900 -0.0185 -0.0114 0.7578 0.6521
1752868731.1539 18.9605 -0.1839 0.6793 -0.0180 -0.0118 0.7649 0.6438
1752868731.2548 18.9163 -0.1510 0.6865 -0.0179 -0.0117 0.7720 0.6352
1752868731.3556 18.8930 -0.1229 0.6994 -0.0184 -0.0112 0.7794 0.6262
1752868731.4565 18.8464 -0.0828 0.6982 -0.0189 -0.0107 0.7866 0.6171
1752868731.5573 18.7904 -0.0261 0.6614 -0.0190 -0.0105 0.7939 0.6076
1752868731.6582 18.7616 0.0224 0.6517 -0.0186 -0.0107 0.8007 0.5987
1752868731.7591 18.7391 0.0646 0.6592 -0.0182 -0.0109 0.8071 0.5900
1752868731.8599 18.7251 0.0792 0.6890 -0.0186 -0.0105 0.8128 0.5822
1752868731.9608 18.6918 0.1107 0.6966 -0.0187 -0.0102 0.8178 0.5751
1752868732.0617 18.6515 0.1573 0.6711 -0.0187 -0.0100 0.8227 0.5681
1752868732.1625 18.6187 0.1683 0.6556 -0.0189 -0.0098 0.8273 0.5614
1752868732.2634 18.5735 0.1833 0.6707 -0.0193 -0.0092 0.8316 0.5550
1752868732.3642 18.5416 0.2125 0.6815 -0.0193 -0.0092 0.8354 0.5492
1752868732.4651 18.4998 0.2757 0.6898 -0.0192 -0.0095 0.8386 0.5443
1752868732.5659 18.4929 0.3312 0.6750 -0.0188 -0.0097 0.8412 0.5403
1752868732.6668 18.4816 0.3765 0.6540 -0.0189 -0.0095 0.8438 0.5363
1752868732.7677 18.4482 0.3888 0.6325 -0.0191 -0.0092 0.8471 0.5310
1752868732.8685 18.4100 0.3903 0.6559 -0.0193 -0.0087 0.8518 0.5234
1752868732.9694 18.3939 0.4063 0.6674 -0.0196 -0.0085 0.8579 0.5133
1752868733.0702 18.3468 0.4335 0.6610 -0.0197 -0.0085 0.8658 0.4999
1752868733.1711 18.3126 0.4662 0.6518 -0.0198 -0.0083 0.8751 0.4835
1752868733.2720 18.2531 0.4629 0.6397 -0.0198 -0.0077 0.8853 0.4645
1752868733.3728 18.1697 0.4611 0.6442 -0.0202 -0.0069 0.8955 0.4445
1752868733.4737 18.0842 0.4204 0.6470 -0.0207 -0.0061 0.9057 0.4234
1752868733.5745 18.0643 0.4128 0.6217 -0.0204 -0.0060 0.9162 0.4001
1752868733.6754 18.0527 0.4188 0.6035 -0.0203 -0.0057 0.9267 0.3751
1752868733.7763 17.9790 0.4315 0.6126 -0.0205 -0.0051 0.9369 0.3490
1752868733.8771 17.8800 0.3821 0.6180 -0.0211 -0.0040 0.9463 0.3227
1752868733.9780 17.7997 0.3581 0.6291 -0.0214 -0.0033 0.9545 0.2973
1752868734.0788 17.7684 0.3472 0.6505 -0.0214 -0.0027 0.9616 0.2736
1752868734.1797 17.7241 0.3672 0.6239 -0.0212 -0.0024 0.9680 0.2500
1752868734.2806 17.6645 0.3705 0.5980 -0.0210 -0.0020 0.9733 0.2284
1752868734.3814 17.5966 0.3709 0.6001 -0.0211 -0.0015 0.9772 0.2113
1752868734.4823 17.5245 0.3612 0.6088 -0.0214 -0.0011 0.9803 0.1961
1752868734.5831 17.4720 0.3242 0.6049 -0.0212 -0.0010 0.9831 0.1819
1752868734.6840 17.4354 0.2970 0.6010 -0.0212 -0.0006 0.9857 0.1674
1752868734.7849 17.3808 0.3114 0.5933 -0.0211 -0.0002 0.9879 0.1539
1752868734.8857 17.3012 0.3458 0.5912 -0.0208 -0.0002 0.9895 0.1431
1752868734.9866 17.2224 0.3691 0.5821 -0.0208 -0.0006 0.9904 0.1365
1752868735.0874 17.1642 0.4058 0.5635 -0.0208 -0.0012 0.9905 0.1362
1752868735.1883 17.1228 0.4225 0.5602 -0.0209 -0.0015 0.9896 0.1422
1752868735.2892 17.0485 0.4574 0.5667 -0.0209 -0.0013 0.9878 0.1543
1752868735.3900 16.9827 0.5171 0.5727 -0.0208 -0.0011 0.9848 0.1726
1752868735.4909 16.9580 0.5711 0.5641 -0.0206 -0.0017 0.9804 0.1958
1752868735.5917 16.9554 0.6050 0.5592 -0.0207 -0.0024 0.9747 0.2228
1752868735.6926 16.9310 0.6710 0.5659 -0.0209 -0.0033 0.9672 0.2530
1752868735.7935 16.8619 0.7367 0.5659 -0.0209 -0.0042 0.9591 0.2824
1752868735.8943 16.8100 0.7869 0.5386 -0.0208 -0.0052 0.9507 0.3093
1752868735.9952 16.7852 0.8406 0.5157 -0.0203 -0.0060 0.9423 0.3342
1752868736.0960 16.7543 0.8709 0.5099 -0.0198 -0.0064 0.9340 0.3568
1752868736.1969 16.7657 0.9307 0.5232 -0.0196 -0.0068 0.9257 0.3777
1752868736.2978 16.8012 1.0062 0.5446 -0.0197 -0.0069 0.9168 0.3987
1752868736.3986 16.8145 1.0759 0.5467 -0.0197 -0.0074 0.9063 0.4221
1752868736.4995 16.8043 1.1413 0.5511 -0.0193 -0.0081 0.8948 0.4461
1752868736.6003 16.8240 1.1603 0.5653 -0.0190 -0.0084 0.8830 0.4688
1752868736.7012 16.8757 1.1496 0.5709 -0.0187 -0.0089 0.8702 0.4923
1752868736.8021 16.9250 1.1810 0.5910 -0.0185 -0.0094 0.8558 0.5169
1752868736.9029 16.9634 1.2533 0.5928 -0.0184 -0.0097 0.8402 0.5418
1752868737.0038 16.9849 1.3169 0.5919 -0.0182 -0.0103 0.8238 0.5665
1752868737.1046 17.0326 1.3254 0.6092 -0.0176 -0.0110 0.8071 0.5901
1752868737.2055 17.1017 1.3056 0.6310 -0.0173 -0.0116 0.7900 0.6127
1752868737.3064 17.1543 1.2898 0.6364 -0.0172 -0.0118 0.7732 0.6338
1752868737.4072 17.1895 1.3181 0.6279 -0.0172 -0.0122 0.7562 0.6540
1752868737.5081 17.1669 1.3274 0.6206 -0.0169 -0.0129 0.7394 0.6729
1752868737.6089 17.1666 1.3100 0.6271 -0.0164 -0.0133 0.7243 0.6891
1752868737.7098 17.2061 1.2652 0.6495 -0.0164 -0.0133 0.7110 0.7029
1752868737.8107 17.2500 1.2506 0.6276 -0.0159 -0.0135 0.6983 0.7155
1752868737.9115 17.3153 1.2626 0.5896 -0.0152 -0.0141 0.6859 0.7274
1752868738.0124 17.3473 1.2749 0.5694 -0.0152 -0.0144 0.6745 0.7379
1752868738.1132 17.3394 1.2857 0.5933 -0.0150 -0.0147 0.6649 0.7467
1752868738.2141 17.3310 1.2782 0.6333 -0.0150 -0.0147 0.6571 0.7535
1752868738.3150 17.3594 1.2334 0.6387 -0.0147 -0.0146 0.6508 0.7589
1752868738.4158 17.3947 1.1680 0.6115 -0.0146 -0.0148 0.6453 0.7636
1752868738.5167 17.4087 1.1646 0.5692 -0.0144 -0.0150 0.6397 0.7684
1752868738.6175 17.3770 1.1635 0.5725 -0.0142 -0.0153 0.6340 0.7730
1752868738.7184 17.3640 1.1508 0.6106 -0.0144 -0.0152 0.6270 0.7787
1752868738.8193 17.3845 1.1462 0.6399 -0.0141 -0.0152 0.6187 0.7854
1752868738.9201 17.4261 1.1208 0.6364 -0.0139 -0.0153 0.6093 0.7926
1752868739.0210 17.4574 1.0988 0.6205 -0.0138 -0.0157 0.6000 0.7997
1752868739.1218 17.4780 1.0828 0.6124 -0.0139 -0.0159 0.5923 0.8054
1752868739.2227 17.4672 1.0476 0.6048 -0.0138 -0.0159 0.5862 0.8099
1752868739.3236 17.4431 1.0106 0.6205 -0.0139 -0.0158 0.5800 0.8144
1752868739.4244 17.4378 1.0112 0.6319 -0.0137 -0.0158 0.5741 0.8185
1752868739.5253 17.4702 1.0083 0.6211 -0.0135 -0.0159 0.5683 0.8226
1752868739.6261 17.5073 0.9912 0.6071 -0.0137 -0.0161 0.5623 0.8266
1752868739.7270 17.5107 0.9517 0.6121 -0.0138 -0.0162 0.5575 0.8299
1752868739.8279 17.4970 0.9019 0.6280 -0.0138 -0.0161 0.5522 0.8334
1752868739.9287 17.4765 0.8758 0.6351 -0.0137 -0.0160 0.5460 0.8375
1752868740.0296 17.4932 0.8739 0.6189 -0.0133 -0.0160 0.5389 0.8421
1752868740.1304 17.5310 0.8897 0.6012 -0.0128 -0.0163 0.5320 0.8465
1752868740.2313 17.5435 0.9053 0.6128 -0.0129 -0.0166 0.5261 0.8501
1752868740.3322 17.5284 0.8956 0.6380 -0.0134 -0.0166 0.5201 0.8538
1752868740.4330 17.4908 0.8340 0.6338 -0.0135 -0.0164 0.5138 0.8577
1752868740.5339 17.5073 0.7816 0.6135 -0.0134 -0.0163 0.5065 0.8620
1752868740.6347 17.5514 0.7728 0.6176 -0.0131 -0.0164 0.4997 0.8659
1752868740.7356 17.5482 0.8104 0.6286 -0.0127 -0.0167 0.4928 0.8699
1752868740.8365 17.5552 0.8183 0.6398 -0.0126 -0.0169 0.4854 0.8740
1752868740.9373 17.5763 0.7586 0.6352 -0.0130 -0.0168 0.4777 0.8783
1752868741.0382 17.5825 0.7234 0.6161 -0.0130 -0.0168 0.4706 0.8821
1752868741.1390 17.5800 0.7347 0.6138 -0.0128 -0.0168 0.4627 0.8863
1752868741.2399 17.6001 0.7446 0.6232 -0.0125 -0.0171 0.4544 0.8906
1752868741.3408 17.6216 0.7307 0.6448 -0.0123 -0.0174 0.4464 0.8946
1752868741.4416 17.6277 0.7151 0.6508 -0.0124 -0.0173 0.4383 0.8986
1752868741.5425 17.6084 0.7168 0.6351 -0.0128 -0.0171 0.4284 0.9033
1752868741.6433 17.6365 0.6809 0.6242 -0.0128 -0.0170 0.4171 0.9086
1752868741.7442 17.6728 0.6709 0.6261 -0.0121 -0.0174 0.4053 0.9139
1752868741.8451 17.7370 0.6645 0.6382 -0.0115 -0.0179 0.3939 0.9189
1752868741.9459 17.7332 0.6403 0.6284 -0.0110 -0.0181 0.3841 0.9231
1752868742.0468 17.6994 0.6411 0.6313 -0.0114 -0.0180 0.3771 0.9259
1752868742.1476 17.6726 0.6617 0.6352 -0.0117 -0.0178 0.3713 0.9283
1752868742.2485 17.7232 0.6415 0.6540 -0.0117 -0.0178 0.3647 0.9309
1752868742.3494 17.7763 0.5953 0.6546 -0.0113 -0.0181 0.3572 0.9338
1752868742.4502 17.7920 0.5905 0.6530 -0.0107 -0.0183 0.3492 0.9368
1752868742.5511 17.7949 0.6023 0.6487 -0.0105 -0.0184 0.3432 0.9390
1752868742.6519 17.7856 0.6109 0.6469 -0.0108 -0.0183 0.3412 0.9398
1752868742.7528 17.7707 0.6273 0.6469 -0.0111 -0.0181 0.3414 0.9397
1752868742.8537 17.7705 0.6222 0.6428 -0.0109 -0.0180 0.3411 0.9398
1752868742.9545 17.7956 0.5989 0.6347 -0.0104 -0.0183 0.3374 0.9411
1752868743.0554 17.8309 0.5607 0.6417 -0.0106 -0.0186 0.3322 0.9430
1752868743.1562 17.8351 0.5361 0.6490 -0.0106 -0.0186 0.3302 0.9437
1752868743.2571 17.7902 0.5614 0.6485 -0.0106 -0.0185 0.3325 0.9429
1752868743.3580 17.7596 0.6338 0.6423 -0.0106 -0.0183 0.3352 0.9419
1752868743.4588 17.7743 0.6274 0.6342 -0.0104 -0.0182 0.3366 0.9414
1752868743.5597 17.8135 0.5627 0.6330 -0.0102 -0.0182 0.3364 0.9415
1752868743.6605 17.8283 0.5630 0.6362 -0.0105 -0.0185 0.3341 0.9423
1752868743.7614 17.7919 0.6087 0.6527 -0.0107 -0.0186 0.3326 0.9428
1752868743.8623 17.7973 0.6267 0.6609 -0.0109 -0.0185 0.3339 0.9424
1752868743.9631 17.8173 0.6267 0.6510 -0.0107 -0.0182 0.3356 0.9418
1752868744.0640 17.8279 0.5943 0.6274 -0.0104 -0.0181 0.3362 0.9416
1752868744.1648 17.7926 0.5740 0.6172 -0.0103 -0.0183 0.3348 0.9421
1752868744.2657 17.7810 0.5666 0.6345 -0.0106 -0.0186 0.3316 0.9432
1752868744.3666 17.8039 0.5816 0.6633 -0.0108 -0.0187 0.3267 0.9449
1752868744.4674 17.8500 0.6109 0.6718 -0.0106 -0.0187 0.3195 0.9473
1752868744.5683 17.8758 0.6240 0.6450 -0.0100 -0.0188 0.3102 0.9504
1752868744.6691 17.8945 0.5843 0.6296 -0.0096 -0.0188 0.2999 0.9537
1752868744.7700 17.9048 0.5685 0.6371 -0.0092 -0.0190 0.2894 0.9570
1752868744.8709 17.8896 0.5614 0.6722 -0.0095 -0.0189 0.2799 0.9598
1752868744.9717 17.8927 0.5802 0.6979 -0.0098 -0.0189 0.2730 0.9618
1752868745.0726 17.9720 0.5804 0.6917 -0.0097 -0.0190 0.2669 0.9635
1752868745.1734 18.0236 0.5669 0.6684 -0.0089 -0.0193 0.2598 0.9654
1752868745.2743 18.0343 0.5400 0.6637 -0.0088 -0.0193 0.2534 0.9671
1752868745.3752 18.0072 0.5492 0.6616 -0.0088 -0.0193 0.2482 0.9685
1752868745.4760 18.0200 0.5563 0.6632 -0.0089 -0.0194 0.2454 0.9692
1752868745.5769 18.0658 0.5591 0.6662 -0.0086 -0.0194 0.2433 0.9697
1752868745.6777 18.0823 0.5382 0.6870 -0.0087 -0.0196 0.2404 0.9704
1752868745.7786 18.0557 0.5199 0.6820 -0.0086 -0.0195 0.2372 0.9712
1752868745.8795 18.0407 0.5400 0.6608 -0.0084 -0.0195 0.2343 0.9719
1752868745.9803 18.0532 0.5540 0.6399 -0.0082 -0.0195 0.2316 0.9726
1752868746.0812 18.0765 0.5593 0.6414 -0.0082 -0.0196 0.2275 0.9735
1752868746.1820 18.0860 0.5356 0.6592 -0.0082 -0.0197 0.2231 0.9746
1752868746.2829 18.0653 0.5141 0.6697 -0.0080 -0.0196 0.2191 0.9755
1752868746.3838 18.0337 0.5027 0.6713 -0.0080 -0.0195 0.2168 0.9760
1752868746.4846 18.0279 0.4983 0.6689 -0.0080 -0.0196 0.2152 0.9763
1752868746.5855 18.0546 0.4687 0.6683 -0.0080 -0.0197 0.2138 0.9766
1752868746.6863 18.0831 0.4513 0.6744 -0.0082 -0.0198 0.2099 0.9775
1752868746.7872 18.1239 0.4349 0.6747 -0.0080 -0.0199 0.2025 0.9790
1752868746.8881 18.1209 0.4207 0.6729 -0.0073 -0.0198 0.1910 0.9814
1752868746.9889 18.0820 0.3966 0.6753 -0.0068 -0.0198 0.1769 0.9840
1752868747.0898 18.0482 0.3814 0.6692 -0.0063 -0.0198 0.1636 0.9863
1752868747.1906 18.0669 0.3616 0.6564 -0.0062 -0.0199 0.1526 0.9881
1752868747.2915 18.1205 0.3319 0.6763 -0.0065 -0.0200 0.1422 0.9896
1752868747.3924 18.1264 0.3228 0.6710 -0.0059 -0.0199 0.1305 0.9912
1752868747.4932 18.0883 0.3128 0.6620 -0.0049 -0.0197 0.1195 0.9926
1752868747.5941 18.0384 0.2981 0.6714 -0.0051 -0.0199 0.1103 0.9937
1752868747.6949 18.0197 0.2450 0.6680 -0.0053 -0.0200 0.1034 0.9944
1752868747.7958 18.0385 0.2259 0.6717 -0.0049 -0.0198 0.0953 0.9952
1752868747.8967 18.0765 0.2647 0.6944 -0.0049 -0.0197 0.0894 0.9958
1752868747.9975 18.0608 0.3087 0.6939 -0.0049 -0.0198 0.0884 0.9959
1752868748.0984 18.0427 0.3218 0.6867 -0.0052 -0.0200 0.0928 0.9955
1752868748.1992 18.0130 0.3126 0.6623 -0.0052 -0.0200 0.1005 0.9947
1752868748.3001 17.9905 0.3167 0.6603 -0.0052 -0.0199 0.1089 0.9938
1752868748.4010 18.0102 0.3079 0.6808 -0.0054 -0.0197 0.1149 0.9932
1752868748.5018 18.0380 0.2972 0.6726 -0.0054 -0.0197 0.1147 0.9932
1752868748.6027 18.0371 0.3081 0.6501 -0.0051 -0.0199 0.1117 0.9935
1752868748.7035 18.0361 0.3263 0.6546 -0.0050 -0.0200 0.1093 0.9938
1752868748.8044 18.0388 0.3375 0.6757 -0.0053 -0.0199 0.1102 0.9937
1752868748.9053 18.0339 0.3115 0.6817 -0.0057 -0.0198 0.1123 0.9935
1752868749.0061 18.0313 0.2929 0.6739 -0.0055 -0.0198 0.1139 0.9933
1752868749.1070 18.0332 0.3242 0.6668 -0.0052 -0.0198 0.1134 0.9933
1752868749.2078 18.0299 0.3581 0.6602 -0.0052 -0.0199 0.1121 0.9935
1752868749.3087 18.0415 0.3418 0.6626 -0.0052 -0.0200 0.1115 0.9935
1752868749.4096 18.0336 0.3092 0.6633 -0.0053 -0.0199 0.1131 0.9934
1752868749.5104 18.0352 0.3086 0.6689 -0.0054 -0.0198 0.1155 0.9931
1752868749.6113 18.0303 0.3192 0.6705 -0.0054 -0.0198 0.1168 0.9929
1752868749.7121 18.0224 0.3335 0.6647 -0.0054 -0.0199 0.1174 0.9929
1752868749.8130 18.0286 0.3514 0.6483 -0.0051 -0.0199 0.1180 0.9928
1752868749.9139 18.0449 0.3576 0.6449 -0.0051 -0.0198 0.1189 0.9927
1752868750.0147 18.0383 0.3314 0.6485 -0.0052 -0.0197 0.1204 0.9925
1752868750.1156 18.0301 0.3039 0.6534 -0.0051 -0.0197 0.1206 0.9925
1752868750.2164 18.0270 0.3112 0.6619 -0.0053 -0.0198 0.1195 0.9926
1752868750.3173 18.0330 0.3275 0.6676 -0.0057 -0.0200 0.1189 0.9927
1752868750.4182 18.0384 0.3500 0.6569 -0.0056 -0.0200 0.1188 0.9927
1752868750.5190 18.0461 0.3470 0.6413 -0.0052 -0.0199 0.1194 0.9926
1752868750.6199 18.0386 0.3278 0.6413 -0.0050 -0.0197 0.1199 0.9926
1752868750.7207 18.0244 0.3113 0.6517 -0.0049 -0.0196 0.1203 0.9925
1752868750.8216 18.0278 0.3328 0.6475 -0.0049 -0.0197 0.1202 0.9925
1752868750.9225 18.0339 0.3409 0.6498 -0.0051 -0.0197 0.1198 0.9926
1752868751.0233 18.0456 0.3399 0.6596 -0.0054 -0.0198 0.1194 0.9926
1752868751.1242 18.0445 0.3253 0.6651 -0.0056 -0.0198 0.1195 0.9926
1752868751.2250 18.0389 0.3307 0.6564 -0.0055 -0.0199 0.1198 0.9926
1752868751.3259 18.0343 0.3463 0.6430 -0.0050 -0.0198 0.1201 0.9926
1752868751.4268 18.0366 0.3445 0.6414 -0.0048 -0.0197 0.1203 0.9925
1752868751.5276 18.0380 0.3295 0.6414 -0.0050 -0.0198 0.1202 0.9925
1752868751.6285 18.0266 0.3146 0.6505 -0.0053 -0.0198 0.1203 0.9925
1752868751.7293 18.0367 0.3217 0.6534 -0.0053 -0.0199 0.1208 0.9925
1752868751.8302 18.0492 0.3342 0.6643 -0.0054 -0.0199 0.1212 0.9924
1752868751.9311 18.0528 0.3525 0.6618 -0.0054 -0.0199 0.1211 0.9924
1752868752.0319 18.0357 0.3499 0.6583 -0.0053 -0.0198 0.1208 0.9925
1752868752.1328 18.0119 0.3385 0.6561 -0.0054 -0.0197 0.1204 0.9925
1752868752.2336 18.0101 0.3213 0.6485 -0.0051 -0.0197 0.1205 0.9925
1752868752.3345 18.0259 0.3130 0.6492 -0.0051 -0.0198 0.1205 0.9925
1752868752.4354 18.0545 0.3219 0.6474 -0.0049 -0.0199 0.1208 0.9925
1752868752.5362 18.0543 0.3185 0.6535 -0.0052 -0.0199 0.1209 0.9925
1752868752.6371 18.0320 0.3300 0.6486 -0.0054 -0.0198 0.1206 0.9925
1752868752.7379 18.0152 0.3395 0.6530 -0.0054 -0.0198 0.1203 0.9925
1752868752.8388 18.0198 0.3400 0.6529 -0.0052 -0.0198 0.1202 0.9925
1752868752.9397 18.0468 0.3346 0.6461 -0.0051 -0.0199 0.1206 0.9925
1752868753.0405 18.0619 0.3262 0.6471 -0.0051 -0.0199 0.1206 0.9925
1752868753.1414 18.0493 0.3237 0.6529 -0.0052 -0.0198 0.1204 0.9925
1752868753.2422 18.0293 0.3328 0.6583 -0.0053 -0.0198 0.1200 0.9926
1752868753.3431 18.0247 0.3369 0.6647 -0.0054 -0.0198 0.1201 0.9925
1752868753.4440 18.0393 0.3435 0.6636 -0.0053 -0.0199 0.1206 0.9925
1752868753.5448 18.0545 0.3492 0.6592 -0.0053 -0.0200 0.1208 0.9925
1752868753.6457 18.0568 0.3431 0.6446 -0.0050 -0.0199 0.1206 0.9925
1752868753.7465 18.0419 0.3328 0.6470 -0.0050 -0.0197 0.1204 0.9925
1752868753.8474 18.0262 0.3147 0.6600 -0.0053 -0.0197 0.1207 0.9925
1752868753.9483 18.0253 0.3057 0.6742 -0.0056 -0.0197 0.1208 0.9925
1752868754.0491 18.0241 0.3091 0.6809 -0.0057 -0.0197 0.1207 0.9925
1752868754.1500 18.0355 0.3216 0.6567 -0.0054 -0.0199 0.1206 0.9925
1752868754.2508 18.0514 0.3419 0.6352 -0.0051 -0.0199 0.1205 0.9925
1752868754.3517 18.0537 0.3661 0.6351 -0.0049 -0.0198 0.1205 0.9925
1752868754.4526 18.0409 0.3576 0.6492 -0.0051 -0.0198 0.1207 0.9925
1752868754.5534 18.0259 0.3343 0.6581 -0.0052 -0.0198 0.1207 0.9925
1752868754.6543 18.0226 0.3160 0.6518 -0.0051 -0.0198 0.1205 0.9925
1752868754.7551 18.0328 0.3347 0.6386 -0.0050 -0.0199 0.1202 0.9925
1752868754.8560 18.0482 0.3515 0.6474 -0.0050 -0.0198 0.1202 0.9925
1752868754.9569 18.0498 0.3429 0.6485 -0.0049 -0.0199 0.1207 0.9925
1752868755.0577 18.0437 0.3188 0.6472 -0.0050 -0.0198 0.1212 0.9924
1752868755.1586 18.0124 0.2979 0.6560 -0.0054 -0.0197 0.1211 0.9924
1752868755.2594 18.0088 0.3050 0.6728 -0.0057 -0.0198 0.1216 0.9924
1752868755.3603 18.0425 0.3405 0.6698 -0.0052 -0.0199 0.1216 0.9924
1752868755.4612 18.0771 0.3716 0.6599 -0.0053 -0.0201 0.1217 0.9923
1752868755.5620 18.0645 0.3536 0.6533 -0.0054 -0.0200 0.1204 0.9925
1752868755.6629 18.0150 0.3130 0.6474 -0.0052 -0.0197 0.1194 0.9926
1752868755.7637 17.9652 0.2778 0.6525 -0.0053 -0.0197 0.1203 0.9925
1752868755.8646 17.9519 0.2853 0.6687 -0.0055 -0.0197 0.1240 0.9921
1752868755.9655 17.9631 0.3222 0.6617 -0.0056 -0.0198 0.1302 0.9913
1752868756.0663 17.9128 0.3512 0.6464 -0.0058 -0.0198 0.1395 0.9900
1752868756.1672 17.8271 0.3728 0.6431 -0.0063 -0.0197 0.1527 0.9881
1752868756.2680 17.7899 0.3859 0.6621 -0.0073 -0.0197 0.1690 0.9854
1752868756.3689 17.7651 0.3478 0.6864 -0.0084 -0.0195 0.1887 0.9818
1752868756.4698 17.7551 0.3430 0.6618 -0.0084 -0.0194 0.2097 0.9775
1752868756.5706 17.7017 0.4291 0.6170 -0.0080 -0.0192 0.2310 0.9727
1752868756.6715 17.6102 0.4805 0.6081 -0.0086 -0.0192 0.2533 0.9671
1752868756.7723 17.5556 0.4721 0.6405 -0.0098 -0.0190 0.2758 0.9610
1752868756.8732 17.5230 0.4725 0.6702 -0.0105 -0.0185 0.2995 0.9538
1752868756.9741 17.4994 0.5033 0.6397 -0.0106 -0.0182 0.3243 0.9457
1752868757.0749 17.4594 0.5458 0.5960 -0.0104 -0.0181 0.3479 0.9373
1752868757.1758 17.4108 0.5857 0.5663 -0.0104 -0.0179 0.3711 0.9284
1752868757.2766 17.4136 0.5922 0.5778 -0.0112 -0.0177 0.3905 0.9204
1752868757.3775 17.3941 0.5584 0.6171 -0.0122 -0.0175 0.4082 0.9127
1752868757.4784 17.3606 0.5409 0.6388 -0.0129 -0.0170 0.4261 0.9044
1752868757.5792 17.3163 0.5902 0.6078 -0.0125 -0.0169 0.4428 0.8964
1752868757.6801 17.3066 0.6379 0.5976 -0.0124 -0.0168 0.4566 0.8894
1752868757.7809 17.2887 0.6755 0.5983 -0.0128 -0.0167 0.4697 0.8826
1752868757.8818 17.2584 0.6542 0.6081 -0.0134 -0.0165 0.4819 0.8759
1752868757.9827 17.2556 0.6500 0.6189 -0.0138 -0.0163 0.4912 0.8708
1752868758.0835 17.2450 0.6611 0.6041 -0.0137 -0.0163 0.4987 0.8665
1752868758.1844 17.2473 0.6960 0.5889 -0.0134 -0.0163 0.5041 0.8634
1752868758.2852 17.2609 0.6921 0.5783 -0.0134 -0.0162 0.5065 0.8620
1752868758.3861 17.2736 0.6978 0.5947 -0.0137 -0.0161 0.5060 0.8623
1752868758.4869 17.2636 0.6954 0.6143 -0.0142 -0.0160 0.5047 0.8630
1752868758.5878 17.2676 0.6903 0.6012 -0.0137 -0.0159 0.5047 0.8631
1752868758.6887 17.3034 0.7120 0.5850 -0.0134 -0.0159 0.5057 0.8625
1752868758.7895 17.2929 0.7297 0.5691 -0.0132 -0.0161 0.5073 0.8615
1752868758.8904 17.2653 0.7377 0.5707 -0.0132 -0.0161 0.5083 0.8609
1752868758.9912 17.2747 0.7058 0.5806 -0.0136 -0.0160 0.5091 0.8605
1752868759.0921 17.2877 0.6943 0.5923 -0.0139 -0.0160 0.5100 0.8599
1752868759.1930 17.2874 0.7254 0.5900 -0.0138 -0.0159 0.5111 0.8593
1752868759.2938 17.2893 0.7289 0.5877 -0.0137 -0.0159 0.5124 0.8585
1752868759.3947 17.2777 0.7240 0.5796 -0.0137 -0.0159 0.5155 0.8567
1752868759.4955 17.2689 0.7501 0.5853 -0.0138 -0.0158 0.5203 0.8537
1752868759.5964 17.2677 0.7618 0.6026 -0.0142 -0.0157 0.5236 0.8517
1752868759.6973 17.2717 0.7532 0.6171 -0.0143 -0.0156 0.5253 0.8506
1752868759.7981 17.2682 0.7666 0.6099 -0.0142 -0.0156 0.5264 0.8499
1752868759.8990 17.2839 0.8132 0.5958 -0.0140 -0.0157 0.5294 0.8481
1752868759.9998 17.3028 0.8443 0.5777 -0.0138 -0.0157 0.5337 0.8454
1752868760.1007 17.3000 0.8280 0.5913 -0.0140 -0.0156 0.5382 0.8426
1752868760.2016 17.2637 0.7961 0.5871 -0.0137 -0.0156 0.5423 0.8399
1752868760.3024 17.2584 0.8233 0.5947 -0.0138 -0.0155 0.5456 0.8378
1752868760.4033 17.2767 0.8887 0.6161 -0.0141 -0.0154 0.5479 0.8363
1752868760.5041 17.2867 0.9503 0.6094 -0.0140 -0.0154 0.5509 0.8343
1752868760.6050 17.2815 0.9476 0.5993 -0.0139 -0.0155 0.5543 0.8321
1752868760.7059 17.2861 0.9302 0.5917 -0.0136 -0.0156 0.5586 0.8292
1752868760.8067 17.2946 0.9240 0.5921 -0.0138 -0.0154 0.5626 0.8265
1752868760.9076 17.2937 0.9587 0.5888 -0.0139 -0.0153 0.5661 0.8241
1752868761.0084 17.2995 1.0077 0.5976 -0.0140 -0.0152 0.5692 0.8220
1752868761.1093 17.3192 1.0624 0.6121 -0.0140 -0.0153 0.5739 0.8187
1752868761.2102 17.2919 1.0923 0.5966 -0.0135 -0.0153 0.5826 0.8125
1752868761.3110 17.2730 1.0857 0.5864 -0.0135 -0.0152 0.5963 0.8025
1752868761.4119 17.2592 1.0620 0.5935 -0.0142 -0.0148 0.6125 0.7902
1752868761.5127 17.2008 1.0625 0.5908 -0.0148 -0.0145 0.6291 0.7770
1752868761.6136 17.1187 1.1441 0.5963 -0.0154 -0.0141 0.6457 0.7633
1752868761.7145 17.1129 1.2139 0.6104 -0.0157 -0.0142 0.6633 0.7481
1752868761.8153 17.0859 1.1657 0.6174 -0.0157 -0.0138 0.6829 0.7302
1752868761.9162 17.0156 1.1045 0.5955 -0.0157 -0.0132 0.7027 0.7112
1752868762.0170 16.9051 1.1204 0.5836 -0.0161 -0.0128 0.7215 0.6922
1752868762.1179 16.8398 1.1533 0.5881 -0.0166 -0.0126 0.7371 0.6755
1752868762.2188 16.8230 1.1852 0.5974 -0.0171 -0.0122 0.7493 0.6619
1752868762.3196 16.8112 1.1980 0.5834 -0.0172 -0.0119 0.7600 0.6496
1752868762.4205 16.8298 1.2207 0.5837 -0.0171 -0.0116 0.7706 0.6369
1752868762.5213 16.8066 1.2435 0.5866 -0.0172 -0.0116 0.7812 0.6239
1752868762.6222 16.7385 1.2441 0.5823 -0.0171 -0.0114 0.7922 0.6099
1752868762.7231 16.6813 1.2738 0.5905 -0.0173 -0.0106 0.8043 0.5939
1752868762.8239 16.6365 1.2692 0.5786 -0.0177 -0.0100 0.8173 0.5759
1752868762.9248 16.6256 1.2517 0.5791 -0.0180 -0.0098 0.8303 0.5570
1752868763.0256 16.5762 1.2683 0.5724 -0.0181 -0.0098 0.8427 0.5380
1752868763.1265 16.5314 1.2669 0.5481 -0.0181 -0.0099 0.8546 0.5189
1752868763.2274 16.4668 1.2532 0.5477 -0.0183 -0.0094 0.8655 0.5005
1752868763.3282 16.4085 1.2905 0.5300 -0.0185 -0.0088 0.8751 0.4836
1752868763.4291 16.3472 1.3314 0.5238 -0.0187 -0.0085 0.8831 0.4687
1752868763.5299 16.2790 1.3006 0.5498 -0.0186 -0.0087 0.8897 0.4561
1752868763.6308 16.2323 1.3100 0.5601 -0.0186 -0.0086 0.8959 0.4437
1752868763.7317 16.1945 1.3501 0.5469 -0.0188 -0.0084 0.9002 0.4350
1752868763.8325 16.1851 1.3733 0.5117 -0.0189 -0.0081 0.9033 0.4285
1752868763.9334 16.1526 1.4005 0.4973 -0.0189 -0.0080 0.9047 0.4255
1752868764.0342 16.1119 1.4128 0.5185 -0.0189 -0.0081 0.9053 0.4244
1752868764.1351 16.0659 1.4577 0.5387 -0.0190 -0.0081 0.9059 0.4231
1752868764.2360 16.0186 1.4693 0.5424 -0.0190 -0.0080 0.9068 0.4211
1752868764.3368 16.0009 1.4987 0.5264 -0.0187 -0.0080 0.9078 0.4189
1752868764.4377 15.9830 1.5282 0.5158 -0.0189 -0.0078 0.9084 0.4175
1752868764.5385 15.9582 1.5739 0.5135 -0.0192 -0.0076 0.9085 0.4174
1752868764.6394 15.9449 1.6280 0.5278 -0.0194 -0.0075 0.9079 0.4186
1752868764.7403 15.9013 1.6670 0.5317 -0.0192 -0.0077 0.9074 0.4197
1752868764.8411 15.8452 1.6824 0.5225 -0.0191 -0.0077 0.9073 0.4199
1752868764.9420 15.7963 1.6946 0.5122 -0.0191 -0.0076 0.9070 0.4206
1752868765.0428 15.7814 1.7117 0.5020 -0.0193 -0.0077 0.9067 0.4212
1752868765.1437 15.7741 1.7542 0.4950 -0.0194 -0.0077 0.9059 0.4230
1752868765.2446 15.7083 1.8076 0.4997 -0.0192 -0.0079 0.9047 0.4254
1752868765.3454 15.6377 1.8618 0.4957 -0.0190 -0.0079 0.9036 0.4279
1752868765.4463 15.6364 1.9001 0.4940 -0.0191 -0.0079 0.9026 0.4299
1752868765.5471 15.6447 1.9382 0.4910 -0.0194 -0.0079 0.9018 0.4316
1752868765.6480 15.5908 2.0012 0.4738 -0.0196 -0.0080 0.9007 0.4339
1752868765.7489 15.5132 2.0544 0.4513 -0.0198 -0.0081 0.8996 0.4363
1752868765.8497 15.4705 2.0701 0.4440 -0.0198 -0.0082 0.8982 0.4390
1752868765.9506 15.4390 2.1189 0.4536 -0.0193 -0.0084 0.8970 0.4415
1752868766.0514 15.4288 2.1769 0.4495 -0.0188 -0.0088 0.8960 0.4437
1752868766.1523 15.4189 2.2256 0.4418 -0.0185 -0.0090 0.8949 0.4458
1752868766.2532 15.4082 2.2546 0.4435 -0.0189 -0.0088 0.8936 0.4483
1752868766.3540 15.3515 2.2390 0.4408 -0.0196 -0.0084 0.8924 0.4508
1752868766.4549 15.3265 2.2561 0.4431 -0.0195 -0.0084 0.8914 0.4528
1752868766.5557 15.3167 2.3231 0.4413 -0.0188 -0.0088 0.8909 0.4536
1752868766.6566 15.3036 2.4111 0.4377 -0.0182 -0.0093 0.8907 0.4542
1752868766.7575 15.2670 2.4645 0.4397 -0.0182 -0.0094 0.8900 0.4555
1752868766.8583 15.2023 2.4726 0.4347 -0.0187 -0.0089 0.8884 0.4585
1752868766.9592 15.1566 2.4742 0.4361 -0.0191 -0.0085 0.8869 0.4615
1752868767.0600 15.1606 2.5313 0.4183 -0.0188 -0.0088 0.8854 0.4644
1752868767.1609 15.1785 2.5941 0.4137 -0.0183 -0.0094 0.8838 0.4674
1752868767.2618 15.1478 2.6172 0.4318 -0.0183 -0.0094 0.8821 0.4706
1752868767.3626 15.0857 2.6400 0.4425 -0.0184 -0.0093 0.8805 0.4735
1752868767.4635 15.0551 2.6893 0.4178 -0.0183 -0.0092 0.8793 0.4759
1752868767.5643 15.0588 2.7076 0.4041 -0.0183 -0.0090 0.8783 0.4777
1752868767.6652 15.0339 2.7728 0.4197 -0.0183 -0.0090 0.8766 0.4808
1752868767.7661 15.0149 2.8123 0.4340 -0.0184 -0.0092 0.8753 0.4832
1752868767.8669 15.0109 2.8206 0.4354 -0.0182 -0.0097 0.8745 0.4846
1752868767.9678 15.0089 2.8487 0.4262 -0.0181 -0.0099 0.8740 0.4856
1752868768.0686 14.9921 2.8923 0.4177 -0.0181 -0.0097 0.8730 0.4872
1752868768.1695 14.9264 2.9043 0.4059 -0.0179 -0.0092 0.8724 0.4883
1752868768.2704 14.8683 2.9795 0.4106 -0.0181 -0.0092 0.8720 0.4890
1752868768.3712 14.8597 3.0652 0.4212 -0.0183 -0.0094 0.8716 0.4898
1752868768.4721 14.8623 3.0401 0.4336 -0.0181 -0.0096 0.8710 0.4909
1752868768.5729 14.8487 3.0522 0.4295 -0.0182 -0.0095 0.8707 0.4914
1752868768.6738 14.8277 3.0846 0.4193 -0.0181 -0.0095 0.8707 0.4914
1752868768.7747 14.7809 3.1527 0.4032 -0.0180 -0.0095 0.8707 0.4914
1752868768.8755 14.7359 3.2047 0.3874 -0.0177 -0.0094 0.8708 0.4912
1752868768.9764 14.7092 3.2006 0.3994 -0.0179 -0.0094 0.8714 0.4901
1752868769.0772 14.6712 3.2668 0.4200 -0.0181 -0.0096 0.8727 0.4878
1752868769.1781 14.6602 3.3276 0.4344 -0.0182 -0.0095 0.8745 0.4847
1752868769.2790 14.6277 3.3878 0.4215 -0.0181 -0.0092 0.8759 0.4821
1752868769.3798 14.5595 3.4464 0.4086 -0.0179 -0.0089 0.8766 0.4808
1752868769.4807 14.5145 3.4706 0.3945 -0.0174 -0.0092 0.8776 0.4790
1752868769.5815 14.4989 3.4879 0.3959 -0.0175 -0.0094 0.8792 0.4761
1752868769.6824 14.4676 3.5353 0.4023 -0.0179 -0.0094 0.8815 0.4717
1752868769.7833 14.4061 3.5978 0.4209 -0.0182 -0.0091 0.8835 0.4680
1752868769.8841 14.3439 3.6528 0.4104 -0.0180 -0.0090 0.8844 0.4662
1752868769.9850 14.2881 3.7272 0.3789 -0.0177 -0.0090 0.8845 0.4661
1752868770.0858 14.2678 3.8067 0.3657 -0.0177 -0.0091 0.8835 0.4680
1752868770.1867 14.2287 3.8498 0.3781 -0.0176 -0.0093 0.8823 0.4702
1752868770.2876 14.1801 3.8908 0.3910 -0.0176 -0.0094 0.8811 0.4726
1752868770.3884 14.1418 3.9589 0.3883 -0.0178 -0.0093 0.8791 0.4762
1752868770.4893 14.1037 4.0355 0.3789 -0.0178 -0.0093 0.8762 0.4816
1752868770.5901 14.1087 4.0848 0.3552 -0.0172 -0.0095 0.8726 0.4880
1752868770.6910 14.1002 4.1393 0.3537 -0.0168 -0.0098 0.8687 0.4950
1752868770.7919 14.0492 4.1918 0.3643 -0.0168 -0.0100 0.8647 0.5019
1752868770.8927 13.9920 4.2496 0.3764 -0.0169 -0.0101 0.8609 0.5085
1752868770.9936 13.9968 4.3304 0.3705 -0.0169 -0.0104 0.8570 0.5150
1752868771.0944 14.0078 4.3975 0.3521 -0.0166 -0.0106 0.8528 0.5219
1752868771.1953 13.9736 4.4548 0.3319 -0.0164 -0.0108 0.8485 0.5288
1752868771.2962 13.9501 4.4933 0.3305 -0.0163 -0.0108 0.8448 0.5347
1752868771.3970 13.9262 4.5154 0.3494 -0.0162 -0.0110 0.8413 0.5402
1752868771.4979 13.8989 4.5642 0.3545 -0.0161 -0.0111 0.8377 0.5457
1752868771.5987 13.8703 4.6520 0.3463 -0.0160 -0.0112 0.8343 0.5510
1752868771.6996 13.8419 4.7072 0.3328 -0.0161 -0.0113 0.8316 0.5550
1752868771.8005 13.8258 4.7755 0.3308 -0.0159 -0.0114 0.8290 0.5589
1752868771.9013 13.7910 4.8564 0.3364 -0.0157 -0.0116 0.8269 0.5620
1752868772.0022 13.7396 4.9231 0.3422 -0.0158 -0.0115 0.8260 0.5634
1752868772.1030 13.7124 4.9765 0.3370 -0.0159 -0.0114 0.8259 0.5634
1752868772.2039 13.6978 5.0201 0.3284 -0.0157 -0.0116 0.8258 0.5637
1752868772.3048 13.6611 5.0763 0.3206 -0.0153 -0.0118 0.8254 0.5642
1752868772.4056 13.5859 5.1501 0.3284 -0.0153 -0.0118 0.8254 0.5643
1752868772.5065 13.5410 5.2447 0.3292 -0.0153 -0.0117 0.8256 0.5639
1752868772.6073 13.5425 5.3094 0.3141 -0.0158 -0.0115 0.8261 0.5632
1752868772.7082 13.5383 5.3684 0.2955 -0.0164 -0.0114 0.8260 0.5633
1752868772.8091 13.4893 5.4588 0.2975 -0.0160 -0.0116 0.8258 0.5636
1752868772.9099 13.4513 5.5350 0.3071 -0.0154 -0.0118 0.8254 0.5641
1752868773.0108 13.4227 5.5999 0.3131 -0.0154 -0.0118 0.8257 0.5638
1752868773.1116 13.3924 5.6575 0.3054 -0.0154 -0.0117 0.8267 0.5623
1752868773.2125 13.3495 5.6741 0.2916 -0.0155 -0.0117 0.8280 0.5604
1752868773.3134 13.3284 5.7055 0.2831 -0.0155 -0.0117 0.8298 0.5577
1752868773.4142 13.3281 5.7460 0.2909 -0.0153 -0.0117 0.8318 0.5547
1752868773.5151 13.2911 5.7849 0.3014 -0.0152 -0.0117 0.8325 0.5536
1752868773.6159 13.2373 5.8576 0.2892 -0.0151 -0.0117 0.8329 0.5532
1752868773.7168 13.1928 5.9052 0.2821 -0.0153 -0.0117 0.8337 0.5519
1752868773.8177 13.1898 5.9285 0.2812 -0.0154 -0.0117 0.8348 0.5502
1752868773.9185 13.1871 5.9274 0.2832 -0.0153 -0.0117 0.8370 0.5468
1752868774.0194 13.1797 5.9452 0.2873 -0.0148 -0.0118 0.8390 0.5439
1752868774.1202 13.1922 5.9630 0.2850 -0.0146 -0.0120 0.8396 0.5429
1752868774.2211 13.1764 5.9883 0.2847 -0.0150 -0.0119 0.8392 0.5434
1752868774.3220 13.1761 6.0267 0.2932 -0.0154 -0.0116 0.8389 0.5440
1752868774.4228 13.1743 6.0807 0.2804 -0.0154 -0.0115 0.8386 0.5444
1752868774.5237 13.1629 6.1331 0.2830 -0.0151 -0.0117 0.8381 0.5452
1752868774.6245 13.1177 6.1816 0.2931 -0.0150 -0.0118 0.8371 0.5467
1752868774.7254 13.0693 6.2378 0.2866 -0.0147 -0.0121 0.8356 0.5490
1752868774.8263 13.0425 6.2872 0.2762 -0.0147 -0.0122 0.8340 0.5515
1752868774.9271 13.0269 6.3074 0.2693 -0.0148 -0.0120 0.8326 0.5535
1752868775.0280 13.0228 6.3416 0.2722 -0.0150 -0.0119 0.8313 0.5554
1752868775.1288 13.0049 6.3973 0.2733 -0.0149 -0.0121 0.8291 0.5587
1752868775.2297 12.9488 6.5063 0.2732 -0.0144 -0.0126 0.8264 0.5627
1752868775.3306 12.9172 6.5796 0.2726 -0.0139 -0.0130 0.8229 0.5679
1752868775.4314 12.9069 6.6104 0.2660 -0.0139 -0.0129 0.8177 0.5753
1752868775.5323 12.9258 6.6867 0.2715 -0.0145 -0.0125 0.8120 0.5834
1752868775.6331 12.9267 6.8034 0.2870 -0.0148 -0.0124 0.8070 0.5902
1752868775.7340 12.9006 6.8817 0.3052 -0.0146 -0.0125 0.8016 0.5975
1752868775.8349 12.8781 6.9527 0.3117 -0.0140 -0.0129 0.7974 0.6032
1752868775.9357 12.8721 6.9769 0.2945 -0.0136 -0.0133 0.7931 0.6088
1752868776.0366 12.8598 7.0153 0.2830 -0.0138 -0.0133 0.7895 0.6134
1752868776.1374 12.8400 7.1173 0.2818 -0.0142 -0.0131 0.7877 0.6158
1752868776.2383 12.7936 7.1743 0.2858 -0.0142 -0.0132 0.7860 0.6179
1752868776.3392 12.7501 7.2076 0.2797 -0.0136 -0.0135 0.7846 0.6198
1752868776.4400 12.7538 7.2663 0.2814 -0.0130 -0.0138 0.7836 0.6210
1752868776.5409 12.7781 7.3435 0.2856 -0.0132 -0.0137 0.7824 0.6225
1752868776.6417 12.7571 7.4124 0.2902 -0.0135 -0.0137 0.7809 0.6243
1752868776.7426 12.6959 7.4679 0.2889 -0.0138 -0.0136 0.7804 0.6249
1752868776.8435 12.6958 7.5053 0.2772 -0.0135 -0.0136 0.7811 0.6241
1752868776.9443 12.6776 7.5306 0.2773 -0.0131 -0.0138 0.7819 0.6232
1752868777.0452 12.6537 7.5986 0.2802 -0.0131 -0.0138 0.7826 0.6222
1752868777.1460 12.6402 7.6965 0.2752 -0.0133 -0.0137 0.7836 0.6210
1752868777.2469 12.6565 7.7704 0.2707 -0.0134 -0.0137 0.7840 0.6205
1752868777.3478 12.6714 7.7721 0.2732 -0.0133 -0.0139 0.7839 0.6206
1752868777.4486 12.6098 7.7739 0.2800 -0.0133 -0.0139 0.7826 0.6222
1752868777.5495 12.5765 7.8209 0.2885 -0.0134 -0.0138 0.7816 0.6235
1752868777.6503 12.5613 7.9008 0.2839 -0.0134 -0.0137 0.7806 0.6247
1752868777.7512 12.5582 7.9789 0.2716 -0.0131 -0.0139 0.7799 0.6256
1752868777.8521 12.5553 8.0368 0.2743 -0.0130 -0.0140 0.7789 0.6268
1752868777.9529 12.5193 8.0649 0.2842 -0.0133 -0.0140 0.7772 0.6289
1752868778.0538 12.4692 8.1150 0.2784 -0.0133 -0.0140 0.7736 0.6333
1752868778.1546 12.4885 8.1962 0.2722 -0.0131 -0.0142 0.7690 0.6389
1752868778.2555 12.5139 8.2863 0.2658 -0.0128 -0.0144 0.7644 0.6445
1752868778.3564 12.5408 8.3516 0.2727 -0.0125 -0.0145 0.7596 0.6501
1752868778.4572 12.5327 8.3576 0.2837 -0.0125 -0.0146 0.7544 0.6561
1752868778.5581 12.5192 8.3767 0.2884 -0.0127 -0.0146 0.7494 0.6619
1752868778.6589 12.5285 8.4345 0.2856 -0.0127 -0.0145 0.7441 0.6678
1752868778.7598 12.5512 8.5409 0.2831 -0.0128 -0.0146 0.7378 0.6747
1752868778.8607 12.6002 8.6428 0.2899 -0.0123 -0.0150 0.7308 0.6824
1752868778.9615 12.6021 8.6744 0.3026 -0.0119 -0.0154 0.7231 0.6904
1752868779.0624 12.5847 8.6906 0.3128 -0.0118 -0.0155 0.7150 0.6989
1752868779.1632 12.5620 8.7421 0.3174 -0.0119 -0.0154 0.7065 0.7074
1752868779.2641 12.5941 8.8872 0.3082 -0.0119 -0.0154 0.6974 0.7165
1752868779.3650 12.6519 8.9265 0.3080 -0.0115 -0.0157 0.6872 0.7262
1752868779.4658 12.6691 8.9596 0.3137 -0.0110 -0.0160 0.6772 0.7355
1752868779.5667 12.6851 8.9632 0.3178 -0.0107 -0.0162 0.6671 0.7447
1752868779.6675 12.6895 8.9931 0.3156 -0.0108 -0.0164 0.6569 0.7537
1752868779.7684 12.7218 9.0422 0.3153 -0.0107 -0.0164 0.6468 0.7624
1752868779.8693 12.7755 9.0825 0.3147 -0.0103 -0.0166 0.6363 0.7712
1752868779.9701 12.8044 9.1548 0.3297 -0.0099 -0.0168 0.6256 0.7799
1752868780.0710 12.8449 9.1943 0.3426 -0.0098 -0.0170 0.6154 0.7880
1752868780.1718 12.8499 9.2126 0.3433 -0.0099 -0.0171 0.6048 0.7961
1752868780.2727 12.8576 9.2256 0.3358 -0.0095 -0.0173 0.5940 0.8042
1752868780.3736 12.8950 9.2425 0.3249 -0.0091 -0.0174 0.5827 0.8124
1752868780.4744 12.9766 9.2909 0.3292 -0.0089 -0.0176 0.5724 0.8198
1752868780.5753 13.0329 9.3450 0.3488 -0.0089 -0.0177 0.5616 0.8272
1752868780.6761 13.0444 9.3701 0.3654 -0.0088 -0.0178 0.5495 0.8353
1752868780.7770 13.0375 9.4245 0.3640 -0.0084 -0.0180 0.5357 0.8441
1752868780.8779 13.0931 9.4420 0.3486 -0.0078 -0.0183 0.5215 0.8530
1752868780.9787 13.1703 9.4069 0.3616 -0.0074 -0.0184 0.5066 0.8619
1752868781.0796 13.2179 9.3794 0.3750 -0.0072 -0.0183 0.4918 0.8705
1752868781.1804 13.2499 9.4121 0.3826 -0.0071 -0.0184 0.4765 0.8789
1752868781.2813 13.2905 9.5039 0.3753 -0.0067 -0.0187 0.4607 0.8873
1752868781.3822 13.3443 9.5132 0.3823 -0.0064 -0.0189 0.4443 0.8957
1752868781.4830 13.3938 9.4685 0.3843 -0.0063 -0.0190 0.4279 0.9036
1752868781.5839 13.4275 9.4358 0.3847 -0.0061 -0.0192 0.4120 0.9110
1752868781.6847 13.4798 9.4803 0.4018 -0.0057 -0.0193 0.3952 0.9184
1752868781.7856 13.5433 9.5387 0.4084 -0.0052 -0.0194 0.3792 0.9251
1752868781.8865 13.5887 9.5286 0.4216 -0.0050 -0.0194 0.3643 0.9310
1752868781.9873 13.6327 9.5120 0.4184 -0.0046 -0.0196 0.3487 0.9370
1752868782.0882 13.6793 9.4852 0.4167 -0.0045 -0.0199 0.3327 0.9428
1752868782.1890 13.7584 9.5192 0.4050 -0.0041 -0.0202 0.3161 0.9485
1752868782.2899 13.8396 9.5547 0.4092 -0.0037 -0.0204 0.2979 0.9544
1752868782.3908 13.8866 9.5863 0.4293 -0.0032 -0.0203 0.2780 0.9604
1752868782.4916 13.9126 9.5898 0.4522 -0.0028 -0.0202 0.2579 0.9660
1752868782.5925 13.9620 9.5560 0.4708 -0.0025 -0.0203 0.2385 0.9709
1752868782.6933 14.0447 9.5399 0.4610 -0.0024 -0.0207 0.2176 0.9758
1752868782.7942 14.1433 9.6566 0.4199 -0.0019 -0.0213 0.1942 0.9807
1752868782.8951 14.1431 9.7794 0.3963 -0.0010 -0.0218 0.1746 0.9844
1752868782.9959 14.1520 9.6556 0.4212 -0.0004 -0.0214 0.1638 0.9863
1752868783.0968 14.2464 9.3937 0.4785 -0.0006 -0.0208 0.1557 0.9876
1752868783.1976 14.3067 9.2700 0.5247 -0.0007 -0.0202 0.1482 0.9888
1752868783.2985 14.2981 9.3621 0.5002 -0.0006 -0.0206 0.1343 0.9907
1752868783.3994 14.2921 9.5593 0.4476 -0.0005 -0.0214 0.1216 0.9924
1752868783.5002 14.2845 9.6210 0.4088 -0.0001 -0.0219 0.1163 0.9930
1752868783.6011 14.2551 9.4943 0.4271 0.0002 -0.0215 0.1153 0.9931
1752868783.7019 14.2684 9.3438 0.4744 0.0000 -0.0208 0.1143 0.9932
1752868783.8028 14.3080 9.3185 0.4952 -0.0003 -0.0207 0.1111 0.9936
1752868783.9037 14.3721 9.4606 0.4683 -0.0002 -0.0210 0.1050 0.9942
1752868784.0045 14.4024 9.5978 0.4302 0.0000 -0.0217 0.0983 0.9949
1752868784.1054 14.3856 9.5468 0.4108 0.0003 -0.0218 0.0902 0.9957
1752868784.2062 14.3387 9.4355 0.4396 0.0007 -0.0213 0.0809 0.9965
1752868784.3071 14.3852 9.3501 0.4744 0.0011 -0.0209 0.0718 0.9972
1752868784.4080 14.4087 9.3796 0.4830 0.0011 -0.0211 0.0613 0.9979
1752868784.5088 14.4041 9.4191 0.4674 0.0010 -0.0212 0.0521 0.9984
1752868784.6097 14.3793 9.4372 0.4350 0.0009 -0.0214 0.0434 0.9988
1752868784.7105 14.3753 9.4180 0.4360 0.0011 -0.0213 0.0319 0.9993
1752868784.8114 14.4493 9.3741 0.4636 0.0018 -0.0211 0.0193 0.9996
1752868784.9123 14.5312 9.3781 0.4923 0.0022 -0.0210 0.0080 0.9997
1752868785.0131 14.5500 9.4138 0.4932 0.0022 -0.0212 -0.0013 0.9998
1752868785.1140 14.5474 9.4541 0.4743 0.0018 -0.0218 -0.0083 0.9997
1752868785.2148 14.6096 9.4497 0.4574 0.0016 -0.0221 -0.0059 0.9997
1752868785.3157 14.6176 9.4447 0.4752 0.0018 -0.0216 0.0009 0.9998
1752868785.4165 14.5781 9.4596 0.5063 0.0018 -0.0212 0.0044 0.9998
1752868785.5174 14.6416 9.4411 0.5004 0.0020 -0.0212 0.0079 0.9997
1752868785.6183 14.7346 9.4140 0.4849 0.0018 -0.0215 0.0127 0.9997
1752868785.7191 14.8101 9.4121 0.4738 0.0016 -0.0219 0.0151 0.9996
1752868785.8200 14.8698 9.3935 0.4806 0.0016 -0.0220 0.0144 0.9997
1752868785.9208 14.9449 9.2760 0.4980 0.0017 -0.0219 0.0123 0.9997
1752868786.0217 14.9381 9.1910 0.5230 0.0015 -0.0217 0.0057 0.9997
1752868786.1226 14.9574 9.2314 0.5330 0.0014 -0.0219 -0.0105 0.9997
1752868786.2234 15.1038 9.2934 0.5249 0.0018 -0.0222 -0.0294 0.9993
1752868786.3243 15.2776 9.3230 0.5364 0.0021 -0.0224 -0.0373 0.9991
1752868786.4251 15.3161 9.2787 0.5458 0.0022 -0.0223 -0.0346 0.9992
1752868786.5260 15.2166 9.2426 0.5394 0.0023 -0.0220 -0.0284 0.9994
1752868786.6269 15.1938 9.2169 0.5660 0.0018 -0.0219 -0.0224 0.9995
1752868786.7277 15.2654 9.2026 0.5606 0.0015 -0.0221 -0.0163 0.9996
1752868786.8286 15.3616 9.2087 0.5537 0.0017 -0.0222 -0.0090 0.9997
1752868786.9294 15.4231 9.2265 0.5617 0.0023 -0.0219 -0.0015 0.9998
1752868787.0303 15.4374 9.2252 0.5583 0.0032 -0.0215 0.0070 0.9997
1752868787.1312 15.4342 9.2202 0.5591 0.0029 -0.0216 0.0148 0.9997
1752868787.2320 15.5209 9.2743 0.5714 0.0012 -0.0223 0.0190 0.9996
1752868787.3329 15.6941 9.3615 0.5660 0.0002 -0.0232 0.0251 0.9994
1752868787.4337 15.8059 9.4527 0.5725 0.0002 -0.0234 0.0335 0.9992
1752868787.5346 15.8212 9.5133 0.5851 0.0007 -0.0233 0.0409 0.9989
1752868787.6355 15.8247 9.6261 0.5861 0.0017 -0.0230 0.0464 0.9987
1752868787.7363 15.8789 9.6444 0.5704 0.0017 -0.0232 0.0527 0.9983
1752868787.8372 15.9331 9.6299 0.5619 0.0010 -0.0233 0.0626 0.9978
1752868787.9380 15.9881 9.6222 0.5688 0.0002 -0.0234 0.0743 0.9970
1752868788.0389 16.0293 9.6559 0.5760 0.0001 -0.0235 0.0862 0.9960
1752868788.1398 16.0626 9.7232 0.5846 0.0002 -0.0236 0.0991 0.9948
1752868788.2406 16.0702 9.8032 0.5785 0.0001 -0.0237 0.1124 0.9934
1752868788.3415 16.1001 9.8271 0.5787 -0.0004 -0.0237 0.1245 0.9919
1752868788.4423 16.1349 9.8348 0.5773 -0.0007 -0.0236 0.1342 0.9907
1752868788.5432 16.1979 9.8265 0.5774 -0.0006 -0.0236 0.1409 0.9897
1752868788.6441 16.2391 9.8768 0.5892 -0.0005 -0.0236 0.1458 0.9890
1752868788.7449 16.2396 9.9233 0.5973 -0.0005 -0.0238 0.1492 0.9885
1752868788.8458 16.2065 9.9224 0.5895 -0.0008 -0.0239 0.1523 0.9880
1752868788.9466 16.2207 9.9359 0.5660 -0.0006 -0.0237 0.1536 0.9878
1752868789.0475 16.2822 9.9618 0.5486 -0.0002 -0.0236 0.1546 0.9877
1752868789.1484 16.3362 9.9583 0.5692 -0.0006 -0.0236 0.1566 0.9874
1752868789.2492 16.3700 9.9498 0.5948 -0.0011 -0.0238 0.1610 0.9867
1752868789.3501 16.3557 9.9763 0.5954 -0.0013 -0.0241 0.1690 0.9853
1752868789.4509 16.3492 10.0056 0.5912 -0.0014 -0.0239 0.1797 0.9834
1752868789.5518 16.3764 10.0680 0.5781 -0.0014 -0.0237 0.1926 0.9810
1752868789.6527 16.4187 10.1271 0.5640 -0.0015 -0.0237 0.2065 0.9782
1752868789.7535 16.4561 10.1781 0.5703 -0.0019 -0.0239 0.2207 0.9751
1752868789.8544 16.4906 10.1964 0.5820 -0.0023 -0.0241 0.2358 0.9715
1752868789.9552 16.4990 10.2464 0.6075 -0.0029 -0.0241 0.2511 0.9677
1752868790.0561 16.5065 10.3102 0.6034 -0.0032 -0.0240 0.2652 0.9639
1752868790.1570 16.5086 10.3615 0.5913 -0.0034 -0.0239 0.2773 0.9605
1752868790.2578 16.5603 10.4139 0.5797 -0.0035 -0.0241 0.2880 0.9573
1752868790.3587 16.6158 10.4646 0.5740 -0.0038 -0.0242 0.2986 0.9541
1752868790.4595 16.6344 10.5159 0.6112 -0.0044 -0.0240 0.3090 0.9508
1752868790.5604 16.6324 10.5780 0.6370 -0.0048 -0.0240 0.3179 0.9478
1752868790.6613 16.6476 10.6187 0.6311 -0.0048 -0.0241 0.3240 0.9457
1752868790.7621 16.6923 10.6663 0.6148 -0.0046 -0.0242 0.3274 0.9446
1752868790.8630 16.7309 10.7073 0.6087 -0.0044 -0.0242 0.3288 0.9441
1752868790.9638 16.7957 10.7726 0.6222 -0.0045 -0.0242 0.3286 0.9441
1752868791.0647 16.8666 10.8126 0.6314 -0.0046 -0.0243 0.3266 0.9448
1752868791.1656 16.9384 10.8302 0.6402 -0.0043 -0.0244 0.3225 0.9463
1752868791.2664 17.0024 10.8705 0.6561 -0.0042 -0.0246 0.3181 0.9477
1752868791.3673 17.0742 10.9190 0.6672 -0.0042 -0.0249 0.3140 0.9491
1752868791.4681 17.1247 10.9882 0.6604 -0.0040 -0.0251 0.3101 0.9504
1752868791.5690 17.1560 11.0315 0.6666 -0.0039 -0.0250 0.3058 0.9518
1752868791.6699 17.2093 11.0502 0.6721 -0.0037 -0.0250 0.3000 0.9536
1752868791.7707 17.2753 11.0853 0.6702 -0.0034 -0.0253 0.2919 0.9561
1752868791.8716 17.3880 11.0769 0.6687 -0.0030 -0.0255 0.2818 0.9591
1752868791.9724 17.4944 11.0616 0.6836 -0.0027 -0.0254 0.2689 0.9628
1752868792.0733 17.5715 11.0827 0.6783 -0.0022 -0.0256 0.2524 0.9673
1752868792.1742 17.6099 11.1234 0.6692 -0.0014 -0.0257 0.2331 0.9721
1752868792.2750 17.6513 11.1403 0.6733 -0.0008 -0.0257 0.2115 0.9770
1752868792.3759 17.7256 11.0884 0.6876 -0.0004 -0.0256 0.1882 0.9818
1752868792.4767 17.8216 11.0375 0.7022 0.0000 -0.0258 0.1642 0.9861
1752868792.5776 17.8841 10.9923 0.7223 0.0005 -0.0259 0.1409 0.9897
1752868792.6785 17.9138 11.0135 0.7206 0.0013 -0.0260 0.1173 0.9928
1752868792.7793 17.9455 11.0677 0.7049 0.0021 -0.0260 0.0951 0.9951
1752868792.8802 17.9377 11.0722 0.6873 0.0026 -0.0260 0.0772 0.9967
1752868792.9810 17.9628 11.0327 0.6924 0.0027 -0.0261 0.0642 0.9976
1752868793.0819 18.0336 10.9836 0.7093 0.0026 -0.0261 0.0546 0.9982
1752868793.1828 18.0934 10.9914 0.7146 0.0029 -0.0262 0.0468 0.9986
1752868793.2836 18.1526 11.0501 0.7078 0.0036 -0.0261 0.0397 0.9989
1752868793.3845 18.2427 11.0472 0.7154 0.0039 -0.0262 0.0322 0.9991
1752868793.4853 18.3213 10.9847 0.7390 0.0037 -0.0264 0.0221 0.9994
1752868793.5862 18.3876 10.9241 0.7530 0.0036 -0.0266 0.0083 0.9996
1752868793.6871 18.4338 10.9021 0.7537 0.0041 -0.0264 -0.0075 0.9996
1752868793.7879 18.5292 10.8807 0.7556 0.0048 -0.0262 -0.0246 0.9993
1752868793.8888 18.5898 10.8711 0.7382 0.0057 -0.0261 -0.0441 0.9987
1752868793.9896 18.6478 10.8416 0.7403 0.0063 -0.0260 -0.0641 0.9976
1752868794.0905 18.6950 10.8230 0.7517 0.0065 -0.0259 -0.0824 0.9962
1752868794.1914 18.6969 10.7551 0.7657 0.0066 -0.0258 -0.1002 0.9946
1752868794.2922 18.6937 10.6749 0.7744 0.0067 -0.0260 -0.1183 0.9926
1752868794.3931 18.7208 10.6275 0.7720 0.0072 -0.0260 -0.1379 0.9901
1752868794.4939 18.7727 10.6051 0.7585 0.0076 -0.0260 -0.1578 0.9871
1752868794.5948 18.8415 10.5946 0.7675 0.0079 -0.0261 -0.1764 0.9839
1752868794.6957 18.8649 10.5745 0.7820 0.0084 -0.0256 -0.1916 0.9811
1752868794.7965 18.9161 10.5294 0.7870 0.0089 -0.0256 -0.2042 0.9785
1752868794.8974 18.8992 10.5038 0.7840 0.0091 -0.0255 -0.2168 0.9758
1752868794.9982 18.9147 10.4681 0.7875 0.0092 -0.0254 -0.2313 0.9725
1752868795.0991 18.9904 10.4197 0.8059 0.0094 -0.0253 -0.2463 0.9688
1752868795.2000 19.1088 10.3862 0.8188 0.0098 -0.0250 -0.2608 0.9650
1752868795.3008 19.1408 10.3235 0.8266 0.0103 -0.0248 -0.2754 0.9610
1752868795.4017 19.0506 10.2793 0.8106 0.0106 -0.0245 -0.2917 0.9561
1752868795.5025 19.0526 10.2218 0.7848 0.0110 -0.0244 -0.3102 0.9503
1752868795.6034 19.1164 10.1484 0.7849 0.0111 -0.0246 -0.3309 0.9433
1752868795.7043 19.2146 10.0648 0.8165 0.0113 -0.0247 -0.3522 0.9355
1752868795.8051 19.2532 9.9665 0.8632 0.0114 -0.0246 -0.3721 0.9278
1752868795.9060 19.2034 9.9026 0.8761 0.0116 -0.0243 -0.3893 0.9207
1752868796.0068 19.1834 9.8937 0.8452 0.0123 -0.0237 -0.4050 0.9139
1752868796.1077 19.1847 9.8305 0.8457 0.0127 -0.0235 -0.4198 0.9072
1752868796.2086 19.2063 9.7502 0.8485 0.0129 -0.0235 -0.4347 0.9002
1752868796.3094 19.2339 9.6773 0.8577 0.0132 -0.0234 -0.4493 0.8930
1752868796.4103 19.2540 9.6520 0.8514 0.0136 -0.0231 -0.4625 0.8862
1752868796.5111 19.2247 9.6506 0.8503 0.0142 -0.0227 -0.4741 0.8801
1752868796.6120 19.2074 9.6072 0.8608 0.0144 -0.0225 -0.4851 0.8741
1752868796.7129 19.1933 9.5477 0.8658 0.0143 -0.0225 -0.4957 0.8681
1752868796.8137 19.1805 9.5044 0.8508 0.0142 -0.0227 -0.5047 0.8629
1752868796.9146 19.1818 9.5031 0.8589 0.0144 -0.0224 -0.5129 0.8580
1752868797.0154 19.2099 9.4910 0.8658 0.0152 -0.0221 -0.5205 0.8534
1752868797.1163 19.2418 9.4707 0.8612 0.0157 -0.0217 -0.5280 0.8489
1752868797.2172 19.2150 9.4337 0.8429 0.0157 -0.0213 -0.5344 0.8448
1752868797.3180 19.1814 9.3791 0.8446 0.0153 -0.0215 -0.5393 0.8417
1752868797.4189 19.1779 9.3540 0.8453 0.0153 -0.0217 -0.5433 0.8391
1752868797.5197 19.2027 9.3790 0.8517 0.0159 -0.0214 -0.5472 0.8366
1752868797.6206 19.2054 9.4014 0.8592 0.0163 -0.0209 -0.5508 0.8342
1752868797.7215 19.1866 9.3788 0.8563 0.0161 -0.0210 -0.5539 0.8322
1752868797.8223 19.1747 9.3388 0.8404 0.0157 -0.0213 -0.5560 0.8308
1752868797.9232 19.1720 9.3225 0.8369 0.0155 -0.0213 -0.5574 0.8298
1752868798.0240 19.1841 9.3246 0.8339 0.0158 -0.0210 -0.5578 0.8296
1752868798.1249 19.2090 9.3412 0.8414 0.0162 -0.0209 -0.5581 0.8293
1752868798.2258 19.2242 9.3418 0.8478 0.0164 -0.0209 -0.5582 0.8293
1752868798.3266 19.2281 9.3250 0.8570 0.0161 -0.0213 -0.5578 0.8295
1752868798.4275 19.2247 9.3241 0.8611 0.0158 -0.0215 -0.5569 0.8301
1752868798.5283 19.2013 9.3407 0.8484 0.0157 -0.0212 -0.5566 0.8304
1752868798.6292 19.1908 9.3615 0.8289 0.0160 -0.0208 -0.5566 0.8304
1752868798.7301 19.2103 9.3497 0.8252 0.0162 -0.0208 -0.5562 0.8307
1752868798.8309 19.2047 9.3279 0.8444 0.0160 -0.0211 -0.5550 0.8314
1752868798.9318 19.1601 9.2956 0.8694 0.0154 -0.0216 -0.5530 0.8327
1752868799.0326 19.1399 9.3178 0.8590 0.0154 -0.0215 -0.5498 0.8349
1752868799.1335 19.1707 9.3588 0.8470 0.0156 -0.0213 -0.5446 0.8383
1752868799.2344 19.2218 9.4116 0.8415 0.0157 -0.0213 -0.5384 0.8422
1752868799.3352 19.2335 9.4457 0.8317 0.0156 -0.0214 -0.5332 0.8456
1752868799.4361 19.2202 9.4482 0.8542 0.0154 -0.0218 -0.5298 0.8477
1752868799.5369 19.1764 9.4009 0.8657 0.0152 -0.0219 -0.5267 0.8496
1752868799.6378 19.1907 9.3769 0.8829 0.0148 -0.0223 -0.5220 0.8525
1752868799.7387 19.2245 9.4379 0.8799 0.0146 -0.0225 -0.5151 0.8567
1752868799.8395 19.2406 9.5091 0.8366 0.0148 -0.0220 -0.5052 0.8626
1752868799.9404 19.2514 9.5341 0.8276 0.0147 -0.0218 -0.4910 0.8708
1752868800.0412 19.2968 9.5112 0.8670 0.0139 -0.0227 -0.4718 0.8813
1752868800.1421 19.3034 9.5318 0.8849 0.0132 -0.0236 -0.4484 0.8934
1752868800.2430 19.2940 9.6056 0.8724 0.0128 -0.0239 -0.4229 0.9058
1752868800.3438 19.3414 9.6810 0.8610 0.0122 -0.0241 -0.3958 0.9179
1752868800.4447 19.3704 9.7423 0.8537 0.0116 -0.0242 -0.3669 0.9299
1752868800.5455 19.4158 9.7636 0.8571 0.0106 -0.0246 -0.3354 0.9417
1752868800.6464 19.4295 9.8116 0.8639 0.0098 -0.0251 -0.3022 0.9529
1752868800.7473 19.4444 9.8781 0.8682 0.0091 -0.0256 -0.2678 0.9631
1752868800.8481 19.4636 9.9841 0.8666 0.0084 -0.0259 -0.2330 0.9721
1752868800.9490 19.4856 10.0864 0.8652 0.0077 -0.0262 -0.2033 0.9787
1752868801.0498 19.5244 10.1494 0.8350 0.0077 -0.0261 -0.1859 0.9822
1752868801.1507 19.5505 10.1090 0.8234 0.0074 -0.0260 -0.1768 0.9839
1752868801.2516 19.5694 9.9986 0.8362 0.0067 -0.0259 -0.1642 0.9861
1752868801.3524 19.5945 10.0142 0.8648 0.0062 -0.0262 -0.1441 0.9892
1752868801.4533 19.5970 10.1126 0.8702 0.0056 -0.0267 -0.1194 0.9925
1752868801.5541 19.5989 10.2103 0.8497 0.0052 -0.0269 -0.0945 0.9951
1752868801.6550 19.6176 10.2739 0.8276 0.0047 -0.0267 -0.0706 0.9971
1752868801.7559 19.6717 10.2940 0.8242 0.0044 -0.0264 -0.0459 0.9986
1752868801.8567 19.6648 10.3235 0.8290 0.0038 -0.0264 -0.0189 0.9995
1752868801.9576 19.6017 10.3772 0.8516 0.0028 -0.0268 0.0112 0.9996
1752868802.0584 19.5685 10.4659 0.8531 0.0019 -0.0272 0.0436 0.9987
1752868802.1593 19.5387 10.5560 0.8230 0.0013 -0.0269 0.0756 0.9968
1752868802.2602 19.5574 10.6133 0.7918 0.0010 -0.0264 0.1074 0.9939
1752868802.3610 19.6117 10.6276 0.7881 0.0002 -0.0264 0.1384 0.9900
1752868802.4619 19.6530 10.6836 0.8201 -0.0007 -0.0269 0.1680 0.9854
1752868802.5627 19.6354 10.7453 0.8359 -0.0014 -0.0272 0.1951 0.9804
1752868802.6636 19.6158 10.8117 0.8406 -0.0023 -0.0273 0.2199 0.9751
1752868802.7645 19.6157 10.8860 0.8274 -0.0028 -0.0268 0.2416 0.9700
1752868802.8653 19.5955 10.9361 0.8167 -0.0030 -0.0264 0.2593 0.9654
1752868802.9662 19.5896 10.9758 0.7992 -0.0031 -0.0262 0.2722 0.9619
1752868803.0670 19.5861 10.9686 0.8028 -0.0034 -0.0265 0.2814 0.9592
1752868803.1679 19.5873 11.0028 0.8161 -0.0036 -0.0268 0.2893 0.9569
1752868803.2688 19.6040 11.0156 0.8350 -0.0040 -0.0267 0.2994 0.9537
1752868803.3696 19.6632 11.0298 0.8433 -0.0046 -0.0265 0.3136 0.9492
1752868803.4705 19.6889 11.1242 0.8285 -0.0048 -0.0262 0.3301 0.9436
1752868803.5713 19.6648 11.1868 0.7984 -0.0050 -0.0263 0.3464 0.9377
1752868803.6722 19.6029 11.2188 0.8058 -0.0054 -0.0262 0.3622 0.9317
1752868803.7731 19.5664 11.1925 0.8159 -0.0060 -0.0261 0.3769 0.9259
1752868803.8739 19.5940 11.2083 0.8136 -0.0064 -0.0258 0.3935 0.9190
1752868803.9748 19.6128 11.3253 0.8056 -0.0067 -0.0254 0.4126 0.9105
1752868804.0756 19.5574 11.4505 0.7981 -0.0073 -0.0254 0.4336 0.9007
1752868804.1765 19.5248 11.5025 0.8001 -0.0079 -0.0254 0.4548 0.8902
1752868804.2774 19.5431 11.5207 0.8313 -0.0086 -0.0251 0.4754 0.8794
1752868804.3782 19.5694 11.5462 0.8337 -0.0089 -0.0248 0.4946 0.8687
1752868804.4791 19.5326 11.5801 0.8170 -0.0094 -0.0247 0.5113 0.8590
1752868804.5799 19.5045 11.6737 0.7883 -0.0099 -0.0245 0.5242 0.8512
1752868804.6808 19.4723 11.7811 0.7900 -0.0103 -0.0245 0.5353 0.8443
1752868804.7817 19.4430 11.8650 0.7917 -0.0103 -0.0245 0.5466 0.8370
1752868804.8825 19.4726 11.8871 0.7961 -0.0106 -0.0244 0.5572 0.8300
1752868804.9834 19.4638 11.8921 0.8038 -0.0107 -0.0242 0.5654 0.8244
1752868805.0842 19.4618 11.9051 0.7983 -0.0109 -0.0242 0.5719 0.8199
1752868805.1851 19.4490 11.9634 0.7872 -0.0110 -0.0242 0.5762 0.8169
1752868805.2860 19.4518 12.0685 0.7839 -0.0111 -0.0243 0.5799 0.8143
1752868805.3868 19.4709 12.1461 0.7873 -0.0111 -0.0243 0.5833 0.8118
1752868805.4877 19.4715 12.1757 0.7854 -0.0110 -0.0242 0.5865 0.8095
1752868805.5885 19.4499 12.2215 0.7863 -0.0112 -0.0242 0.5899 0.8071
1752868805.6894 19.4499 12.2660 0.7823 -0.0115 -0.0243 0.5945 0.8036
1752868805.7903 19.4288 12.3240 0.7795 -0.0118 -0.0243 0.6011 0.7987
1752868805.8911 19.4192 12.3836 0.7911 -0.0121 -0.0241 0.6084 0.7932
1752868805.9920 19.4010 12.4457 0.7885 -0.0120 -0.0240 0.6159 0.7874
1752868806.0928 19.4010 12.4762 0.7778 -0.0119 -0.0241 0.6227 0.7820
1752868806.1937 19.4043 12.4980 0.7625 -0.0120 -0.0242 0.6285 0.7773
1752868806.2946 19.3986 12.5394 0.7523 -0.0123 -0.0242 0.6332 0.7735
1752868806.3954 19.3702 12.6303 0.7693 -0.0127 -0.0239 0.6370 0.7704
1752868806.4963 19.3611 12.7092 0.7732 -0.0127 -0.0238 0.6416 0.7665
1752868806.5971 19.3505 12.7801 0.7747 -0.0127 -0.0238 0.6484 0.7608
1752868806.6980 19.3329 12.8176 0.7580 -0.0129 -0.0238 0.6571 0.7533
1752868806.7989 19.3295 12.8011 0.7525 -0.0133 -0.0237 0.6663 0.7451
1752868806.8997 19.3077 12.8210 0.7656 -0.0137 -0.0234 0.6746 0.7377
1752868807.0006 19.2660 12.8848 0.7727 -0.0140 -0.0232 0.6815 0.7313
1752868807.1014 19.2391 12.9723 0.7694 -0.0140 -0.0231 0.6881 0.7251
1752868807.2023 19.2353 13.0585 0.7348 -0.0139 -0.0234 0.6944 0.7191
1752868807.3032 19.2426 13.0583 0.7267 -0.0141 -0.0233 0.7006 0.7131
1752868807.4040 19.2467 13.0560 0.7344 -0.0144 -0.0232 0.7056 0.7081
1752868807.5049 19.2412 13.0795 0.7502 -0.0146 -0.0230 0.7098 0.7039
1752868807.6057 19.2149 13.1444 0.7414 -0.0144 -0.0231 0.7133 0.7004
1752868807.7066 19.1864 13.1996 0.7301 -0.0142 -0.0233 0.7162 0.6974
1752868807.8075 19.1781 13.2369 0.7317 -0.0143 -0.0232 0.7185 0.6950
1752868807.9083 19.1895 13.2449 0.7417 -0.0148 -0.0229 0.7207 0.6927
1752868808.0092 19.2053 13.2171 0.7462 -0.0151 -0.0227 0.7223 0.6911
1752868808.1100 19.1963 13.2605 0.7419 -0.0149 -0.0228 0.7233 0.6900
1752868808.2109 19.1960 13.3561 0.7379 -0.0148 -0.0230 0.7238 0.6895
1752868808.3118 19.1780 13.4731 0.7386 -0.0146 -0.0232 0.7243 0.6890
1752868808.4126 19.1491 13.5101 0.7517 -0.0148 -0.0229 0.7251 0.6881
1752868808.5135 19.1303 13.4928 0.7561 -0.0149 -0.0226 0.7267 0.6864
1752868808.6143 19.1415 13.4945 0.7651 -0.0152 -0.0224 0.7286 0.6844
1752868808.7152 19.1468 13.5668 0.7714 -0.0150 -0.0225 0.7298 0.6832
1752868808.8161 19.1438 13.6592 0.7705 -0.0148 -0.0227 0.7302 0.6827
1752868808.9169 19.1358 13.7473 0.7553 -0.0148 -0.0230 0.7311 0.6818
1752868809.0178 19.1148 13.7780 0.7333 -0.0148 -0.0232 0.7320 0.6808
1752868809.1186 19.0952 13.7668 0.7279 -0.0146 -0.0232 0.7330 0.6796
1752868809.2195 19.0973 13.7855 0.7435 -0.0146 -0.0230 0.7341 0.6785
1752868809.3204 19.0926 13.8422 0.7478 -0.0146 -0.0230 0.7344 0.6782
1752868809.4212 19.0847 13.9401 0.7452 -0.0147 -0.0231 0.7346 0.6779
1752868809.5221 19.0927 14.0246 0.7347 -0.0147 -0.0233 0.7350 0.6775
1752868809.6229 19.0748 14.0722 0.7190 -0.0146 -0.0235 0.7359 0.6765
1752868809.7238 19.0453 14.0756 0.7310 -0.0144 -0.0234 0.7369 0.6754
1752868809.8247 19.0285 14.1113 0.7602 -0.0146 -0.0230 0.7377 0.6746
1752868809.9255 19.0296 14.1665 0.7689 -0.0149 -0.0228 0.7383 0.6740
1752868810.0264 19.0196 14.2697 0.7469 -0.0149 -0.0231 0.7388 0.6734
1752868810.1272 19.0013 14.3327 0.7197 -0.0148 -0.0234 0.7391 0.6730
1752868810.2281 18.9679 14.3447 0.7295 -0.0146 -0.0234 0.7390 0.6732
1752868810.3290 18.9402 14.3707 0.7532 -0.0145 -0.0231 0.7386 0.6736
1752868810.4298 18.9540 14.4319 0.7570 -0.0146 -0.0230 0.7386 0.6736
1752868810.5307 18.9809 14.5004 0.7500 -0.0148 -0.0232 0.7388 0.6734
1752868810.6315 18.9946 14.5878 0.7398 -0.0147 -0.0234 0.7386 0.6735
1752868810.7324 18.9531 14.6087 0.7486 -0.0146 -0.0233 0.7375 0.6748
1752868810.8333 18.9135 14.6466 0.7634 -0.0145 -0.0232 0.7365 0.6759
1752868810.9341 18.8968 14.6908 0.7655 -0.0143 -0.0233 0.7357 0.6768
1752868811.0350 18.8995 14.7394 0.7536 -0.0142 -0.0234 0.7345 0.6780
1752868811.1358 18.9011 14.7775 0.7459 -0.0143 -0.0235 0.7328 0.6799
1752868811.2367 18.9069 14.8457 0.7383 -0.0145 -0.0236 0.7309 0.6820
1752868811.3376 18.9105 14.8881 0.7367 -0.0144 -0.0237 0.7292 0.6838
1752868811.4384 18.9072 14.9277 0.7474 -0.0142 -0.0237 0.7289 0.6841
1752868811.5393 18.8889 14.9949 0.7635 -0.0141 -0.0236 0.7299 0.6830
1752868811.6401 18.8900 15.0638 0.7638 -0.0141 -0.0236 0.7310 0.6818
1752868811.7410 18.9039 15.1245 0.7446 -0.0143 -0.0237 0.7312 0.6816
1752868811.8418 18.8985 15.1706 0.7354 -0.0144 -0.0238 0.7302 0.6827
1752868811.9427 18.8746 15.2267 0.7438 -0.0140 -0.0239 0.7283 0.6847
1752868812.0436 18.8552 15.2992 0.7481 -0.0136 -0.0242 0.7257 0.6875
1752868812.1444 18.8436 15.3734 0.7474 -0.0135 -0.0243 0.7225 0.6908
1752868812.2453 18.8507 15.4356 0.7565 -0.0136 -0.0242 0.7193 0.6942
1752868812.3461 18.8828 15.4990 0.7600 -0.0136 -0.0242 0.7159 0.6977
1752868812.4470 18.8892 15.5711 0.7514 -0.0134 -0.0244 0.7126 0.7010
1752868812.5479 18.9311 15.6707 0.7428 -0.0134 -0.0247 0.7110 0.7026
1752868812.6487 18.8764 15.6944 0.7430 -0.0133 -0.0246 0.7080 0.7056
1752868812.7496 18.7967 15.7522 0.7457 -0.0130 -0.0247 0.7027 0.7110
1752868812.8504 18.8100 15.8420 0.7467 -0.0128 -0.0249 0.6955 0.7179
1752868812.9513 18.8868 15.9163 0.7620 -0.0126 -0.0250 0.6878 0.7254
1752868813.0522 18.9366 15.9992 0.7789 -0.0123 -0.0251 0.6785 0.7341
1752868813.1530 18.9075 16.0485 0.7814 -0.0119 -0.0253 0.6682 0.7434
1752868813.2539 18.8513 16.1098 0.7884 -0.0116 -0.0253 0.6583 0.7522
1752868813.3547 18.8818 16.1864 0.7789 -0.0113 -0.0256 0.6494 0.7600
1752868813.4556 18.9292 16.2749 0.7849 -0.0111 -0.0258 0.6405 0.7674
1752868813.5565 18.9703 16.3417 0.7921 -0.0110 -0.0259 0.6319 0.7745
1752868813.6573 18.9917 16.4063 0.8031 -0.0109 -0.0259 0.6239 0.7810
1752868813.7582 19.0011 16.4915 0.8076 -0.0105 -0.0260 0.6160 0.7872
1752868813.8590 19.0340 16.5530 0.7915 -0.0100 -0.0264 0.6088 0.7929
1752868813.9599 19.0829 16.5960 0.7886 -0.0096 -0.0268 0.6020 0.7980
1752868814.0608 19.0742 16.6566 0.8045 -0.0095 -0.0268 0.5943 0.8037
1752868814.1616 19.0819 16.7097 0.8106 -0.0093 -0.0269 0.5859 0.8099
1752868814.2625 19.1361 16.7806 0.8165 -0.0090 -0.0270 0.5762 0.8168
1752868814.3633 19.1868 16.8332 0.8106 -0.0085 -0.0272 0.5649 0.8246
1752868814.4642 19.2470 16.8950 0.8236 -0.0080 -0.0275 0.5527 0.8329
1752868814.5651 19.2888 16.9541 0.8359 -0.0077 -0.0277 0.5401 0.8411
1752868814.6659 19.3338 17.0275 0.8505 -0.0073 -0.0278 0.5269 0.8495
1752868814.7668 19.4172 17.0745 0.8381 -0.0072 -0.0280 0.5151 0.8567
1752868814.8676 19.4798 17.1022 0.8211 -0.0066 -0.0284 0.5043 0.8630
1752868814.9685 19.5063 17.1326 0.8243 -0.0061 -0.0285 0.4937 0.8691
1752868815.0694 19.5370 17.1932 0.8418 -0.0057 -0.0284 0.4826 0.8754
1752868815.1702 19.5880 17.2469 0.8614 -0.0054 -0.0285 0.4708 0.8818
1752868815.2711 19.6946 17.2970 0.8611 -0.0051 -0.0291 0.4597 0.8876
1752868815.3719 19.7763 17.3115 0.8841 -0.0049 -0.0292 0.4486 0.8932
1752868815.4728 19.8235 17.3468 0.8817 -0.0043 -0.0294 0.4373 0.8988
1752868815.5737 19.8542 17.3821 0.8862 -0.0041 -0.0293 0.4259 0.9043
1752868815.6745 19.8737 17.4134 0.8960 -0.0038 -0.0291 0.4139 0.9099
1752868815.7754 19.9325 17.4681 0.9218 -0.0030 -0.0294 0.4008 0.9157
1752868815.8762 20.0184 17.4886 0.9397 -0.0025 -0.0297 0.3866 0.9218
1752868815.9771 20.0805 17.5036 0.9456 -0.0021 -0.0297 0.3726 0.9275
1752868816.0780 20.1523 17.5293 0.9324 -0.0020 -0.0297 0.3585 0.9331
1752868816.1788 20.2160 17.5581 0.9304 -0.0016 -0.0299 0.3447 0.9382
1752868816.2797 20.2748 17.6053 0.9418 -0.0010 -0.0300 0.3307 0.9433
1752868816.3805 20.3318 17.6263 0.9747 -0.0006 -0.0299 0.3168 0.9480
1752868816.4814 20.3702 17.6099 1.0049 -0.0004 -0.0295 0.3042 0.9521
1752868816.5823 20.4086 17.6220 0.9994 -0.0003 -0.0296 0.2929 0.9557
1752868816.6831 20.4794 17.6320 0.9914 0.0002 -0.0298 0.2837 0.9584
1752868816.7840 20.5429 17.6721 0.9906 0.0007 -0.0302 0.2756 0.9608
1752868816.8848 20.5701 17.6920 1.0089 0.0013 -0.0302 0.2683 0.9629
1752868816.9857 20.6120 17.7320 1.0291 0.0013 -0.0298 0.2609 0.9649
1752868817.0866 20.6709 17.7465 1.0324 0.0010 -0.0299 0.2536 0.9668
1752868817.1874 20.7216 17.7532 1.0190 0.0012 -0.0304 0.2472 0.9685
1752868817.2883 20.7570 17.7483 1.0176 0.0017 -0.0305 0.2403 0.9702
1752868817.3891 20.7947 17.7279 1.0151 0.0023 -0.0306 0.2318 0.9723
1752868817.4900 20.8728 17.7530 1.0193 0.0028 -0.0307 0.2211 0.9748
1752868817.5909 20.9436 17.7750 1.0397 0.0030 -0.0306 0.2078 0.9777
1752868817.6917 21.0316 17.7657 1.0572 0.0033 -0.0306 0.1917 0.9810
1752868817.7926 21.0958 17.7303 1.0557 0.0040 -0.0306 0.1730 0.9844
1752868817.8934 21.1148 17.7018 1.0531 0.0047 -0.0306 0.1531 0.9877
1752868817.9943 21.1555 17.7028 1.0588 0.0053 -0.0306 0.1318 0.9908
1752868818.0952 21.2170 17.7022 1.0655 0.0058 -0.0305 0.1093 0.9935
1752868818.1960 21.2922 17.6846 1.0738 0.0063 -0.0305 0.0868 0.9957
1752868818.2969 21.3511 17.6350 1.0708 0.0071 -0.0305 0.0646 0.9974
1752868818.3977 21.3622 17.6059 1.0793 0.0079 -0.0304 0.0437 0.9986
1752868818.4986 21.3808 17.5981 1.0859 0.0085 -0.0303 0.0228 0.9992
1752868818.5995 21.4501 17.6045 1.0930 0.0090 -0.0302 0.0010 0.9995
1752868818.7003 21.5018 17.5938 1.0983 0.0096 -0.0299 -0.0224 0.9993
1752868818.8012 21.5427 17.5812 1.1015 0.0102 -0.0296 -0.0453 0.9985
1752868818.9020 21.5765 17.5273 1.0845 0.0111 -0.0296 -0.0658 0.9973
1752868819.0029 21.6439 17.4677 1.0868 0.0117 -0.0296 -0.0823 0.9961
1752868819.1038 21.6946 17.4874 1.0990 0.0120 -0.0297 -0.0962 0.9949
1752868819.2046 21.7228 17.4777 1.1055 0.0121 -0.0296 -0.1075 0.9937
1752868819.3055 21.7458 17.4623 1.1086 0.0124 -0.0292 -0.1173 0.9926
1752868819.4063 21.7881 17.4326 1.1075 0.0129 -0.0290 -0.1253 0.9916
1752868819.5072 21.8411 17.3879 1.1025 0.0133 -0.0293 -0.1321 0.9907
1752868819.6081 21.9089 17.3614 1.1231 0.0131 -0.0294 -0.1384 0.9899
1752868819.7089 21.9801 17.3503 1.1386 0.0131 -0.0294 -0.1433 0.9892
1752868819.8098 22.0290 17.3554 1.1467 0.0133 -0.0293 -0.1462 0.9887
1752868819.9106 22.0762 17.3637 1.1423 0.0135 -0.0292 -0.1472 0.9886
1752868820.0115 22.1108 17.3772 1.1419 0.0136 -0.0294 -0.1476 0.9885
1752868820.1124 22.1225 17.3539 1.1506 0.0136 -0.0295 -0.1498 0.9882
1752868820.2132 22.1596 17.3208 1.1584 0.0136 -0.0294 -0.1537 0.9876
1752868820.3141 22.2195 17.2818 1.1562 0.0137 -0.0295 -0.1578 0.9869
1752868820.4149 22.2597 17.2589 1.1547 0.0137 -0.0296 -0.1625 0.9862
1752868820.5158 22.2708 17.2257 1.1533 0.0137 -0.0295 -0.1688 0.9851
1752868820.6167 22.3462 17.2014 1.1571 0.0143 -0.0295 -0.1757 0.9839
1752868820.7175 22.4180 17.1764 1.1606 0.0146 -0.0297 -0.1820 0.9827
1752868820.8184 22.4675 17.1101 1.1604 0.0144 -0.0299 -0.1866 0.9819
1752868820.9192 22.4801 17.0958 1.1626 0.0144 -0.0297 -0.1912 0.9810
1752868821.0201 22.5026 17.1100 1.1712 0.0146 -0.0293 -0.1940 0.9805
1752868821.1210 22.5300 17.1006 1.1745 0.0150 -0.0290 -0.1957 0.9801
1752868821.2218 22.5895 17.0596 1.1813 0.0152 -0.0292 -0.1962 0.9800
1752868821.3227 22.6389 17.0469 1.1862 0.0148 -0.0295 -0.1958 0.9801
1752868821.4235 22.6689 17.0281 1.1808 0.0145 -0.0296 -0.1937 0.9805
1752868821.5244 22.7037 17.0283 1.1879 0.0144 -0.0295 -0.1913 0.9810
1752868821.6253 22.7664 17.0229 1.1954 0.0146 -0.0296 -0.1891 0.9814
1752868821.7261 22.8327 17.0148 1.2062 0.0148 -0.0298 -0.1879 0.9816
1752868821.8270 22.8773 16.9913 1.2112 0.0148 -0.0299 -0.1872 0.9818
1752868821.9278 22.9204 16.9432 1.2167 0.0147 -0.0298 -0.1863 0.9819
1752868822.0287 22.9729 16.9350 1.2143 0.0144 -0.0300 -0.1852 0.9821
1752868822.1296 23.0258 16.9462 1.2144 0.0142 -0.0303 -0.1830 0.9825
1752868822.2304 23.0578 16.9480 1.2294 0.0141 -0.0304 -0.1787 0.9833
1752868822.3313 23.0999 16.9437 1.2509 0.0143 -0.0304 -0.1726 0.9844
1752868822.4321 23.1367 16.9472 1.2367 0.0140 -0.0306 -0.1635 0.9860
1752868822.5330 23.1966 16.9466 1.2201 0.0136 -0.0309 -0.1540 0.9875
1752868822.6339 23.2423 16.9902 1.2102 0.0131 -0.0314 -0.1452 0.9888
1752868822.7347 23.2798 16.9487 1.2276 0.0128 -0.0316 -0.1360 0.9901
1752868822.8356 23.2965 16.9285 1.2425 0.0128 -0.0316 -0.1243 0.9917
1752868822.9364 23.3400 16.9759 1.2635 0.0125 -0.0316 -0.1103 0.9933
1752868823.0373 23.3846 17.0455 1.2657 0.0119 -0.0319 -0.0947 0.9949
1752868823.1382 23.4294 17.0583 1.2564 0.0111 -0.0324 -0.0764 0.9965
1752868823.2390 23.4880 17.0847 1.2550 0.0106 -0.0326 -0.0566 0.9978
1752868823.3399 23.5283 17.1258 1.2735 0.0101 -0.0327 -0.0348 0.9988
1752868823.4407 23.5620 17.1751 1.2724 0.0094 -0.0331 -0.0122 0.9993
1752868823.5416 23.5749 17.2355 1.2667 0.0089 -0.0334 0.0111 0.9993
1752868823.6425 23.6097 17.2919 1.2788 0.0083 -0.0334 0.0334 0.9988
1752868823.7433 23.6411 17.3521 1.2800 0.0073 -0.0338 0.0534 0.9980
1752868823.8442 23.6932 17.3800 1.2747 0.0068 -0.0342 0.0707 0.9969
1752868823.9450 23.7514 17.4183 1.2928 0.0063 -0.0343 0.0852 0.9958
1752868824.0459 23.7792 17.4352 1.2870 0.0064 -0.0345 0.0971 0.9947
1752868824.1468 23.8295 17.4735 1.3020 0.0061 -0.0346 0.1064 0.9937
1752868824.2476 23.8924 17.5174 1.3012 0.0058 -0.0348 0.1133 0.9929
1752868824.3485 23.9474 17.5473 1.2903 0.0056 -0.0349 0.1179 0.9924
1752868824.4493 23.9911 17.5964 1.2869 0.0054 -0.0351 0.1202 0.9921
1752868824.5502 24.0442 17.5977 1.3109 0.0054 -0.0351 0.1205 0.9921
1752868824.6511 24.1150 17.6037 1.3303 0.0056 -0.0352 0.1196 0.9922
1752868824.7519 24.1793 17.6317 1.3277 0.0058 -0.0354 0.1192 0.9922
1752868824.8528 24.2255 17.6344 1.3309 0.0058 -0.0355 0.1201 0.9921
1752868824.9536 24.2832 17.6591 1.3367 0.0058 -0.0355 0.1220 0.9919
1752868825.0545 24.3440 17.7044 1.3443 0.0056 -0.0356 0.1231 0.9917
1752868825.1554 24.4061 17.7276 1.3355 0.0054 -0.0360 0.1225 0.9918
1752868825.2562 24.4652 17.7292 1.3534 0.0054 -0.0361 0.1197 0.9921
1752868825.3571 24.5527 17.7538 1.3661 0.0059 -0.0360 0.1148 0.9927
1752868825.4579 24.6142 17.7822 1.3669 0.0062 -0.0362 0.1083 0.9934
1752868825.5588 24.6634 17.7897 1.3626 0.0065 -0.0365 0.1002 0.9943
1752868825.6597 24.7063 17.7730 1.3652 0.0070 -0.0365 0.0907 0.9952
1752868825.7605 24.7680 17.7515 1.3863 0.0074 -0.0363 0.0799 0.9961
1752868825.8614 24.8148 17.7552 1.3938 0.0077 -0.0362 0.0681 0.9970
1752868825.9622 24.8676 17.7701 1.3998 0.0082 -0.0362 0.0558 0.9978
1752868826.0631 24.9193 17.7377 1.3982 0.0088 -0.0364 0.0424 0.9984
1752868826.1640 24.9853 17.6969 1.4069 0.0093 -0.0365 0.0290 0.9989
1752868826.2648 25.0356 17.6905 1.4126 0.0098 -0.0363 0.0157 0.9992
1752868826.3657 25.0884 17.6536 1.4194 0.0102 -0.0360 0.0019 0.9993
1752868826.4665 25.1200 17.6181 1.4124 0.0106 -0.0360 -0.0124 0.9992
1752868826.5674 25.1562 17.5956 1.4143 0.0112 -0.0360 -0.0278 0.9989
1752868826.6683 25.2089 17.5849 1.4234 0.0121 -0.0359 -0.0440 0.9983
1752868826.7691 25.2606 17.5693 1.4272 0.0126 -0.0359 -0.0611 0.9974
1752868826.8700 25.2935 17.5096 1.4130 0.0132 -0.0357 -0.0789 0.9962
1752868826.9708 25.3420 17.4370 1.4055 0.0138 -0.0354 -0.0968 0.9946
1752868827.0717 25.3780 17.3670 1.4175 0.0141 -0.0353 -0.1154 0.9926
1752868827.1726 25.3998 17.3646 1.4386 0.0148 -0.0350 -0.1352 0.9901
1752868827.2734 25.4100 17.3610 1.4508 0.0160 -0.0345 -0.1554 0.9871
1752868827.3743 25.4398 17.3117 1.4513 0.0168 -0.0341 -0.1755 0.9837
1752868827.4751 25.4931 17.2410 1.4247 0.0173 -0.0340 -0.1956 0.9799
1752868827.5760 25.4994 17.2077 1.4356 0.0179 -0.0337 -0.2149 0.9759
1752868827.6769 25.5169 17.1562 1.4646 0.0184 -0.0332 -0.2332 0.9717
1752868827.7777 25.5161 17.1013 1.4894 0.0190 -0.0326 -0.2507 0.9673
1752868827.8786 25.5491 17.0455 1.4863 0.0195 -0.0323 -0.2681 0.9626
1752868827.9794 25.5821 17.0466 1.4399 0.0202 -0.0325 -0.2855 0.9576
1752868828.0803 25.5995 17.0360 1.4252 0.0208 -0.0325 -0.3024 0.9524
1752868828.1812 25.6069 16.9889 1.4459 0.0214 -0.0319 -0.3177 0.9474
1752868828.2820 25.6140 16.8945 1.4719 0.0216 -0.0311 -0.3324 0.9424
1752868828.3829 25.6007 16.8402 1.4810 0.0222 -0.0303 -0.3467 0.9372
1752868828.4837 25.5844 16.8062 1.4772 0.0225 -0.0301 -0.3600 0.9322
1752868828.5846 25.6453 16.7750 1.4422 0.0227 -0.0308 -0.3740 0.9266
1752868828.6855 25.6918 16.7209 1.4151 0.0234 -0.0310 -0.3887 0.9205
1752868828.7863 25.6670 16.6885 1.4274 0.0242 -0.0301 -0.4053 0.9134
1752868828.8872 25.6010 16.6551 1.4694 0.0250 -0.0284 -0.4243 0.9048
1752868828.9880 25.5500 16.6294 1.4722 0.0256 -0.0274 -0.4452 0.8946
1752868829.0889 25.5266 16.6044 1.4458 0.0260 -0.0273 -0.4669 0.8835
1752868829.1898 25.4994 16.5728 1.4125 0.0262 -0.0275 -0.4878 0.8721
1752868829.2906 25.4754 16.5527 1.4297 0.0264 -0.0271 -0.5067 0.8613
1752868829.3915 25.4382 16.5481 1.4540 0.0273 -0.0257 -0.5220 0.8522
1752868829.4923 25.4067 16.5287 1.4458 0.0280 -0.0246 -0.5338 0.8448
1752868829.5932 25.3824 16.4705 1.4340 0.0282 -0.0245 -0.5436 0.8385
1752868829.6941 25.3764 16.4313 1.4251 0.0285 -0.0247 -0.5511 0.8336
1752868829.7949 25.3776 16.4403 1.4279 0.0280 -0.0252 -0.5558 0.8304
1752868829.8958 25.3696 16.4646 1.4386 0.0277 -0.0253 -0.5580 0.8290
1752868829.9966 25.3729 16.4764 1.4337 0.0282 -0.0247 -0.5581 0.8290
1752868830.0975 25.3940 16.4188 1.4280 0.0286 -0.0243 -0.5574 0.8294
1752868830.1984 25.4056 16.3532 1.4309 0.0285 -0.0245 -0.5568 0.8298
1752868830.2992 25.4233 16.3154 1.4361 0.0282 -0.0250 -0.5555 0.8306
1752868830.4001 25.4510 16.3295 1.4262 0.0282 -0.0251 -0.5534 0.8320
1752868830.5009 25.5044 16.3494 1.4333 0.0283 -0.0248 -0.5508 0.8338
1752868830.6018 25.5251 16.3394 1.4155 0.0287 -0.0245 -0.5476 0.8359
1752868830.7027 25.5246 16.2902 1.4023 0.0288 -0.0245 -0.5442 0.8381
1752868830.8035 25.5345 16.2106 1.4145 0.0284 -0.0249 -0.5421 0.8395
1752868830.9044 25.5562 16.1307 1.4235 0.0279 -0.0253 -0.5400 0.8408
1752868831.0052 25.6049 16.1048 1.4363 0.0278 -0.0255 -0.5383 0.8419
1752868831.1061 25.6636 16.1082 1.4434 0.0281 -0.0254 -0.5372 0.8426
1752868831.2070 25.6938 16.1119 1.4400 0.0283 -0.0252 -0.5365 0.8430
1752868831.3078 25.6825 16.0675 1.4287 0.0282 -0.0253 -0.5363 0.8432
1752868831.4087 25.6548 16.0347 1.4241 0.0282 -0.0250 -0.5391 0.8414
1752868831.5095 25.6562 15.9845 1.4219 0.0289 -0.0244 -0.5450 0.8376
1752868831.6104 25.7059 15.8941 1.4229 0.0292 -0.0244 -0.5526 0.8326
1752868831.7113 25.7428 15.8281 1.4279 0.0291 -0.0244 -0.5601 0.8276
1752868831.8121 25.7238 15.8146 1.4337 0.0294 -0.0234 -0.5652 0.8241
1752868831.9130 25.7064 15.7954 1.4317 0.0294 -0.0232 -0.5673 0.8227
1752868832.0138 25.7321 15.7514 1.4455 0.0291 -0.0237 -0.5674 0.8226
1752868832.1147 25.7723 15.6901 1.4390 0.0287 -0.0245 -0.5665 0.8232
1752868832.2156 25.8247 15.6042 1.4356 0.0285 -0.0248 -0.5661 0.8235
1752868832.3164 25.8461 15.5363 1.4391 0.0286 -0.0245 -0.5659 0.8236
1752868832.4173 25.8454 15.4949 1.4608 0.0283 -0.0244 -0.5647 0.8244
1752868832.5181 25.8501 15.4704 1.4675 0.0284 -0.0242 -0.5633 0.8254
1752868832.6190 25.8925 15.4162 1.4492 0.0284 -0.0248 -0.5597 0.8279
1752868832.7199 25.9426 15.3725 1.4484 0.0286 -0.0250 -0.5545 0.8313
1752868832.8207 25.9949 15.3523 1.4620 0.0283 -0.0254 -0.5495 0.8346
1752868832.9216 26.0520 15.3154 1.4604 0.0281 -0.0256 -0.5441 0.8382
1752868833.0224 26.0628 15.3034 1.4505 0.0276 -0.0259 -0.5394 0.8412
1752868833.1233 26.0619 15.2689 1.4391 0.0274 -0.0260 -0.5345 0.8443
1752868833.2242 26.1300 15.2018 1.4434 0.0275 -0.0260 -0.5297 0.8473
1752868833.3250 26.2097 15.1953 1.4660 0.0279 -0.0258 -0.5271 0.8490
1752868833.4259 26.2579 15.1718 1.4807 0.0279 -0.0261 -0.5259 0.8497
1752868833.5267 26.2600 15.0837 1.4805 0.0277 -0.0264 -0.5258 0.8497
1752868833.6276 26.2782 14.9797 1.4699 0.0274 -0.0264 -0.5259 0.8497
1752868833.7285 26.3254 14.9319 1.4535 0.0273 -0.0262 -0.5261 0.8496
1752868833.8293 26.3871 14.9369 1.4661 0.0275 -0.0259 -0.5254 0.8500
1752868833.9302 26.4129 14.9270 1.5046 0.0274 -0.0260 -0.5233 0.8513
1752868834.0310 26.4081 14.8733 1.5387 0.0271 -0.0261 -0.5212 0.8526
1752868834.1319 26.4395 14.7969 1.5265 0.0271 -0.0263 -0.5215 0.8524
1752868834.2328 26.4742 14.7333 1.5055 0.0270 -0.0264 -0.5244 0.8507
1752868834.3336 26.5608 14.6245 1.4852 0.0272 -0.0263 -0.5289 0.8479
1752868834.4345 26.5886 14.5364 1.4982 0.0275 -0.0258 -0.5323 0.8457
1752868834.5353 26.5787 14.4884 1.5285 0.0278 -0.0252 -0.5312 0.8464
1752868834.6362 26.5638 14.4890 1.5295 0.0272 -0.0262 -0.5242 0.8507
1752868834.7371 26.5915 14.5379 1.4945 0.0267 -0.0271 -0.5125 0.8578
1752868834.8379 26.6978 14.5285 1.4913 0.0258 -0.0281 -0.5012 0.8645
1752868834.9388 26.8147 14.4532 1.5019 0.0259 -0.0278 -0.4963 0.8673
1752868835.0396 26.8562 14.3078 1.5217 0.0266 -0.0272 -0.4972 0.8668
1752868835.1405 26.8302 14.2281 1.5246 0.0271 -0.0269 -0.4993 0.8656
1752868835.2414 26.7998 14.2502 1.5344 0.0265 -0.0276 -0.4999 0.8652
1752868835.3422 26.8194 14.2822 1.5335 0.0255 -0.0284 -0.4966 0.8671
1752868835.4431 26.8705 14.2631 1.5303 0.0253 -0.0283 -0.4934 0.8690
1752868835.5439 26.9195 14.1787 1.5450 0.0261 -0.0273 -0.4947 0.8682
1752868835.6448 26.9749 14.0597 1.5348 0.0266 -0.0274 -0.4984 0.8661
1752868835.7457 26.9931 14.0109 1.5201 0.0263 -0.0281 -0.5034 0.8632
1752868835.8465 26.9919 14.0375 1.5146 0.0260 -0.0284 -0.5063 0.8615
1752868835.9474 26.9867 14.0547 1.5319 0.0261 -0.0279 -0.5067 0.8613
1752868836.0482 27.0258 14.0199 1.5479 0.0263 -0.0276 -0.5073 0.8609
1752868836.1491 27.0657 13.9084 1.5480 0.0266 -0.0274 -0.5080 0.8605
1752868836.2500 27.0815 13.8045 1.5403 0.0263 -0.0274 -0.5091 0.8599
1752868836.3508 27.1020 13.7594 1.5023 0.0265 -0.0276 -0.5105 0.8590
1752868836.4517 27.1137 13.7701 1.4919 0.0268 -0.0276 -0.5118 0.8582
1752868836.5525 27.1285 13.7676 1.5098 0.0266 -0.0277 -0.5117 0.8583
1752868836.6534 27.1527 13.7270 1.5319 0.0264 -0.0277 -0.5101 0.8593
1752868836.7543 27.1957 13.6941 1.5489 0.0264 -0.0275 -0.5086 0.8602
1752868836.8551 27.2307 13.6472 1.5276 0.0266 -0.0275 -0.5068 0.8612
1752868836.9560 27.2597 13.6241 1.5087 0.0268 -0.0275 -0.5051 0.8622
1752868837.0568 27.3013 13.5610 1.5284 0.0268 -0.0273 -0.5022 0.8639
1752868837.1577 27.3132 13.5360 1.5583 0.0262 -0.0279 -0.4996 0.8654
1752868837.2586 27.3268 13.5253 1.5562 0.0262 -0.0281 -0.4974 0.8667
1752868837.3594 27.3396 13.5094 1.5681 0.0258 -0.0284 -0.4957 0.8677
1752868837.4603 27.3904 13.4837 1.5874 0.0254 -0.0286 -0.4937 0.8688
1752868837.5611 27.4265 13.4472 1.5993 0.0256 -0.0284 -0.4916 0.8700
1752868837.6620 27.4536 13.4100 1.5833 0.0261 -0.0283 -0.4897 0.8711
1752868837.7629 27.4788 13.3838 1.5617 0.0264 -0.0284 -0.4881 0.8719
1752868837.8637 27.4973 13.3371 1.5555 0.0262 -0.0286 -0.4871 0.8725
1752868837.9646 27.5028 13.3444 1.5622 0.0256 -0.0289 -0.4866 0.8728
1752868838.0654 27.5124 13.3319 1.5868 0.0251 -0.0292 -0.4854 0.8734
1752868838.1663 27.5400 13.3023 1.5858 0.0252 -0.0291 -0.4841 0.8741
1752868838.2671 27.5700 13.2352 1.5724 0.0255 -0.0292 -0.4811 0.8758
1752868838.3680 27.6074 13.2190 1.5379 0.0266 -0.0290 -0.4773 0.8779
1752868838.4689 27.6540 13.2276 1.5380 0.0270 -0.0289 -0.4735 0.8799
1752868838.5697 27.7079 13.2280 1.5721 0.0262 -0.0294 -0.4691 0.8823
1752868838.6706 27.7354 13.1909 1.5732 0.0250 -0.0302 -0.4632 0.8854
1752868838.7714 27.7511 13.1359 1.5584 0.0242 -0.0312 -0.4568 0.8887
1752868838.8723 27.7612 13.1433 1.5432 0.0241 -0.0314 -0.4487 0.8928
1752868838.9732 27.7930 13.1383 1.5812 0.0238 -0.0313 -0.4383 0.8980
1752868839.0740 27.8349 13.1089 1.5959 0.0239 -0.0317 -0.4270 0.9034
1752868839.1749 27.8873 13.1436 1.5210 0.0250 -0.0323 -0.4172 0.9079
1752868839.2757 27.9296 13.1448 1.5179 0.0247 -0.0330 -0.4069 0.9126
1752868839.3766 27.9725 13.1367 1.5591 0.0241 -0.0327 -0.3956 0.9175
1752868839.4775 27.9873 13.1146 1.5572 0.0230 -0.0333 -0.3843 0.9223
1752868839.5783 28.0185 13.1071 1.5331 0.0217 -0.0347 -0.3724 0.9272
1752868839.6792 28.0955 13.0865 1.4977 0.0207 -0.0367 -0.3608 0.9317
1752868839.7800 28.1518 13.0861 1.5508 0.0203 -0.0361 -0.3524 0.9349
1752868839.8809 28.1652 13.0627 1.5608 0.0196 -0.0363 -0.3492 0.9362
1752868839.9818 28.1667 13.0262 1.5360 0.0195 -0.0371 -0.3495 0.9360
1752868840.0826 28.1925 12.9953 1.5131 0.0204 -0.0370 -0.3521 0.9350
1752868840.1835 28.2273 12.9732 1.5266 0.0215 -0.0360 -0.3545 0.9341
1752868840.2843 28.2592 12.9720 1.5478 0.0221 -0.0352 -0.3557 0.9337
1752868840.3852 28.2689 12.9793 1.5730 0.0226 -0.0343 -0.3539 0.9344
1752868840.4861 28.2812 12.9749 1.5692 0.0223 -0.0347 -0.3501 0.9358
1752868840.5869 28.2664 12.9514 1.5786 0.0215 -0.0352 -0.3427 0.9385
1752868840.6878 28.2949 12.9332 1.5855 0.0203 -0.0358 -0.3338 0.9417
1752868840.7886 28.3289 12.9417 1.5955 0.0198 -0.0358 -0.3250 0.9448
1752868840.8895 28.3726 12.9636 1.5995 0.0198 -0.0359 -0.3174 0.9474
1752868840.9904 28.3858 12.9943 1.5725 0.0196 -0.0370 -0.3095 0.9500
1752868841.0912 28.3828 13.0102 1.5568 0.0196 -0.0374 -0.2993 0.9532
1752868841.1921 28.4089 13.0269 1.5839 0.0194 -0.0371 -0.2846 0.9577
1752868841.2929 28.4286 13.0830 1.5897 0.0186 -0.0371 -0.2665 0.9629
1752868841.3938 28.4162 13.1456 1.5916 0.0181 -0.0375 -0.2464 0.9683
1752868841.4947 28.3802 13.1677 1.6142 0.0175 -0.0374 -0.2241 0.9737
1752868841.5955 28.3735 13.1744 1.6140 0.0178 -0.0371 -0.2002 0.9789
1752868841.6964 28.3855 13.2092 1.6359 0.0174 -0.0369 -0.1748 0.9838
1752868841.7972 28.3911 13.3071 1.6387 0.0159 -0.0377 -0.1493 0.9879
1752868841.8981 28.3662 13.4168 1.6891 0.0134 -0.0381 -0.1237 0.9915
1752868841.9990 28.3360 13.4476 1.6846 0.0122 -0.0387 -0.0991 0.9943
1752868842.0998 28.3311 13.4289 1.6782 0.0121 -0.0389 -0.0781 0.9961
1752868842.2007 28.3436 13.4162 1.6514 0.0128 -0.0388 -0.0620 0.9972
1752868842.3015 28.3285 13.4579 1.6407 0.0126 -0.0388 -0.0503 0.9979
1752868842.4024 28.3196 13.5187 1.6353 0.0112 -0.0390 -0.0394 0.9984
1752868842.5033 28.3287 13.5850 1.6676 0.0086 -0.0393 -0.0261 0.9988
1752868842.6041 28.3065 13.6217 1.6549 0.0082 -0.0398 -0.0066 0.9992
1752868842.7050 28.2838 13.6484 1.6336 0.0086 -0.0402 0.0185 0.9990
1752868842.8058 28.2606 13.6409 1.6286 0.0084 -0.0402 0.0483 0.9980
1752868842.9067 28.2458 13.6826 1.6881 0.0066 -0.0399 0.0790 0.9961
1752868843.0076 28.2308 13.7528 1.7237 0.0039 -0.0393 0.1112 0.9930
1752868843.1084 28.2218 13.8344 1.6710 0.0029 -0.0402 0.1457 0.9885
1752868843.2093 28.2133 13.8656 1.5915 0.0027 -0.0414 0.1751 0.9837
1752868843.3101 28.2173 13.9053 1.6137 0.0011 -0.0411 0.1948 0.9800
1752868843.4110 28.2487 13.9541 1.6846 -0.0006 -0.0400 0.2114 0.9766
1752868843.5119 28.2573 14.0646 1.6873 -0.0014 -0.0399 0.2329 0.9717
1752868843.6127 28.2478 14.1495 1.6448 -0.0026 -0.0408 0.2602 0.9647
1752868843.7136 28.2302 14.1393 1.5958 -0.0035 -0.0415 0.2913 0.9557
1752868843.8144 28.2070 14.1349 1.5815 -0.0052 -0.0413 0.3205 0.9463
1752868843.9153 28.1736 14.1854 1.6111 -0.0066 -0.0407 0.3461 0.9373
1752868844.0162 28.1743 14.3151 1.6542 -0.0078 -0.0402 0.3712 0.9276
1752868844.1170 28.1497 14.4353 1.7020 -0.0102 -0.0397 0.3970 0.9169
1752868844.2179 28.1040 14.4784 1.6436 -0.0112 -0.0399 0.4269 0.9034
1752868844.3187 28.0484 14.4295 1.6013 -0.0115 -0.0401 0.4561 0.8889
1752868844.4196 28.0186 14.4386 1.5804 -0.0123 -0.0398 0.4824 0.8750
1752868844.5205 27.9871 14.5037 1.6271 -0.0136 -0.0386 0.5038 0.8629
1752868844.6213 27.9673 14.6054 1.6230 -0.0149 -0.0382 0.5208 0.8527
1752868844.7222 27.9595 14.6837 1.5829 -0.0155 -0.0385 0.5363 0.8430
1752868844.8230 27.9563 14.7070 1.5658 -0.0159 -0.0384 0.5491 0.8347
1752868844.9239 27.9346 14.6946 1.5911 -0.0164 -0.0378 0.5580 0.8289
1752868845.0248 27.9405 14.7206 1.6029 -0.0163 -0.0374 0.5640 0.8247
1752868845.1256 27.9710 14.7786 1.5865 -0.0159 -0.0377 0.5674 0.8224
1752868845.2265 27.9745 14.8566 1.5726 -0.0158 -0.0380 0.5695 0.8210
1752868845.3273 27.9581 14.9139 1.5827 -0.0168 -0.0377 0.5703 0.8204
1752868845.4282 27.9489 14.9193 1.6009 -0.0171 -0.0373 0.5702 0.8205
1752868845.5291 27.9559 14.9329 1.6056 -0.0166 -0.0373 0.5697 0.8209
1752868845.6299 27.9822 14.9501 1.6148 -0.0160 -0.0374 0.5694 0.8211
1752868845.7308 28.0100 14.9996 1.5966 -0.0159 -0.0377 0.5693 0.8211
1752868845.8316 28.0383 15.0936 1.5709 -0.0160 -0.0381 0.5689 0.8214
1752868845.9325 28.0148 15.1376 1.5729 -0.0169 -0.0379 0.5681 0.8219
1752868846.0334 28.0396 15.1488 1.6033 -0.0170 -0.0377 0.5666 0.8229
1752868846.1342 28.0716 15.1823 1.6124 -0.0162 -0.0379 0.5638 0.8249
1752868846.2351 28.0774 15.2626 1.6088 -0.0154 -0.0382 0.5595 0.8278
1752868846.3359 28.0884 15.3304 1.5979 -0.0151 -0.0386 0.5550 0.8308
1752868846.4368 28.1019 15.3631 1.6057 -0.0154 -0.0386 0.5509 0.8335
1752868846.5377 28.1293 15.3995 1.6157 -0.0156 -0.0385 0.5469 0.8362
1752868846.6385 28.1404 15.4394 1.6394 -0.0158 -0.0383 0.5437 0.8382
1752868846.7394 28.1656 15.5134 1.6539 -0.0161 -0.0381 0.5421 0.8393
1752868846.8402 28.1945 15.5449 1.6543 -0.0160 -0.0382 0.5424 0.8391
1752868846.9411 28.2145 15.5818 1.6241 -0.0158 -0.0388 0.5435 0.8384
1752868847.0420 28.2270 15.6454 1.6100 -0.0155 -0.0392 0.5443 0.8378
1752868847.1428 28.2348 15.7091 1.6232 -0.0148 -0.0391 0.5432 0.8386
1752868847.2437 28.2587 15.7691 1.6499 -0.0144 -0.0389 0.5412 0.8399
1752868847.3445 28.2724 15.8146 1.6464 -0.0142 -0.0389 0.5379 0.8420
1752868847.4454 28.3197 15.8053 1.6663 -0.0151 -0.0387 0.5340 0.8444
1752868847.5463 28.3416 15.8252 1.6874 -0.0151 -0.0387 0.5298 0.8471
1752868847.6471 28.3307 15.9585 1.7081 -0.0150 -0.0388 0.5260 0.8495
1752868847.7480 28.3454 16.0933 1.7156 -0.0148 -0.0391 0.5227 0.8515
1752868847.8488 28.4220 16.1512 1.6731 -0.0146 -0.0398 0.5185 0.8541
1752868847.9497 28.4799 16.1607 1.6856 -0.0154 -0.0397 0.5134 0.8571
1752868848.0506 28.4846 16.1754 1.7317 -0.0152 -0.0391 0.5080 0.8603
1752868848.1514 28.4875 16.2511 1.7618 -0.0136 -0.0391 0.5027 0.8635
1752868848.2523 28.5079 16.3094 1.7586 -0.0128 -0.0396 0.4978 0.8663
1752868848.3531 28.5656 16.3341 1.7625 -0.0133 -0.0398 0.4927 0.8692
1752868848.4540 28.6430 16.3711 1.7566 -0.0130 -0.0399 0.4879 0.8719
1752868848.5549 28.7046 16.4157 1.7429 -0.0128 -0.0401 0.4824 0.8750
1752868848.6557 28.7451 16.4733 1.7425 -0.0122 -0.0404 0.4767 0.8781
1752868848.7566 28.7771 16.5375 1.7312 -0.0117 -0.0411 0.4712 0.8810
1752868848.8574 28.7881 16.6161 1.7337 -0.0117 -0.0413 0.4654 0.8841
1752868848.9583 28.8120 16.7014 1.7571 -0.0119 -0.0409 0.4595 0.8872
1752868849.0592 28.8754 16.7402 1.7892 -0.0118 -0.0406 0.4526 0.8907
1752868849.1600 28.9255 16.7583 1.8091 -0.0109 -0.0408 0.4434 0.8953
1752868849.2609 28.9775 16.7748 1.8239 -0.0100 -0.0414 0.4335 0.9001
1752868849.3617 29.0407 16.8457 1.8104 -0.0099 -0.0419 0.4242 0.9046
1752868849.4626 29.1009 16.9108 1.7844 -0.0090 -0.0423 0.4164 0.9082
1752868849.5635 29.1312 16.9468 1.7731 -0.0081 -0.0422 0.4104 0.9109
1752868849.6643 29.1753 16.9567 1.7712 -0.0075 -0.0423 0.4049 0.9133
1752868849.7652 29.1945 16.9754 1.8241 -0.0077 -0.0421 0.3984 0.9162
1752868849.8660 29.2616 17.0228 1.8767 -0.0081 -0.0420 0.3915 0.9192
1752868849.9669 29.3537 17.0864 1.8686 -0.0074 -0.0424 0.3861 0.9215
1752868850.0678 29.4157 17.1570 1.8351 -0.0062 -0.0427 0.3827 0.9229
1752868850.1686 29.4273 17.2284 1.8186 -0.0055 -0.0427 0.3792 0.9243
1752868850.2695 29.4153 17.2524 1.8212 -0.0061 -0.0424 0.3736 0.9266
1752868850.3703 29.4581 17.2565 1.8437 -0.0064 -0.0424 0.3661 0.9296
1752868850.4712 29.5530 17.2339 1.8882 -0.0059 -0.0426 0.3578 0.9328
1752868850.5721 29.6381 17.2851 1.9347 -0.0049 -0.0427 0.3489 0.9362
1752868850.6729 29.6678 17.3480 1.9577 -0.0045 -0.0425 0.3386 0.9399
1752868850.7738 29.6887 17.3746 1.9286 -0.0038 -0.0425 0.3278 0.9438
1752868850.8746 29.7348 17.3739 1.8929 -0.0034 -0.0428 0.3178 0.9472
1752868850.9755 29.7743 17.3789 1.8932 -0.0030 -0.0431 0.3101 0.9497
1752868851.0764 29.8087 17.3910 1.9368 -0.0030 -0.0429 0.3049 0.9514
1752868851.1772 29.8496 17.4659 1.9621 -0.0027 -0.0426 0.3007 0.9528
1752868851.2781 29.8867 17.5158 1.9805 -0.0025 -0.0424 0.2980 0.9536
1752868851.3789 29.9200 17.5420 1.9681 -0.0022 -0.0427 0.2976 0.9537
1752868851.4798 29.9629 17.5586 1.9514 -0.0011 -0.0432 0.2995 0.9531
1752868851.5807 29.9841 17.5762 1.9421 -0.0013 -0.0433 0.3051 0.9513
1752868851.6815 30.0029 17.6089 1.9265 -0.0018 -0.0433 0.3118 0.9492
1752868851.7824 30.0163 17.6424 1.9348 -0.0031 -0.0433 0.3183 0.9470
1752868851.8832 30.0381 17.6773 1.9423 -0.0042 -0.0434 0.3237 0.9452
1752868851.9841 30.0575 17.7280 1.9688 -0.0044 -0.0433 0.3293 0.9432
1752868852.0850 30.0825 17.7632 1.9860 -0.0036 -0.0429 0.3343 0.9415
1752868852.1858 30.1145 17.7933 1.9813 -0.0032 -0.0429 0.3386 0.9399
1752868852.2867 30.1318 17.8115 1.9472 -0.0036 -0.0434 0.3421 0.9387
1752868852.3875 30.1277 17.8477 1.9437 -0.0046 -0.0436 0.3454 0.9374
1752868852.4884 30.1601 17.8910 1.9622 -0.0049 -0.0436 0.3505 0.9355
1752868852.5893 30.1672 17.9415 1.9789 -0.0049 -0.0434 0.3560 0.9335
1752868852.6901 30.1634 17.9400 1.9750 -0.0053 -0.0432 0.3619 0.9312
1752868852.7910 30.1934 17.9475 1.9546 -0.0056 -0.0434 0.3686 0.9286
1752868852.8918 30.2291 17.9645 1.9501 -0.0061 -0.0437 0.3754 0.9258
1752868852.9927 30.2389 18.0085 1.9461 -0.0066 -0.0438 0.3822 0.9230
1752868853.0936 30.2272 18.0656 1.9541 -0.0068 -0.0437 0.3909 0.9194
1752868853.1944 30.2064 18.1569 1.9822 -0.0061 -0.0435 0.4015 0.9148
1752868853.2953 30.1868 18.2279 1.9877 -0.0061 -0.0433 0.4166 0.9080
1752868853.3961 30.1969 18.2602 1.9698 -0.0070 -0.0435 0.4349 0.8994
1752868853.4970 30.2017 18.2787 1.9318 -0.0090 -0.0438 0.4538 0.8900
1752868853.5979 30.1710 18.2502 1.9226 -0.0109 -0.0435 0.4739 0.8795
1752868853.6987 30.1446 18.2986 1.9289 -0.0124 -0.0429 0.4945 0.8680
1752868853.7996 30.1307 18.3694 1.9280 -0.0135 -0.0425 0.5155 0.8557
1752868853.9004 30.0911 18.4447 1.9160 -0.0144 -0.0421 0.5359 0.8431
1752868854.0013 30.0189 18.5266 1.9264 -0.0138 -0.0420 0.5564 0.8298
1752868854.1022 29.9477 18.5662 1.9384 -0.0140 -0.0418 0.5766 0.8158
1752868854.2030 29.9311 18.5640 1.9239 -0.0156 -0.0414 0.5973 0.8008
1752868854.3039 29.9361 18.5521 1.8837 -0.0182 -0.0411 0.6182 0.7848
1752868854.4047 29.9061 18.5898 1.8243 -0.0206 -0.0408 0.6384 0.7683
1752868854.5056 29.8466 18.6978 1.8014 -0.0214 -0.0405 0.6591 0.7507
1752868854.6065 29.7935 18.7685 1.8460 -0.0217 -0.0397 0.6802 0.7316
1752868854.7073 29.6859 18.8234 1.8738 -0.0217 -0.0387 0.7006 0.7122
1752868854.8082 29.6042 18.8472 1.8553 -0.0227 -0.0381 0.7219 0.6906
1752868854.9090 29.5822 18.8072 1.8267 -0.0240 -0.0375 0.7423 0.6686
1752868855.0099 29.5602 18.7754 1.7901 -0.0251 -0.0372 0.7600 0.6483
1752868855.1108 29.5255 18.7820 1.7932 -0.0266 -0.0363 0.7745 0.6310
1752868855.2116 29.4411 18.8499 1.8158 -0.0271 -0.0356 0.7866 0.6159
1752868855.3125 29.3608 18.9132 1.8253 -0.0274 -0.0347 0.7982 0.6008
1752868855.4133 29.2889 18.8869 1.8052 -0.0279 -0.0343 0.8100 0.5848
1752868855.5142 29.2480 18.8501 1.7710 -0.0287 -0.0337 0.8217 0.5682
1752868855.6151 29.2280 18.8608 1.7547 -0.0296 -0.0333 0.8326 0.5520
1752868855.7159 29.1816 18.8967 1.7457 -0.0302 -0.0327 0.8432 0.5358
1752868855.8168 29.0986 18.9237 1.7500 -0.0307 -0.0323 0.8531 0.5198
1752868855.9176 29.0658 18.9331 1.7313 -0.0310 -0.0327 0.8625 0.5040
1752868856.0185 29.0576 18.9338 1.7084 -0.0318 -0.0325 0.8712 0.4889
1752868856.1194 29.0354 18.8971 1.7054 -0.0323 -0.0316 0.8794 0.4739
1752868856.2202 28.9826 18.8788 1.7195 -0.0325 -0.0304 0.8869 0.4597
1752868856.3211 28.9288 18.8977 1.7275 -0.0326 -0.0299 0.8935 0.4469
1752868856.4219 28.8924 18.9205 1.7213 -0.0330 -0.0297 0.8994 0.4349
1752868856.5228 28.8727 18.9485 1.7140 -0.0336 -0.0293 0.9043 0.4247
1752868856.6237 28.8587 18.9602 1.7365 -0.0345 -0.0289 0.9084 0.4158
1752868856.7245 28.8058 18.9396 1.7392 -0.0346 -0.0282 0.9114 0.4092
1752868856.8254 28.7329 18.9393 1.7171 -0.0344 -0.0278 0.9135 0.4045
1752868856.9262 28.6748 19.0362 1.7089 -0.0337 -0.0284 0.9158 0.3992
1752868857.0271 28.6467 19.0854 1.6964 -0.0338 -0.0285 0.9195 0.3907
1752868857.1280 28.6126 19.0762 1.6739 -0.0346 -0.0280 0.9237 0.3804
1752868857.2288 28.5580 19.0566 1.6693 -0.0351 -0.0273 0.9279 0.3702
1752868857.3297 28.4990 19.0871 1.6846 -0.0349 -0.0269 0.9318 0.3603
1752868857.4305 28.4730 19.0787 1.6901 -0.0349 -0.0264 0.9346 0.3530
1752868857.5314 28.4385 19.1124 1.6766 -0.0351 -0.0264 0.9372 0.3459
1752868857.6323 28.3986 19.1383 1.6604 -0.0357 -0.0261 0.9400 0.3382
1752868857.7331 28.3319 19.1305 1.6484 -0.0360 -0.0256 0.9429 0.3301
1752868857.8340 28.2902 19.1209 1.6563 -0.0361 -0.0251 0.9450 0.3241
1752868857.9348 28.2651 19.1418 1.6883 -0.0358 -0.0253 0.9461 0.3208
1752868858.0357 28.2393 19.2155 1.6951 -0.0356 -0.0259 0.9466 0.3195
1752868858.1366 28.2014 19.2824 1.6629 -0.0358 -0.0259 0.9471 0.3179
1752868858.2374 28.1582 19.3057 1.6288 -0.0362 -0.0253 0.9481 0.3150
1752868858.3383 28.0875 19.2788 1.6114 -0.0357 -0.0249 0.9492 0.3116
1752868858.4391 28.0475 19.2750 1.6458 -0.0353 -0.0250 0.9499 0.3096
1752868858.5400 28.0035 19.3128 1.6549 -0.0352 -0.0250 0.9503 0.3084
1752868858.6409 27.9547 19.3705 1.6368 -0.0354 -0.0249 0.9507 0.3072
1752868858.7417 27.9323 19.3897 1.6205 -0.0355 -0.0250 0.9513 0.3051
1752868858.8426 27.9129 19.3641 1.6175 -0.0358 -0.0248 0.9523 0.3020
1752868858.9434 27.8923 19.3725 1.6151 -0.0358 -0.0244 0.9532 0.2992
1752868859.0443 27.8492 19.4054 1.6281 -0.0358 -0.0243 0.9537 0.2975
1752868859.1452 27.8048 19.4474 1.6295 -0.0356 -0.0245 0.9538 0.2972
1752868859.2460 27.7505 19.4867 1.6334 -0.0354 -0.0250 0.9535 0.2984
1752868859.3469 27.7261 19.4868 1.6203 -0.0351 -0.0249 0.9528 0.3006
1752868859.4477 27.7147 19.4989 1.6029 -0.0350 -0.0248 0.9521 0.3029
1752868859.5486 27.6847 19.5392 1.6052 -0.0352 -0.0245 0.9512 0.3056
1752868859.6495 27.6114 19.5916 1.6017 -0.0349 -0.0250 0.9501 0.3089
1752868859.7503 27.5711 19.6260 1.5941 -0.0352 -0.0251 0.9482 0.3148
1752868859.8512 27.5286 19.6672 1.5912 -0.0354 -0.0252 0.9455 0.3228
1752868859.9520 27.5234 19.6570 1.6036 -0.0349 -0.0254 0.9417 0.3337
1752868860.0529 27.5021 19.6997 1.5986 -0.0347 -0.0257 0.9373 0.3459
1752868860.1538 27.4590 19.7856 1.5977 -0.0346 -0.0263 0.9321 0.3596
1752868860.2546 27.4345 19.8412 1.5665 -0.0338 -0.0269 0.9267 0.3734
1752868860.3555 27.4673 19.8825 1.5965 -0.0330 -0.0277 0.9212 0.3868
1752868860.4563 27.4650 19.9230 1.6219 -0.0326 -0.0278 0.9163 0.3983
1752868860.5572 27.4560 19.9917 1.6294 -0.0324 -0.0284 0.9116 0.4088
1752868860.6581 27.4010 20.0514 1.5925 -0.0319 -0.0293 0.9080 0.4168
1752868860.7589 27.3608 20.0674 1.5779 -0.0312 -0.0293 0.9047 0.4239
1752868860.8598 27.3766 20.0651 1.5916 -0.0305 -0.0296 0.9028 0.4280
1752868860.9606 27.3762 20.0830 1.5945 -0.0310 -0.0295 0.9029 0.4276
1752868861.0615 27.3133 20.1680 1.5929 -0.0313 -0.0295 0.9035 0.4265
1752868861.1624 27.2377 20.2398 1.5855 -0.0316 -0.0292 0.9029 0.4278
1752868861.2632 27.1902 20.2510 1.5818 -0.0315 -0.0293 0.9004 0.4329
1752868861.3641 27.1640 20.2587 1.5787 -0.0303 -0.0297 0.8967 0.4405
1752868861.4649 27.1913 20.3023 1.5758 -0.0295 -0.0304 0.8922 0.4497
1752868861.5658 27.1980 20.3624 1.5723 -0.0293 -0.0311 0.8876 0.4587
1752868861.6667 27.2074 20.4776 1.5568 -0.0299 -0.0311 0.8824 0.4686
1752868861.7675 27.1999 20.5337 1.6114 -0.0298 -0.0313 0.8768 0.4789
1752868861.8684 27.1927 20.5508 1.6439 -0.0293 -0.0318 0.8712 0.4890
1752868861.9692 27.1478 20.5645 1.6349 -0.0281 -0.0325 0.8660 0.4982
1752868862.0701 27.1227 20.5801 1.6090 -0.0279 -0.0319 0.8611 0.5066
1752868862.1710 27.0892 20.6096 1.5707 -0.0278 -0.0316 0.8560 0.5153
1752868862.2718 27.1109 20.6839 1.5811 -0.0276 -0.0325 0.8508 0.5237
1752868862.3727 27.1456 20.7723 1.6275 -0.0267 -0.0338 0.8458 0.5317
1752868862.4735 27.1214 20.8320 1.6495 -0.0267 -0.0336 0.8409 0.5394
1752868862.5744 27.0738 20.8584 1.6250 -0.0266 -0.0336 0.8360 0.5470
1752868862.6752 27.0457 20.8841 1.6042 -0.0259 -0.0338 0.8317 0.5535
1752868862.7761 27.0483 20.9443 1.6029 -0.0250 -0.0346 0.8277 0.5596
1752868862.8770 27.0482 21.0165 1.5953 -0.0253 -0.0346 0.8243 0.5645
1752868862.9778 27.0721 21.0552 1.6097 -0.0257 -0.0344 0.8213 0.5689
1752868863.0787 27.0867 21.0794 1.6375 -0.0256 -0.0345 0.8194 0.5716
1752868863.1796 27.0258 21.0925 1.6305 -0.0252 -0.0344 0.8204 0.5702
1752868863.2804 26.9281 21.1264 1.5822 -0.0254 -0.0343 0.8233 0.5660
1752868863.3813 26.8702 21.2036 1.5767 -0.0256 -0.0341 0.8264 0.5614
1752868863.4821 26.8711 21.3083 1.6036 -0.0259 -0.0343 0.8284 0.5584
1752868863.5830 26.9143 21.3547 1.6293 -0.0260 -0.0342 0.8295 0.5569
1752868863.6839 26.9269 21.3472 1.6101 -0.0262 -0.0340 0.8314 0.5540
1752868863.7847 26.8543 21.3178 1.6008 -0.0264 -0.0332 0.8353 0.5482
1752868863.8856 26.7649 21.3606 1.5950 -0.0265 -0.0327 0.8404 0.5403
1752868863.9864 26.6905 21.4021 1.5990 -0.0267 -0.0327 0.8459 0.5316
1752868864.0873 26.6740 21.4240 1.6007 -0.0272 -0.0326 0.8507 0.5239
1752868864.1881 26.7077 21.4280 1.6076 -0.0274 -0.0327 0.8548 0.5173
1752868864.2890 26.7086 21.4228 1.6094 -0.0276 -0.0323 0.8586 0.5109
1752868864.3899 26.6599 21.4795 1.5943 -0.0277 -0.0317 0.8628 0.5038
1752868864.4907 26.5762 21.5542 1.6032 -0.0276 -0.0316 0.8673 0.4959
1752868864.5916 26.5332 21.5592 1.5920 -0.0282 -0.0319 0.8715 0.4886
1752868864.6924 26.5285 21.5270 1.5706 -0.0287 -0.0320 0.8746 0.4829
1752868864.7933 26.5602 21.5156 1.5946 -0.0288 -0.0318 0.8772 0.4782
1752868864.8942 26.5969 21.4974 1.6306 -0.0291 -0.0313 0.8798 0.4734
1752868864.9950 26.5591 21.5272 1.5956 -0.0294 -0.0309 0.8818 0.4696
1752868865.0959 26.4828 21.5649 1.5495 -0.0290 -0.0307 0.8837 0.4661
1752868865.1967 26.4405 21.5819 1.5188 -0.0282 -0.0311 0.8853 0.4631
1752868865.2976 26.4679 21.5704 1.5168 -0.0280 -0.0311 0.8864 0.4611
1752868865.3985 26.5114 21.5535 1.5670 -0.0287 -0.0308 0.8876 0.4587
1752868865.4993 26.5045 21.5728 1.5968 -0.0294 -0.0305 0.8887 0.4566
1752868865.6002 26.4622 21.5880 1.5805 -0.0298 -0.0307 0.8896 0.4548
1752868865.7010 26.4247 21.5862 1.5600 -0.0295 -0.0310 0.8901 0.4538
1752868865.8019 26.4143 21.5721 1.5806 -0.0288 -0.0310 0.8904 0.4532
1752868865.9028 26.4380 21.5667 1.5929 -0.0288 -0.0305 0.8906 0.4528
1752868866.0036 26.4751 21.5649 1.5968 -0.0290 -0.0304 0.8908 0.4524
1752868866.1045 26.4677 21.5798 1.6131 -0.0294 -0.0305 0.8916 0.4508
1752868866.2053 26.4335 21.6008 1.5928 -0.0296 -0.0306 0.8933 0.4475
1752868866.3062 26.3969 21.6057 1.5844 -0.0294 -0.0308 0.8944 0.4452
1752868866.4071 26.4086 21.5827 1.5935 -0.0290 -0.0308 0.8938 0.4464
1752868866.5079 26.4512 21.5857 1.5941 -0.0290 -0.0309 0.8920 0.4500
1752868866.6088 26.4564 21.6143 1.5861 -0.0291 -0.0309 0.8907 0.4526
1752868866.7096 26.4337 21.6236 1.5924 -0.0294 -0.0305 0.8908 0.4524
1752868866.8105 26.4169 21.6023 1.5941 -0.0292 -0.0303 0.8920 0.4501
1752868866.9114 26.4025 21.5503 1.5689 -0.0289 -0.0305 0.8930 0.4481
1752868867.0122 26.4314 21.5374 1.5519 -0.0289 -0.0309 0.8926 0.4488
1752868867.1131 26.4434 21.5709 1.5738 -0.0290 -0.0310 0.8916 0.4508
1752868867.2139 26.4362 21.6326 1.5944 -0.0293 -0.0310 0.8911 0.4518
1752868867.3148 26.4314 21.6439 1.6081 -0.0292 -0.0306 0.8913 0.4515
1752868867.4157 26.4300 21.5941 1.5883 -0.0290 -0.0304 0.8919 0.4503
1752868867.5165 26.4316 21.5539 1.5641 -0.0291 -0.0306 0.8923 0.4494
1752868867.6174 26.4343 21.5579 1.5530 -0.0295 -0.0311 0.8923 0.4494
1752868867.7182 26.4405 21.6045 1.5683 -0.0293 -0.0312 0.8918 0.4503
1752868867.8191 26.4453 21.6462 1.6018 -0.0290 -0.0312 0.8914 0.4511
1752868867.9200 26.4477 21.6384 1.6198 -0.0290 -0.0307 0.8915 0.4511
1752868868.0208 26.4413 21.5957 1.6141 -0.0293 -0.0303 0.8919 0.4504
1752868868.1217 26.4327 21.5535 1.5900 -0.0294 -0.0305 0.8924 0.4493
1752868868.2225 26.4242 21.5324 1.5573 -0.0293 -0.0310 0.8925 0.4490
1752868868.3234 26.4386 21.5535 1.5543 -0.0292 -0.0313 0.8921 0.4498
1752868868.4243 26.4663 21.6139 1.5644 -0.0291 -0.0312 0.8917 0.4507
1752868868.5251 26.4574 21.6498 1.5956 -0.0290 -0.0310 0.8915 0.4511
1752868868.6260 26.4333 21.6103 1.6164 -0.0290 -0.0306 0.8918 0.4504
1752868868.7268 26.4116 21.5588 1.6065 -0.0292 -0.0304 0.8922 0.4496
1752868868.8277 26.4188 21.5426 1.5877 -0.0294 -0.0305 0.8922 0.4496
1752868868.9286 26.4408 21.5553 1.5801 -0.0294 -0.0308 0.8918 0.4504
1752868869.0294 26.4419 21.6023 1.5792 -0.0289 -0.0310 0.8914 0.4512
1752868869.1303 26.4545 21.6369 1.6044 -0.0289 -0.0309 0.8913 0.4514
1752868869.2311 26.4577 21.6232 1.6178 -0.0291 -0.0308 0.8915 0.4510
1752868869.3320 26.4592 21.5937 1.6068 -0.0293 -0.0307 0.8919 0.4502
1752868869.4329 26.4293 21.5688 1.5917 -0.0294 -0.0307 0.8920 0.4500
1752868869.5337 26.4261 21.5573 1.5772 -0.0295 -0.0305 0.8918 0.4504
1752868869.6346 26.4415 21.5695 1.5844 -0.0293 -0.0306 0.8915 0.4509
1752868869.7354 26.4635 21.6142 1.6099 -0.0290 -0.0309 0.8915 0.4511
1752868869.8363 26.4520 21.6132 1.6239 -0.0288 -0.0310 0.8916 0.4508
1752868869.9372 26.4381 21.6037 1.6191 -0.0290 -0.0310 0.8918 0.4504
1752868870.0380 26.4279 21.5828 1.5838 -0.0294 -0.0305 0.8920 0.4500
1752868870.1389 26.4309 21.5907 1.5672 -0.0296 -0.0304 0.8920 0.4500
1752868870.2397 26.4446 21.6182 1.5674 -0.0291 -0.0309 0.8919 0.4503
1752868870.3406 26.4577 21.6130 1.6083 -0.0289 -0.0310 0.8915 0.4510
1752868870.4415 26.4565 21.5907 1.6414 -0.0289 -0.0308 0.8916 0.4509
1752868870.5423 26.4252 21.5766 1.6064 -0.0289 -0.0305 0.8918 0.4504
1752868870.6432 26.4030 21.5580 1.5793 -0.0292 -0.0303 0.8921 0.4500
1752868870.7440 26.4248 21.5860 1.5786 -0.0295 -0.0308 0.8921 0.4499
1752868870.8449 26.4375 21.6000 1.5993 -0.0294 -0.0310 0.8919 0.4502
1752868870.9458 26.4451 21.5956 1.6280 -0.0290 -0.0309 0.8917 0.4506
1752868871.0466 26.4547 21.5900 1.6307 -0.0289 -0.0307 0.8916 0.4509
1752868871.1475 26.4457 21.5920 1.6096 -0.0290 -0.0305 0.8917 0.4506
1752868871.2483 26.4387 21.6027 1.5812 -0.0292 -0.0305 0.8919 0.4503
1752868871.3492 26.4263 21.5882 1.5607 -0.0295 -0.0306 0.8919 0.4502
1752868871.4501 26.4291 21.5666 1.5665 -0.0292 -0.0307 0.8919 0.4503
1752868871.5509 26.4335 21.5833 1.5931 -0.0288 -0.0305 0.8918 0.4505
1752868871.6518 26.4462 21.6145 1.6199 -0.0287 -0.0307 0.8918 0.4505
1752868871.7526 26.4580 21.5991 1.6121 -0.0292 -0.0307 0.8919 0.4502
1752868871.8535 26.4401 21.5958 1.5750 -0.0296 -0.0308 0.8920 0.4500
1752868871.9544 26.4447 21.5856 1.5688 -0.0293 -0.0307 0.8915 0.4510
1752868872.0552 26.4467 21.5989 1.5824 -0.0287 -0.0309 0.8911 0.4518
1752868872.1561 26.4587 21.5949 1.6134 -0.0288 -0.0309 0.8913 0.4515
1752868872.2569 26.4579 21.5871 1.6222 -0.0295 -0.0308 0.8918 0.4504
1752868872.3578 26.4162 21.5971 1.5812 -0.0296 -0.0305 0.8926 0.4488
1752868872.4587 26.3958 21.6340 1.5715 -0.0294 -0.0303 0.8931 0.4479
1752868872.5595 26.3647 21.6781 1.5817 -0.0291 -0.0303 0.8936 0.4469
1752868872.6604 26.3386 21.7331 1.6030 -0.0286 -0.0306 0.8943 0.4455
1752868872.7612 26.3344 21.7432 1.5984 -0.0286 -0.0307 0.8947 0.4446
1752868872.8621 26.2987 21.7431 1.5781 -0.0290 -0.0305 0.8953 0.4435
1752868872.9630 26.2725 21.7600 1.5629 -0.0296 -0.0300 0.8960 0.4420
1752868873.0638 26.2560 21.7671 1.5420 -0.0300 -0.0298 0.8966 0.4408
1752868873.1647 26.2275 21.8139 1.5385 -0.0297 -0.0299 0.8974 0.4393
1752868873.2655 26.2033 21.8886 1.5495 -0.0291 -0.0305 0.8978 0.4383
1752868873.3664 26.1498 21.9177 1.5680 -0.0291 -0.0304 0.8984 0.4372
1752868873.4673 26.0874 21.9189 1.5478 -0.0294 -0.0299 0.8988 0.4363
1752868873.5681 26.0473 21.9258 1.5119 -0.0296 -0.0295 0.8995 0.4350
1752868873.6690 25.9839 22.0076 1.4985 -0.0297 -0.0294 0.9008 0.4322
1752868873.7698 25.9417 22.1007 1.4757 -0.0299 -0.0297 0.9020 0.4296
1752868873.8707 25.9349 22.1620 1.4810 -0.0300 -0.0295 0.9031 0.4275
1752868873.9716 25.9253 22.2207 1.4742 -0.0300 -0.0293 0.9032 0.4271
1752868874.0724 25.8360 22.1652 1.4473 -0.0296 -0.0295 0.9023 0.4292
1752868874.1733 25.7407 22.0924 1.4373 -0.0294 -0.0306 0.9011 0.4316
1752868874.2741 25.7654 22.1402 1.4687 -0.0294 -0.0307 0.9025 0.4286
1752868874.3750 25.7759 22.2304 1.4768 -0.0294 -0.0304 0.9043 0.4249
1752868874.4759 25.7744 22.2918 1.4681 -0.0293 -0.0296 0.9063 0.4206
1752868874.5767 25.7290 22.3155 1.4610 -0.0294 -0.0291 0.9074 0.4182
1752868874.6776 25.6610 22.2660 1.4632 -0.0293 -0.0292 0.9078 0.4174
1752868874.7784 25.6293 22.2341 1.4686 -0.0294 -0.0296 0.9084 0.4160
1752868874.8793 25.6213 22.2574 1.4689 -0.0296 -0.0295 0.9093 0.4140
1752868874.9802 25.5925 22.3353 1.4677 -0.0297 -0.0294 0.9105 0.4114
1752868875.0810 25.5679 22.3604 1.4392 -0.0294 -0.0290 0.9115 0.4092
1752868875.1819 25.5224 22.3840 1.4221 -0.0291 -0.0289 0.9124 0.4072
1752868875.2827 25.4829 22.4072 1.4480 -0.0294 -0.0294 0.9128 0.4063
1752868875.3836 25.4808 22.4213 1.4827 -0.0302 -0.0299 0.9129 0.4061
1752868875.4845 25.4591 22.4685 1.4923 -0.0303 -0.0301 0.9130 0.4057
1752868875.5853 25.4083 22.5126 1.4742 -0.0292 -0.0302 0.9130 0.4058
1752868875.6862 25.3921 22.5230 1.4227 -0.0286 -0.0299 0.9129 0.4061
1752868875.7870 25.3527 22.5124 1.3791 -0.0284 -0.0298 0.9120 0.4082
1752868875.8879 25.2927 22.5006 1.3905 -0.0287 -0.0294 0.9119 0.4082
1752868875.9888 25.2236 22.5352 1.4380 -0.0292 -0.0297 0.9139 0.4038
1752868876.0896 25.1844 22.6118 1.4733 -0.0297 -0.0302 0.9173 0.3959
1752868876.1905 25.1771 22.6839 1.4412 -0.0298 -0.0300 0.9202 0.3891
1752868876.2913 25.1300 22.7184 1.3947 -0.0298 -0.0295 0.9223 0.3843
1752868876.3922 25.0302 22.6999 1.3838 -0.0296 -0.0292 0.9238 0.3806
1752868876.4931 24.9803 22.6931 1.4103 -0.0295 -0.0294 0.9258 0.3757
1752868876.5939 24.9565 22.7388 1.4205 -0.0298 -0.0293 0.9279 0.3705
1752868876.6948 24.8762 22.8179 1.3820 -0.0297 -0.0289 0.9300 0.3651
1752868876.7956 24.7611 22.8712 1.3604 -0.0297 -0.0284 0.9319 0.3604
1752868876.8965 24.6277 22.8939 1.3916 -0.0300 -0.0285 0.9337 0.3557
1752868876.9974 24.6368 22.8808 1.4178 -0.0310 -0.0287 0.9351 0.3520
1752868877.0982 24.6498 22.8771 1.3951 -0.0312 -0.0286 0.9365 0.3481
1752868877.1991 24.6461 22.9379 1.3549 -0.0307 -0.0286 0.9379 0.3445
1752868877.2999 24.5968 23.0133 1.3371 -0.0302 -0.0285 0.9396 0.3397
1752868877.4008 24.4834 23.0771 1.2926 -0.0294 -0.0278 0.9414 0.3347
1752868877.5017 24.3857 23.0959 1.2624 -0.0296 -0.0272 0.9431 0.3300
1752868877.6025 24.3341 23.0643 1.2997 -0.0299 -0.0274 0.9446 0.3257
1752868877.7034 24.3084 23.0615 1.3085 -0.0304 -0.0277 0.9460 0.3216
1752868877.8042 24.2645 23.1219 1.3317 -0.0311 -0.0275 0.9475 0.3170
1752868877.9051 24.2212 23.1927 1.3331 -0.0310 -0.0272 0.9488 0.3131
1752868878.0060 24.1607 23.2331 1.3114 -0.0308 -0.0270 0.9498 0.3101
1752868878.1068 24.0817 23.2382 1.2243 -0.0297 -0.0267 0.9507 0.3075
1752868878.2077 24.0144 23.2351 1.1643 -0.0287 -0.0267 0.9513 0.3059
1752868878.3085 23.9513 23.2581 1.1621 -0.0281 -0.0270 0.9517 0.3047
1752868878.4094 23.9336 23.2973 1.2029 -0.0288 -0.0267 0.9520 0.3035
1752868878.5103 23.8943 23.3653 1.2320 -0.0301 -0.0262 0.9527 0.3014
1752868878.6111 23.8441 23.3954 1.2226 -0.0304 -0.0256 0.9528 0.3010
1752868878.7120 23.8025 23.4124 1.1911 -0.0301 -0.0258 0.9521 0.3032
1752868878.8128 23.7628 23.4303 1.1730 -0.0294 -0.0264 0.9506 0.3080
1752868878.9137 23.7075 23.4806 1.1850 -0.0291 -0.0268 0.9489 0.3131
1752868879.0146 23.6688 23.5605 1.2213 -0.0291 -0.0267 0.9471 0.3184
1752868879.1154 23.6208 23.6202 1.2161 -0.0291 -0.0267 0.9454 0.3234
1752868879.2163 23.5900 23.6219 1.1828 -0.0289 -0.0266 0.9441 0.3273
1752868879.3171 23.5434 23.6146 1.1615 -0.0285 -0.0268 0.9428 0.3311
1752868879.4180 23.4928 23.6438 1.1693 -0.0282 -0.0271 0.9413 0.3353
1752868879.5189 23.4315 23.7168 1.1709 -0.0280 -0.0276 0.9394 0.3406
1752868879.6197 23.3974 23.7942 1.1707 -0.0281 -0.0278 0.9370 0.3471
1752868879.7206 23.3916 23.8485 1.1699 -0.0279 -0.0277 0.9343 0.3543
1752868879.8214 23.3810 23.8608 1.1549 -0.0274 -0.0278 0.9313 0.3622
1752868879.9223 23.3106 23.8903 1.1521 -0.0270 -0.0282 0.9281 0.3703
1752868880.0232 23.2081 23.9347 1.1664 -0.0264 -0.0286 0.9247 0.3787
1752868880.1240 23.1211 23.9979 1.1526 -0.0264 -0.0289 0.9216 0.3862
1752868880.2249 23.1140 24.0819 1.1372 -0.0263 -0.0291 0.9192 0.3919
1752868880.3257 23.1049 24.1484 1.1192 -0.0262 -0.0293 0.9176 0.3956
1752868880.4266 23.0840 24.1824 1.1379 -0.0257 -0.0293 0.9164 0.3985
1752868880.5275 23.0057 24.2122 1.1390 -0.0251 -0.0292 0.9156 0.4003
1752868880.6283 22.9057 24.2678 1.1299 -0.0254 -0.0294 0.9154 0.4006
1752868880.7292 22.8291 24.3201 1.1070 -0.0256 -0.0297 0.9155 0.4005
1752868880.8300 22.8123 24.3625 1.0989 -0.0259 -0.0298 0.9155 0.4003
1752868880.9309 22.8306 24.3929 1.1263 -0.0259 -0.0297 0.9158 0.3997
1752868881.0318 22.8099 24.4447 1.1565 -0.0255 -0.0294 0.9164 0.3985
1752868881.1326 22.7498 24.4999 1.1624 -0.0253 -0.0293 0.9171 0.3968
1752868881.2335 22.6685 24.5668 1.1491 -0.0254 -0.0294 0.9184 0.3938
1752868881.3343 22.6016 24.6228 1.0959 -0.0255 -0.0296 0.9204 0.3890
1752868881.4352 22.5696 24.6345 1.0759 -0.0259 -0.0295 0.9230 0.3828
1752868881.5361 22.5557 24.6205 1.1100 -0.0264 -0.0291 0.9261 0.3751
1752868881.6369 22.4951 24.6539 1.1399 -0.0264 -0.0285 0.9292 0.3675
1752868881.7378 22.4543 24.6837 1.1160 -0.0260 -0.0281 0.9321 0.3602
1752868881.8386 22.4148 24.7242 1.0965 -0.0261 -0.0281 0.9347 0.3532
1752868881.9395 22.3742 24.7213 1.1159 -0.0266 -0.0279 0.9370 0.3472
1752868882.0404 22.3412 24.7266 1.1383 -0.0269 -0.0278 0.9392 0.3413
1752868882.1412 22.2803 24.7537 1.1193 -0.0271 -0.0274 0.9414 0.3350
1752868882.2421 22.2256 24.7736 1.0977 -0.0272 -0.0272 0.9435 0.3292
1752868882.3429 22.1995 24.7946 1.0813 -0.0271 -0.0273 0.9451 0.3245
1752868882.4438 22.1739 24.8036 1.0780 -0.0274 -0.0276 0.9464 0.3206
1752868882.5447 22.1048 24.8293 1.0747 -0.0277 -0.0274 0.9478 0.3166
1752868882.6455 22.0442 24.8947 1.0882 -0.0275 -0.0269 0.9492 0.3123
1752868882.7464 21.9668 24.9415 1.0871 -0.0272 -0.0267 0.9505 0.3084
1752868882.8472 21.8964 24.9294 1.0697 -0.0269 -0.0268 0.9508 0.3076
1752868882.9481 21.8882 24.9205 1.0628 -0.0268 -0.0269 0.9505 0.3084
1752868883.0490 21.9026 24.9420 1.0622 -0.0269 -0.0268 0.9502 0.3093
1752868883.1498 21.8485 24.9830 1.0618 -0.0265 -0.0267 0.9499 0.3104
1752868883.2507 21.7567 25.0226 1.0567 -0.0260 -0.0266 0.9496 0.3113
1752868883.3515 21.6817 25.0829 1.0594 -0.0266 -0.0269 0.9490 0.3130
1752868883.4524 21.6566 25.1123 1.0582 -0.0273 -0.0271 0.9479 0.3162
1752868883.5533 21.6644 25.0971 1.0636 -0.0272 -0.0271 0.9467 0.3197
1752868883.6541 21.6719 25.0967 1.0503 -0.0266 -0.0273 0.9455 0.3234
1752868883.7550 21.6467 25.1754 1.0454 -0.0264 -0.0275 0.9448 0.3254
1752868883.8558 21.5496 25.2425 1.0582 -0.0259 -0.0274 0.9446 0.3260
1752868883.9567 21.4978 25.2784 1.0599 -0.0262 -0.0274 0.9447 0.3257
1752868884.0576 21.4971 25.3375 1.0594 -0.0264 -0.0272 0.9451 0.3246
1752868884.1584 21.4114 25.3612 1.0334 -0.0261 -0.0272 0.9445 0.3264
1752868884.2593 21.3675 25.3541 1.0087 -0.0261 -0.0276 0.9438 0.3282
1752868884.3601 21.3669 25.3520 1.0074 -0.0262 -0.0279 0.9442 0.3271
1752868884.4610 21.3611 25.3987 1.0091 -0.0256 -0.0273 0.9462 0.3215
1752868884.5619 21.2594 25.4444 1.0207 -0.0255 -0.0268 0.9492 0.3125
1752868884.6627 21.1553 25.4674 0.9874 -0.0255 -0.0265 0.9522 0.3032
1752868884.7636 21.0559 25.4606 0.9573 -0.0257 -0.0262 0.9551 0.2939
1752868884.8644 21.0226 25.4198 0.9619 -0.0262 -0.0260 0.9575 0.2860
1752868884.9653 21.0446 25.4325 0.9735 -0.0268 -0.0263 0.9596 0.2787
1752868885.0662 21.0062 25.4951 0.9806 -0.0266 -0.0262 0.9616 0.2720
1752868885.1670 20.9238 25.5321 0.9484 -0.0266 -0.0259 0.9633 0.2657
1752868885.2679 20.8035 25.5062 0.9173 -0.0268 -0.0253 0.9650 0.2598
1752868885.3687 20.7173 25.5022 0.9184 -0.0269 -0.0249 0.9666 0.2537
1752868885.4696 20.7201 25.5575 0.9482 -0.0284 -0.0256 0.9674 0.2505
1752868885.5705 20.7215 25.5908 0.9572 -0.0299 -0.0260 0.9681 0.2476
1752868885.6713 20.7425 25.5777 0.9626 -0.0301 -0.0256 0.9691 0.2436
1752868885.7722 20.6593 25.5649 0.9337 -0.0287 -0.0249 0.9702 0.2395
1752868885.8730 20.5071 25.5854 0.9018 -0.0268 -0.0245 0.9714 0.2345
1752868885.9739 20.3841 25.6134 0.8985 -0.0258 -0.0243 0.9725 0.2302
1752868886.0748 20.3945 25.6598 0.9415 -0.0274 -0.0246 0.9730 0.2278
1752868886.1756 20.4640 25.6795 0.9831 -0.0294 -0.0246 0.9733 0.2261
1752868886.2765 20.4840 25.6812 0.9756 -0.0295 -0.0245 0.9738 0.2241
1752868886.3773 20.3929 25.6666 0.9301 -0.0282 -0.0240 0.9742 0.2226
1752868886.4782 20.2257 25.6689 0.8937 -0.0279 -0.0241 0.9743 0.2222
1752868886.5791 20.1625 25.7031 0.8876 -0.0285 -0.0247 0.9736 0.2250
1752868886.6799 20.1467 25.7447 0.9195 -0.0287 -0.0250 0.9727 0.2289
1752868886.7808 20.1647 25.7857 0.9560 -0.0285 -0.0252 0.9714 0.2343
1752868886.8816 20.1720 25.7967 0.9510 -0.0280 -0.0255 0.9700 0.2402
1752868886.9825 20.1234 25.7902 0.9211 -0.0275 -0.0257 0.9686 0.2456
1752868887.0834 20.0634 25.7819 0.9066 -0.0277 -0.0261 0.9675 0.2502
1752868887.1842 19.9944 25.8076 0.8964 -0.0274 -0.0265 0.9663 0.2545
1752868887.2851 19.9652 25.8646 0.9127 -0.0275 -0.0266 0.9655 0.2577
1752868887.3859 19.9584 25.9045 0.9230 -0.0277 -0.0267 0.9645 0.2614
1752868887.4868 19.9497 25.9214 0.9130 -0.0275 -0.0267 0.9635 0.2651
1752868887.5877 19.9172 25.9023 0.8797 -0.0268 -0.0266 0.9627 0.2680
1752868887.6885 19.8737 25.8936 0.8532 -0.0262 -0.0268 0.9619 0.2706
1752868887.7894 19.8230 25.8761 0.8663 -0.0265 -0.0267 0.9617 0.2714
1752868887.8902 19.8306 25.8843 0.9086 -0.0274 -0.0266 0.9610 0.2738
1752868887.9911 19.8543 25.9477 0.9164 -0.0273 -0.0267 0.9600 0.2774
1752868888.0920 19.8659 26.0148 0.8903 -0.0267 -0.0271 0.9583 0.2831
1752868888.1928 19.8308 26.0382 0.8579 -0.0253 -0.0274 0.9562 0.2904
1752868888.2937 19.7851 26.0428 0.8388 -0.0246 -0.0273 0.9536 0.2990
1752868888.3945 19.7436 26.0393 0.8499 -0.0243 -0.0273 0.9503 0.3093
1752868888.4954 19.7578 26.0766 0.8895 -0.0253 -0.0278 0.9459 0.3222
1752868888.5963 19.7505 26.1366 0.8999 -0.0255 -0.0283 0.9406 0.3373
1752868888.6971 19.7698 26.2031 0.8989 -0.0250 -0.0288 0.9344 0.3542
1752868888.7980 19.8287 26.2449 0.8814 -0.0241 -0.0291 0.9272 0.3726
1752868888.8988 19.8427 26.3068 0.8889 -0.0230 -0.0290 0.9195 0.3914
1752868888.9997 19.7716 26.3669 0.9117 -0.0223 -0.0290 0.9118 0.4089
1752868889.1006 19.6780 26.4232 0.9352 -0.0218 -0.0294 0.9045 0.4248
1752868889.2014 19.6608 26.4659 0.9569 -0.0219 -0.0301 0.8981 0.4382
1752868889.3023 19.6936 26.5037 0.9349 -0.0219 -0.0307 0.8927 0.4490
1752868889.4031 19.6954 26.5443 0.8964 -0.0212 -0.0308 0.8882 0.4579
1752868889.5040 19.6719 26.5938 0.8922 -0.0205 -0.0310 0.8842 0.4655
1752868889.6048 19.6397 26.6653 0.9200 -0.0200 -0.0309 0.8808 0.4721
1752868889.7057 19.5750 26.7145 0.9357 -0.0199 -0.0309 0.8782 0.4769
1752868889.8066 19.5021 26.7685 0.9225 -0.0199 -0.0309 0.8758 0.4812
1752868889.9074 19.4944 26.7988 0.9146 -0.0203 -0.0312 0.8726 0.4870
1752868890.0083 19.5170 26.8240 0.9035 -0.0202 -0.0315 0.8675 0.4960
1752868890.1091 19.5534 26.8870 0.9249 -0.0195 -0.0320 0.8606 0.5079
1752868890.2100 19.5488 26.9643 0.9475 -0.0185 -0.0321 0.8518 0.5226
1752868890.3109 19.5518 27.0796 0.9528 -0.0176 -0.0324 0.8417 0.5386
1752868890.4117 19.5230 27.1619 0.9533 -0.0171 -0.0328 0.8321 0.5534
1752868890.5126 19.5283 27.1888 0.9330 -0.0170 -0.0332 0.8236 0.5659
1752868890.6135 19.5471 27.1723 0.9392 -0.0170 -0.0335 0.8152 0.5779
1752868890.7143 19.5821 27.2189 0.9516 -0.0162 -0.0336 0.8058 0.5909
1752868890.8152 19.5750 27.3441 0.9531 -0.0151 -0.0337 0.7954 0.6049
1752868890.9160 19.5456 27.4707 0.9333 -0.0142 -0.0341 0.7845 0.6190
1752868891.0169 19.5660 27.5588 0.9483 -0.0136 -0.0343 0.7745 0.6315
1752868891.1177 19.6091 27.5947 0.9878 -0.0134 -0.0345 0.7661 0.6417
1752868891.2186 19.6337 27.5961 1.0244 -0.0133 -0.0343 0.7588 0.6503
1752868891.3195 19.5913 27.6295 1.0048 -0.0129 -0.0341 0.7516 0.6586
1752868891.4203 19.5252 27.7186 0.9612 -0.0122 -0.0341 0.7442 0.6670
1752868891.5212 19.4925 27.7995 0.9351 -0.0118 -0.0347 0.7363 0.6757
1752868891.6220 19.5433 27.8996 0.9350 -0.0119 -0.0352 0.7281 0.6845
1752868891.7229 19.6009 27.9542 0.9415 -0.0116 -0.0351 0.7203 0.6927
1752868891.8238 19.6199 28.0324 0.9603 -0.0107 -0.0347 0.7115 0.7017
1752868891.9246 19.6063 28.1163 0.9592 -0.0101 -0.0345 0.7013 0.7119
1752868892.0255 19.6242 28.2037 0.9551 -0.0096 -0.0350 0.6890 0.7239
1752868892.1263 19.6842 28.2962 0.9724 -0.0090 -0.0359 0.6756 0.7364
1752868892.2272 19.7615 28.3564 0.9869 -0.0084 -0.0362 0.6611 0.7494
1752868892.3281 19.7892 28.3837 0.9871 -0.0078 -0.0362 0.6458 0.7626
1752868892.4289 19.8423 28.4377 0.9691 -0.0068 -0.0358 0.6303 0.7755
1752868892.5298 19.8610 28.5049 0.9771 -0.0058 -0.0358 0.6142 0.7883
1752868892.6306 19.9396 28.5844 1.0073 -0.0051 -0.0360 0.5980 0.8007
1752868892.7315 19.9622 28.5998 1.0243 -0.0049 -0.0366 0.5830 0.8117
1752868892.8324 19.9940 28.6221 1.0200 -0.0044 -0.0369 0.5679 0.8223
1752868892.9332 20.0135 28.6490 1.0078 -0.0038 -0.0369 0.5538 0.8318
1752868893.0341 20.0960 28.7443 0.9997 -0.0031 -0.0368 0.5407 0.8404
1752868893.1349 20.1388 28.7787 1.0097 -0.0022 -0.0364 0.5285 0.8481
1752868893.2358 20.1306 28.7878 1.0329 -0.0019 -0.0367 0.5197 0.8536
1752868893.3367 20.1591 28.8411 1.0638 -0.0018 -0.0366 0.5142 0.8569
1752868893.4375 20.2138 28.9097 1.0865 -0.0019 -0.0369 0.5115 0.8585
1752868893.5384 20.1551 28.8613 1.1035 -0.0016 -0.0365 0.5110 0.8588
1752868893.6392 20.0995 28.8174 1.1049 -0.0014 -0.0368 0.5087 0.8602
1752868893.7401 20.1527 28.9034 1.0919 -0.0012 -0.0370 0.5039 0.8630
1752868893.8410 20.3206 29.0405 1.0903 -0.0013 -0.0369 0.5003 0.8651
1752868893.9418 20.4076 29.0950 1.1230 -0.0019 -0.0371 0.5006 0.8649
1752868894.0427 20.3701 29.0612 1.1341 -0.0019 -0.0373 0.5021 0.8640
1752868894.1435 20.3378 29.0423 1.1680 -0.0012 -0.0371 0.5033 0.8633
1752868894.2444 20.3298 29.1084 1.1915 -0.0003 -0.0368 0.5017 0.8642
1752868894.3453 20.3088 29.2381 1.1339 -0.0004 -0.0367 0.4950 0.8681
1752868894.4461 20.4140 29.3831 1.0698 -0.0011 -0.0365 0.4918 0.8699
1752868894.5470 20.5121 29.4928 1.0829 -0.0017 -0.0362 0.4944 0.8685
1752868894.6478 20.4936 29.5208 1.1379 -0.0018 -0.0367 0.5045 0.8626
1752868894.7487 20.3881 29.5172 1.1500 -0.0014 -0.0379 0.5181 0.8545
1752868894.8496 20.3130 29.5345 1.1556 -0.0016 -0.0382 0.5313 0.8463
1752868894.9504 20.3360 29.5753 1.1472 -0.0025 -0.0370 0.5436 0.8385
1752868895.0513 20.4693 29.6603 1.1230 -0.0041 -0.0360 0.5566 0.8300
1752868895.1521 20.5269 29.7702 1.1220 -0.0052 -0.0361 0.5717 0.8196
1752868895.2530 20.4638 29.8365 1.1295 -0.0052 -0.0371 0.5870 0.8087
1752868895.3539 20.3309 29.8595 1.1283 -0.0049 -0.0373 0.6013 0.7981
1752868895.4547 20.2575 29.8833 1.1201 -0.0051 -0.0366 0.6144 0.7881
1752868895.5556 20.2784 29.9203 1.0874 -0.0062 -0.0363 0.6265 0.7786
1752868895.6564 20.3338 29.9913 1.0973 -0.0074 -0.0360 0.6390 0.7683
1752868895.7573 20.3349 30.0550 1.1195 -0.0082 -0.0360 0.6534 0.7561
1752868895.8582 20.2793 30.1123 1.1219 -0.0084 -0.0361 0.6692 0.7422
1752868895.9590 20.2281 30.1653 1.1243 -0.0086 -0.0360 0.6842 0.7283
1752868896.0599 20.1939 30.1977 1.1252 -0.0093 -0.0358 0.6989 0.7142
1752868896.1607 20.1069 30.2114 1.1140 -0.0105 -0.0355 0.7133 0.6999
1752868896.2616 20.0502 30.2005 1.1374 -0.0116 -0.0347 0.7278 0.6848
1752868896.3625 20.0260 30.2040 1.1628 -0.0125 -0.0342 0.7434 0.6679
1752868896.4633 20.0187 30.2350 1.1378 -0.0130 -0.0344 0.7601 0.6488
1752868896.5642 19.9989 30.2937 1.1028 -0.0133 -0.0345 0.7769 0.6285
1752868896.6650 19.9155 30.2844 1.0965 -0.0141 -0.0339 0.7937 0.6072
1752868896.7659 19.8251 30.2303 1.0985 -0.0152 -0.0330 0.8106 0.5844
1752868896.8668 19.7614 30.2135 1.1129 -0.0163 -0.0322 0.8274 0.5605
1752868896.9676 19.7170 30.2552 1.1192 -0.0172 -0.0320 0.8436 0.5358
1752868897.0685 19.7236 30.2951 1.1071 -0.0180 -0.0320 0.8591 0.5105
1752868897.1693 19.6654 30.2937 1.0787 -0.0188 -0.0315 0.8736 0.4853
1752868897.2702 19.5548 30.2440 1.0548 -0.0196 -0.0306 0.8871 0.4601
1752868897.3711 19.4617 30.2013 1.0633 -0.0204 -0.0296 0.8996 0.4353
1752868897.4719 19.4489 30.2254 1.0939 -0.0215 -0.0290 0.9106 0.4116
1752868897.5728 19.3982 30.2469 1.0995 -0.0226 -0.0291 0.9198 0.3907
1752868897.6736 19.3759 30.2710 1.0918 -0.0230 -0.0290 0.9276 0.3718
1752868897.7745 19.3487 30.2283 1.0738 -0.0233 -0.0282 0.9338 0.3559
1752868897.8754 19.2613 30.1888 1.0730 -0.0232 -0.0272 0.9388 0.3427
1752868897.9762 19.1488 30.1939 1.0752 -0.0235 -0.0266 0.9423 0.3330
1752868898.0771 19.0790 30.2608 1.0856 -0.0242 -0.0268 0.9447 0.3259
1752868898.1779 19.0690 30.2661 1.1053 -0.0246 -0.0270 0.9464 0.3210
1752868898.2788 19.0581 30.2934 1.0989 -0.0245 -0.0270 0.9473 0.3183
1752868898.3797 19.0310 30.3288 1.0678 -0.0240 -0.0268 0.9476 0.3173
1752868898.4805 18.9657 30.3586 1.0430 -0.0238 -0.0266 0.9476 0.3173
1752868898.5814 18.8374 30.3841 1.0629 -0.0245 -0.0267 0.9470 0.3191
1752868898.6822 18.7459 30.4065 1.0905 -0.0250 -0.0271 0.9462 0.3215
1752868898.7831 18.7937 30.4400 1.0910 -0.0247 -0.0274 0.9455 0.3236
1752868898.8840 18.8542 30.4793 1.0558 -0.0239 -0.0275 0.9461 0.3219
1752868898.9848 18.8449 30.4956 1.0361 -0.0234 -0.0268 0.9483 0.3153
1752868899.0857 18.7121 30.5047 1.0436 -0.0237 -0.0262 0.9514 0.3058
1752868899.1865 18.6289 30.4927 1.0702 -0.0247 -0.0260 0.9550 0.2944
1752868899.2874 18.5946 30.4629 1.0539 -0.0261 -0.0262 0.9588 0.2817
1752868899.3883 18.6030 30.4690 1.0396 -0.0266 -0.0261 0.9626 0.2683
1752868899.4891 18.5853 30.5113 1.0265 -0.0262 -0.0255 0.9658 0.2568
1752868899.5900 18.5280 30.5086 1.0263 -0.0255 -0.0247 0.9672 0.2514
1752868899.6908 18.5215 30.5267 1.0316 -0.0253 -0.0247 0.9674 0.2509
1752868899.7917 18.5350 30.5254 1.0271 -0.0261 -0.0251 0.9671 0.2518
1752868899.8926 18.5089 30.5410 1.0314 -0.0263 -0.0255 0.9679 0.2488
1752868899.9934 18.3711 30.6599 1.0596 -0.0260 -0.0248 0.9705 0.2385
1752868900.0943 18.2463 30.8501 1.1352 -0.0266 -0.0236 0.9730 0.2282
1752868900.1951 18.2214 30.8565 1.1194 -0.0271 -0.0240 0.9713 0.2352
1752868900.2960 18.2399 30.6849 1.0323 -0.0261 -0.0251 0.9676 0.2497
1752868900.3969 18.2596 30.5920 1.0134 -0.0251 -0.0252 0.9666 0.2537
1752868900.4977 18.2252 30.6128 1.0611 -0.0257 -0.0247 0.9681 0.2482
1752868900.5986 18.2055 30.7189 1.1005 -0.0265 -0.0244 0.9696 0.2419
1752868900.6994 18.1922 30.8228 1.0908 -0.0270 -0.0245 0.9702 0.2397
1752868900.8003 18.0681 30.8030 1.0143 -0.0265 -0.0250 0.9700 0.2405
1752868900.9012 17.9693 30.7335 0.9727 -0.0257 -0.0252 0.9706 0.2381
1752868901.0020 17.9629 30.7070 1.0084 -0.0258 -0.0246 0.9725 0.2300
1752868901.1029 18.0008 30.7288 1.0457 -0.0263 -0.0239 0.9755 0.2170
1752868901.2037 17.9898 30.7513 1.0633 -0.0271 -0.0234 0.9785 0.2033
1752868901.3046 17.9135 30.7853 1.0303 -0.0276 -0.0234 0.9810 0.1906
1752868901.4055 17.7944 30.7807 1.0114 -0.0276 -0.0231 0.9834 0.1780
1752868901.5063 17.7397 30.7754 1.0068 -0.0273 -0.0229 0.9857 0.1649
1752868901.6072 17.7431 30.8014 1.0252 -0.0271 -0.0223 0.9882 0.1493
1752868901.7080 17.7631 30.8211 1.0391 -0.0278 -0.0217 0.9895 0.1400
1752868901.8089 17.6925 30.7870 1.0267 -0.0285 -0.0215 0.9901 0.1356
1752868901.9098 17.5149 30.6975 0.9958 -0.0284 -0.0216 0.9908 0.1306
1752868902.0106 17.4082 30.6309 0.9772 -0.0281 -0.0214 0.9922 0.1199
1752868902.1115 17.3805 30.6545 0.9725 -0.0284 -0.0212 0.9939 0.1044
1752868902.2123 17.4158 30.7093 0.9995 -0.0286 -0.0204 0.9955 0.0882
1752868902.3132 17.3772 30.6838 1.0101 -0.0289 -0.0197 0.9968 0.0718
1752868902.4141 17.3170 30.6085 0.9808 -0.0294 -0.0194 0.9979 0.0550
1752868902.5149 17.2259 30.5157 0.9472 -0.0298 -0.0192 0.9987 0.0354
1752868902.6158 17.1661 30.4786 0.9327 -0.0302 -0.0186 0.9993 0.0128
1752868902.7166 17.1866 30.4883 0.9645 -0.0304 -0.0176 0.9993 -0.0100
1752868902.8175 17.1846 30.4784 0.9826 -0.0307 -0.0168 0.9989 -0.0320
1752868902.9184 17.1875 30.4184 0.9701 -0.0313 -0.0163 0.9981 -0.0503
1752868903.0192 17.1879 30.3460 0.9665 -0.0315 -0.0157 0.9971 -0.0673
1752868903.1201 17.1312 30.2885 0.9495 -0.0316 -0.0152 0.9958 -0.0845
1752868903.2209 17.1095 30.2591 0.9757 -0.0314 -0.0147 0.9943 -0.1007
1752868903.3218 17.0500 30.2305 0.9624 -0.0318 -0.0141 0.9925 -0.1169
1752868903.4227 17.0268 30.2445 0.9956 -0.0316 -0.0137 0.9905 -0.1329
1752868903.5235 17.0160 30.1916 0.9947 -0.0317 -0.0133 0.9888 -0.1454
1752868903.6244 17.0033 30.1347 0.9902 -0.0319 -0.0128 0.9869 -0.1575
1752868903.7252 16.9960 30.0504 0.9815 -0.0323 -0.0123 0.9850 -0.1689
1752868903.8261 17.0160 30.0382 0.9807 -0.0323 -0.0117 0.9828 -0.1816
1752868903.9270 17.0519 30.0888 0.9998 -0.0323 -0.0113 0.9807 -0.1924
1752868904.0278 17.0231 30.0586 0.9993 -0.0321 -0.0110 0.9793 -0.1996
1752868904.1287 16.9683 29.9771 0.9868 -0.0322 -0.0110 0.9787 -0.2023
1752868904.2295 16.9647 29.9350 0.9583 -0.0322 -0.0114 0.9788 -0.2022
1752868904.3304 16.9514 29.9507 0.9631 -0.0322 -0.0115 0.9788 -0.2020
1752868904.4313 16.9540 29.9755 0.9795 -0.0323 -0.0112 0.9786 -0.2030
1752868904.5321 16.9562 29.9737 1.0052 -0.0322 -0.0107 0.9787 -0.2027
1752868904.6330 16.9475 29.9661 1.0265 -0.0318 -0.0109 0.9794 -0.1989
1752868904.7338 16.9012 29.9315 1.0096 -0.0316 -0.0115 0.9807 -0.1928
1752868904.8347 16.8272 29.9220 0.9780 -0.0316 -0.0120 0.9820 -0.1857
1752868904.9356 16.8264 29.9315 0.9698 -0.0317 -0.0122 0.9834 -0.1784
1752868905.0364 16.8443 29.9234 0.9757 -0.0317 -0.0124 0.9847 -0.1709
1752868905.1373 16.8605 29.9552 0.9839 -0.0315 -0.0125 0.9861 -0.1626
1752868905.2381 16.8474 29.9876 0.9832 -0.0313 -0.0126 0.9876 -0.1532
1752868905.3390 16.7620 29.9764 0.9914 -0.0312 -0.0128 0.9892 -0.1429
1752868905.4399 16.7187 29.9671 0.9802 -0.0310 -0.0133 0.9907 -0.1317
1752868905.5407 16.7068 29.9871 0.9543 -0.0311 -0.0140 0.9921 -0.1208
1752868905.6416 16.7053 30.0319 0.9292 -0.0311 -0.0145 0.9931 -0.1118
1752868905.7424 16.6986 30.0489 0.9287 -0.0310 -0.0147 0.9940 -0.1037
1752868905.8433 16.7039 30.0414 0.9406 -0.0311 -0.0149 0.9949 -0.0951
1752868905.9442 16.6776 30.0294 0.9471 -0.0308 -0.0152 0.9958 -0.0849
1752868906.0450 16.6071 30.0325 0.9385 -0.0302 -0.0156 0.9968 -0.0729
1752868906.1459 16.5674 30.0527 0.9469 -0.0300 -0.0158 0.9976 -0.0601
1752868906.2467 16.5469 30.1164 0.9337 -0.0301 -0.0163 0.9983 -0.0470
1752868906.3476 16.5435 30.1388 0.9136 -0.0302 -0.0169 0.9988 -0.0332
1752868906.4485 16.5247 30.1859 0.8939 -0.0301 -0.0174 0.9992 -0.0188
1752868906.5493 16.4907 30.2119 0.8935 -0.0299 -0.0178 0.9994 -0.0036
1752868906.6502 16.4795 30.2589 0.9218 -0.0294 -0.0182 0.9993 0.0118
1752868906.7510 16.4111 30.2693 0.9329 -0.0287 -0.0185 0.9991 0.0270
1752868906.8519 16.3379 30.2812 0.9127 -0.0285 -0.0190 0.9986 0.0406
1752868906.9528 16.3356 30.3148 0.9065 -0.0286 -0.0195 0.9979 0.0551
1752868907.0536 16.3469 30.3516 0.9201 -0.0284 -0.0198 0.9969 0.0710
1752868907.1545 16.3488 30.4154 0.9188 -0.0279 -0.0203 0.9956 0.0870
1752868907.2553 16.3156 30.4508 0.9027 -0.0274 -0.0209 0.9941 0.1025
1752868907.3562 16.2441 30.4689 0.8780 -0.0271 -0.0214 0.9925 0.1170
1752868907.4571 16.1850 30.4728 0.8787 -0.0267 -0.0218 0.9907 0.1316
1752868907.5579 16.1655 30.4725 0.8930 -0.0268 -0.0222 0.9884 0.1477
1752868907.6588 16.1511 30.5370 0.8919 -0.0267 -0.0227 0.9857 0.1651
1752868907.7596 16.1717 30.6193 0.8893 -0.0259 -0.0233 0.9825 0.1829
1752868907.8605 16.1133 30.6670 0.8849 -0.0252 -0.0238 0.9791 0.2004
1752868907.9614 16.0594 30.6921 0.8851 -0.0245 -0.0242 0.9753 0.2182
1752868908.0622 15.9773 30.7130 0.8788 -0.0241 -0.0248 0.9708 0.2374
1752868908.1631 15.9368 30.7883 0.8790 -0.0234 -0.0253 0.9651 0.2596
1752868908.2639 15.9795 30.8639 0.8815 -0.0236 -0.0259 0.9590 0.2813
1752868908.3648 16.0698 30.9094 0.8584 -0.0233 -0.0266 0.9529 0.3013
1752868908.4657 16.1424 30.9831 0.8336 -0.0225 -0.0273 0.9482 0.3157
1752868908.5665 16.0369 31.0186 0.8404 -0.0217 -0.0276 0.9444 0.3270
1752868908.6674 15.9192 31.0352 0.8524 -0.0216 -0.0278 0.9413 0.3359
1752868908.7682 15.9172 31.0411 0.8529 -0.0218 -0.0279 0.9389 0.3423
1752868908.8691 15.9580 31.0799 0.8483 -0.0215 -0.0279 0.9371 0.3472
1752868908.9700 15.9627 31.1316 0.8502 -0.0211 -0.0278 0.9352 0.3525
1752868909.0708 15.9028 31.1640 0.8452 -0.0207 -0.0281 0.9321 0.3604
1752868909.1717 15.8067 31.2162 0.8374 -0.0202 -0.0287 0.9269 0.3736
1752868909.2725 15.8173 31.2361 0.8431 -0.0201 -0.0293 0.9204 0.3893
1752868909.3734 15.8592 31.2499 0.8453 -0.0199 -0.0296 0.9140 0.4042
1752868909.4743 15.8846 31.3085 0.8490 -0.0193 -0.0297 0.9070 0.4196
1752868909.5751 15.8657 31.3996 0.8396 -0.0186 -0.0301 0.8985 0.4376
1752868909.6760 15.8099 31.4989 0.8238 -0.0176 -0.0306 0.8883 0.4578
1752868909.7768 15.8404 31.5227 0.8390 -0.0167 -0.0310 0.8765 0.4801
1752868909.8777 15.9002 31.5520 0.8671 -0.0163 -0.0315 0.8640 0.5022
1752868909.9786 15.9417 31.6042 0.8704 -0.0159 -0.0322 0.8519 0.5224
1752868910.0794 15.9732 31.6995 0.8660 -0.0150 -0.0327 0.8399 0.5415
1752868910.1803 15.9784 31.7605 0.8592 -0.0139 -0.0328 0.8286 0.5588
1752868910.2811 16.0014 31.7901 0.8669 -0.0135 -0.0330 0.8178 0.5744
1752868910.3820 16.0257 31.8392 0.8838 -0.0130 -0.0333 0.8073 0.5891
1752868910.4829 16.0203 31.8560 0.8972 -0.0123 -0.0335 0.7964 0.6037
1752868910.5837 16.0072 31.8579 0.9252 -0.0118 -0.0332 0.7858 0.6174
1752868910.6846 16.0220 31.8774 0.9305 -0.0112 -0.0332 0.7759 0.6298
1752868910.7854 16.0681 31.9443 0.8921 -0.0107 -0.0339 0.7671 0.6406
1752868910.8863 16.0867 31.9975 0.8583 -0.0102 -0.0347 0.7586 0.6506
1752868910.9872 16.0806 32.0581 0.8827 -0.0098 -0.0346 0.7498 0.6606
1752868911.0880 16.0957 32.0809 0.8991 -0.0092 -0.0344 0.7402 0.6714
1752868911.1889 16.1385 32.1113 0.9044 -0.0087 -0.0344 0.7302 0.6823
1752868911.2897 16.2347 32.1578 0.9323 -0.0085 -0.0345 0.7205 0.6925
1752868911.3906 16.2626 32.1913 0.9410 -0.0083 -0.0348 0.7125 0.7008
1752868911.4915 16.2483 32.2238 0.9156 -0.0079 -0.0352 0.7060 0.7073
1752868911.5923 16.2301 32.3018 0.8904 -0.0072 -0.0354 0.7007 0.7126
1752868911.6932 16.2025 32.3287 0.8968 -0.0069 -0.0353 0.6963 0.7168
1752868911.7940 16.2421 32.3328 0.9405 -0.0070 -0.0349 0.6917 0.7213
1752868911.8949 16.2634 32.3530 0.9517 -0.0070 -0.0351 0.6866 0.7261
1752868911.9958 16.2840 32.3951 0.9377 -0.0067 -0.0355 0.6804 0.7319
1752868912.0966 16.2307 32.4438 0.9279 -0.0061 -0.0354 0.6729 0.7389
1752868912.1975 16.2333 32.5022 0.9298 -0.0053 -0.0352 0.6678 0.7435
1752868912.2983 16.3068 32.5611 0.9364 -0.0052 -0.0353 0.6652 0.7458
1752868912.3992 16.3690 32.5937 0.9391 -0.0053 -0.0356 0.6646 0.7464
1752868912.5001 16.3776 32.5993 0.9563 -0.0056 -0.0354 0.6637 0.7471
1752868912.6009 16.3402 32.5927 0.9641 -0.0055 -0.0351 0.6611 0.7494
1752868912.7018 16.3296 32.6276 0.9602 -0.0051 -0.0351 0.6574 0.7527
1752868912.8026 16.3624 32.6653 0.9772 -0.0050 -0.0350 0.6550 0.7548
1752868912.9035 16.3833 32.7165 0.9991 -0.0051 -0.0349 0.6553 0.7546
1752868913.0044 16.4117 32.7696 1.0044 -0.0050 -0.0349 0.6566 0.7534
1752868913.1052 16.4036 32.8084 1.0017 -0.0052 -0.0350 0.6582 0.7520
1752868913.2061 16.3584 32.8243 0.9890 -0.0051 -0.0352 0.6598 0.7506
1752868913.3069 16.3680 32.8023 0.9843 -0.0052 -0.0353 0.6597 0.7507
1752868913.4078 16.4172 32.8625 0.9944 -0.0050 -0.0351 0.6571 0.7530
1752868913.5087 16.4260 32.9561 0.9923 -0.0046 -0.0351 0.6542 0.7555
1752868913.6095 16.3926 33.0280 0.9753 -0.0042 -0.0353 0.6532 0.7563
1752868913.7104 16.3609 33.0733 0.9701 -0.0043 -0.0353 0.6538 0.7558
1752868913.8112 16.3673 33.0819 0.9671 -0.0046 -0.0356 0.6553 0.7546
1752868913.9121 16.3584 33.0677 0.9799 -0.0052 -0.0356 0.6577 0.7524
1752868914.0130 16.3327 33.0892 0.9828 -0.0052 -0.0354 0.6604 0.7500
1752868914.1138 16.3487 33.1913 0.9755 -0.0049 -0.0353 0.6653 0.7457
1752868914.2147 16.3492 33.2566 0.9720 -0.0050 -0.0353 0.6718 0.7398
1752868914.3155 16.3432 33.2717 0.9763 -0.0057 -0.0354 0.6780 0.7342
1752868914.4164 16.3189 33.2940 0.9561 -0.0059 -0.0355 0.6829 0.7296
1752868914.5173 16.3238 33.3398 0.9446 -0.0058 -0.0355 0.6869 0.7259
1752868914.6181 16.3445 33.4034 0.9647 -0.0058 -0.0353 0.6909 0.7221
1752868914.7190 16.3948 33.4479 0.9987 -0.0063 -0.0351 0.6950 0.7181
1752868914.8198 16.4443 33.4761 1.0268 -0.0071 -0.0352 0.6992 0.7140
1752868914.9207 16.4173 33.4538 1.0393 -0.0070 -0.0349 0.7025 0.7108
1752868915.0216 16.3491 33.4517 1.0433 -0.0068 -0.0346 0.7033 0.7100
1752868915.1224 16.3400 33.5540 1.0554 -0.0070 -0.0345 0.7028 0.7105
1752868915.2233 16.3553 33.6809 1.0327 -0.0068 -0.0350 0.7026 0.7107
1752868915.3241 16.3153 33.6984 0.9876 -0.0064 -0.0355 0.7027 0.7106
1752868915.4250 16.3576 33.7030 0.9961 -0.0067 -0.0356 0.7055 0.7077
1752868915.5259 16.3549 33.6939 1.0362 -0.0071 -0.0351 0.7086 0.7047
1752868915.6267 16.3323 33.7126 1.0752 -0.0076 -0.0345 0.7116 0.7017
1752868915.7276 16.3003 33.7611 1.0556 -0.0075 -0.0346 0.7150 0.6982
1752868915.8284 16.3266 33.8230 1.0402 -0.0079 -0.0351 0.7199 0.6931
1752868915.9293 16.2977 33.9099 0.9820 -0.0077 -0.0354 0.7259 0.6868
1752868916.0302 16.2700 33.9456 0.9522 -0.0076 -0.0353 0.7318 0.6805
1752868916.1310 16.2428 33.9491 1.0032 -0.0081 -0.0348 0.7378 0.6741
1752868916.2319 16.2573 33.9325 1.0748 -0.0090 -0.0344 0.7438 0.6674
1752868916.3327 16.2248 33.9390 1.0974 -0.0096 -0.0339 0.7503 0.6601
1752868916.4336 16.1749 34.0111 1.0791 -0.0097 -0.0340 0.7568 0.6527
1752868916.5344 16.1693 34.1343 1.0440 -0.0098 -0.0343 0.7629 0.6455
1752868916.6353 16.1904 34.1754 1.0398 -0.0100 -0.0344 0.7674 0.6402
1752868916.7362 16.1743 34.1972 1.0537 -0.0103 -0.0343 0.7713 0.6354
1752868916.8370 16.1116 34.2055 1.0581 -0.0105 -0.0341 0.7752 0.6307
1752868916.9379 16.0384 34.2484 1.0559 -0.0109 -0.0339 0.7791 0.6259
1752868917.0387 16.0012 34.3023 1.0632 -0.0111 -0.0340 0.7830 0.6210
1752868917.1396 16.0103 34.3154 1.0634 -0.0112 -0.0341 0.7870 0.6160
1752868917.2405 16.0220 34.3540 1.0636 -0.0111 -0.0341 0.7908 0.6110
1752868917.3413 16.0300 34.4408 1.0620 -0.0110 -0.0339 0.7953 0.6052
1752868917.4422 15.9642 34.5083 1.0401 -0.0110 -0.0338 0.7993 0.5999
1752868917.5431 15.9322 34.5255 1.0452 -0.0115 -0.0337 0.8027 0.5953
1752868917.6439 15.8752 34.5160 1.0860 -0.0120 -0.0335 0.8055 0.5915
1752868917.7448 15.8018 34.5397 1.1000 -0.0121 -0.0335 0.8068 0.5898
1752868917.8456 15.7904 34.6286 1.0718 -0.0118 -0.0336 0.8057 0.5913
1752868917.9465 15.8401 34.7252 1.0387 -0.0114 -0.0339 0.8025 0.5956
1752868918.0473 15.8945 34.8052 1.0484 -0.0110 -0.0340 0.7987 0.6007
1752868918.1482 15.8480 34.8487 1.0819 -0.0106 -0.0339 0.7951 0.6055
1752868918.2491 15.7745 34.9173 1.1004 -0.0106 -0.0340 0.7925 0.6089
1752868918.3499 15.7875 34.9661 1.1012 -0.0108 -0.0342 0.7910 0.6108
1752868918.4508 15.7818 35.0502 1.0782 -0.0109 -0.0342 0.7899 0.6121
1752868918.5516 15.7545 35.0796 1.0633 -0.0106 -0.0342 0.7866 0.6165
1752868918.6525 15.7586 35.1200 1.0706 -0.0102 -0.0341 0.7823 0.6219
1752868918.7534 15.7748 35.1658 1.0845 -0.0099 -0.0343 0.7780 0.6273
1752868918.8542 15.7496 35.2238 1.1010 -0.0097 -0.0343 0.7743 0.6318
1752868918.9551 15.7252 35.3198 1.0979 -0.0095 -0.0346 0.7704 0.6366
1752868919.0559 15.6935 35.4254 1.0852 -0.0091 -0.0348 0.7655 0.6424
1752868919.1568 15.7066 35.5085 1.0732 -0.0088 -0.0350 0.7608 0.6479
1752868919.2577 15.7212 35.5582 1.0652 -0.0085 -0.0351 0.7557 0.6540
1752868919.3585 15.7631 35.5935 1.0616 -0.0079 -0.0352 0.7490 0.6616
1752868919.4594 15.7694 35.6231 1.0748 -0.0074 -0.0354 0.7417 0.6697
1752868919.5602 15.7752 35.6558 1.0850 -0.0072 -0.0357 0.7362 0.6758
1752868919.6611 15.7593 35.7297 1.0919 -0.0072 -0.0357 0.7311 0.6813
1752868919.7620 15.7177 35.8339 1.0962 -0.0071 -0.0357 0.7275 0.6852
1752868919.8628 15.7113 35.8818 1.0859 -0.0068 -0.0357 0.7252 0.6876
1752868919.9637 15.7084 35.9026 1.0931 -0.0067 -0.0357 0.7246 0.6882
1752868920.0645 15.7032 35.9276 1.1122 -0.0069 -0.0355 0.7261 0.6866
1752868920.1654 15.6684 35.9940 1.1144 -0.0071 -0.0357 0.7293 0.6832
1752868920.2663 15.6476 36.0539 1.0874 -0.0071 -0.0358 0.7336 0.6786
1752868920.3671 15.6220 36.0889 1.0608 -0.0073 -0.0358 0.7371 0.6748
1752868920.4680 15.6575 36.1469 1.0763 -0.0075 -0.0356 0.7404 0.6712
1752868920.5688 15.7147 36.1981 1.1358 -0.0071 -0.0354 0.7420 0.6694
1752868920.6697 15.7749 36.2146 1.1760 -0.0068 -0.0356 0.7406 0.6710
1752868920.7706 15.7110 36.2336 1.1626 -0.0069 -0.0358 0.7355 0.6765
1752868920.8714 15.6263 36.2698 1.1268 -0.0073 -0.0359 0.7325 0.6798
1752868920.9723 15.5915 36.2853 1.1058 -0.0072 -0.0358 0.7352 0.6768
1752868921.0731 15.5908 36.2831 1.1083 -0.0069 -0.0357 0.7429 0.6684
1752868921.1740 15.6047 36.3219 1.1481 -0.0073 -0.0354 0.7522 0.6580
1752868921.2749 15.5916 36.3635 1.1819 -0.0083 -0.0351 0.7619 0.6467
1752868921.3757 15.5356 36.3859 1.1604 -0.0092 -0.0351 0.7725 0.6339
1752868921.4766 15.4867 36.3548 1.1294 -0.0093 -0.0352 0.7857 0.6175
1752868921.5774 15.4314 36.3706 1.1263 -0.0098 -0.0350 0.8008 0.5978
1752868921.6783 15.3937 36.4546 1.1356 -0.0110 -0.0343 0.8150 0.5783
1752868921.7792 15.3949 36.5609 1.1359 -0.0119 -0.0342 0.8266 0.5616
1752868921.8800 15.3254 36.6156 1.1225 -0.0122 -0.0343 0.8365 0.5467
1752868921.9809 15.1966 36.5949 1.1165 -0.0126 -0.0339 0.8449 0.5336
1752868922.0817 15.1051 36.6031 1.1026 -0.0129 -0.0337 0.8530 0.5207
1752868922.1826 15.1457 36.6386 1.0947 -0.0135 -0.0335 0.8610 0.5073
1752868922.2835 15.1556 36.7432 1.0960 -0.0140 -0.0334 0.8666 0.4977
1752868922.3843 15.0754 36.8416 1.1000 -0.0140 -0.0334 0.8693 0.4930
1752868922.4852 14.9823 36.8984 1.1092 -0.0143 -0.0332 0.8713 0.4895
1752868922.5860 14.8888 36.9036 1.1055 -0.0146 -0.0330 0.8741 0.4845
1752868922.6869 14.8487 36.8996 1.0914 -0.0147 -0.0331 0.8778 0.4777
1752868922.7878 14.8230 36.8953 1.0764 -0.0149 -0.0331 0.8837 0.4666
1752868922.8886 14.7709 36.9189 1.0669 -0.0156 -0.0328 0.8929 0.4489
1752868922.9895 14.7323 36.9988 1.0782 -0.0164 -0.0323 0.9045 0.4250
1752868923.0903 14.6491 37.0519 1.0895 -0.0173 -0.0317 0.9161 0.3993
1752868923.1912 14.5807 37.0353 1.0792 -0.0182 -0.0313 0.9272 0.3729
1752868923.2921 14.5046 36.9482 1.0631 -0.0191 -0.0308 0.9377 0.3455
1752868923.3929 14.4179 36.8730 1.0412 -0.0199 -0.0301 0.9484 0.3151
1752868923.4938 14.3571 36.8871 1.0316 -0.0205 -0.0295 0.9588 0.2818
1752868923.5946 14.3163 36.9190 1.0453 -0.0217 -0.0286 0.9685 0.2465
1752868923.6955 14.3311 36.9234 1.0704 -0.0232 -0.0276 0.9767 0.2116
1752868923.7964 14.2881 36.8081 1.0627 -0.0242 -0.0269 0.9826 0.1821
1752868923.8972 14.1839 36.6401 1.0400 -0.0248 -0.0260 0.9876 0.1531
1752868923.9981 14.1276 36.5608 1.0323 -0.0253 -0.0251 0.9920 0.1212
1752868924.0989 14.1293 36.5849 1.0260 -0.0261 -0.0244 0.9958 0.0847
1752868924.1998 14.1579 36.6285 1.0398 -0.0270 -0.0234 0.9982 0.0480
1752868924.3007 14.1636 36.5952 1.0442 -0.0279 -0.0224 0.9992 0.0157
1752868924.4015 14.1404 36.4866 1.0361 -0.0286 -0.0215 0.9993 -0.0104
1752868924.5024 14.0414 36.3685 1.0231 -0.0290 -0.0209 0.9988 -0.0329
1752868924.6032 14.0052 36.3276 1.0232 -0.0292 -0.0202 0.9979 -0.0547
1752868924.7041 13.9995 36.3347 1.0269 -0.0299 -0.0194 0.9963 -0.0786
1752868924.8050 14.0161 36.3533 1.0317 -0.0307 -0.0187 0.9942 -0.1010
1752868924.9058 14.0430 36.3431 1.0264 -0.0308 -0.0184 0.9929 -0.1136
1752868925.0067 14.0106 36.2593 1.0158 -0.0308 -0.0183 0.9924 -0.1176
1752868925.1075 13.9321 36.1478 1.0204 -0.0309 -0.0181 0.9920 -0.1212
1752868925.2084 13.8859 36.1189 1.0308 -0.0310 -0.0179 0.9911 -0.1281
1752868925.3093 13.8995 36.1641 1.0217 -0.0311 -0.0175 0.9896 -0.1394
1752868925.4101 13.9199 36.2168 1.0254 -0.0313 -0.0170 0.9880 -0.1502
1752868925.5110 13.8775 36.1790 1.0251 -0.0315 -0.0169 0.9869 -0.1573
1752868925.6118 13.7772 36.0492 1.0167 -0.0314 -0.0167 0.9862 -0.1616
1752868925.7127 13.7049 35.9192 1.0092 -0.0311 -0.0165 0.9855 -0.1662
1752868925.8136 13.7368 35.9426 1.0148 -0.0312 -0.0164 0.9846 -0.1713
1752868925.9144 13.7771 36.0132 1.0192 -0.0317 -0.0162 0.9835 -0.1774
1752868926.0153 13.7876 36.0443 1.0235 -0.0321 -0.0160 0.9825 -0.1826
1752868926.1161 13.7265 35.9869 1.0174 -0.0318 -0.0158 0.9823 -0.1842
1752868926.2170 13.6444 35.9193 1.0127 -0.0314 -0.0158 0.9823 -0.1841
1752868926.3179 13.5779 35.8803 1.0034 -0.0313 -0.0158 0.9823 -0.1838
1752868926.4187 13.6040 35.9091 1.0047 -0.0316 -0.0157 0.9822 -0.1845
1752868926.5196 13.6373 35.9429 1.0122 -0.0320 -0.0157 0.9823 -0.1841
1752868926.6204 13.5691 35.9230 1.0168 -0.0318 -0.0158 0.9827 -0.1817
1752868926.7213 13.4891 35.8875 1.0102 -0.0317 -0.0160 0.9837 -0.1762
1752868926.8222 13.3870 35.8471 0.9868 -0.0314 -0.0163 0.9851 -0.1686
1752868926.9230 13.3243 35.8475 0.9872 -0.0311 -0.0166 0.9866 -0.1590
1752868927.0239 13.3098 35.8836 0.9978 -0.0308 -0.0168 0.9883 -0.1484
1752868927.1247 13.3016 35.8971 1.0144 -0.0308 -0.0170 0.9898 -0.1380
1752868927.2256 13.2848 35.9001 1.0159 -0.0307 -0.0174 0.9913 -0.1271
1752868927.3265 13.2183 35.8923 0.9950 -0.0305 -0.0180 0.9927 -0.1156
1752868927.4273 13.1118 35.8691 0.9681 -0.0301 -0.0186 0.9941 -0.1026
1752868927.5282 12.9928 35.8550 0.9517 -0.0299 -0.0189 0.9953 -0.0900
1752868927.6290 12.8956 35.8877 0.9745 -0.0295 -0.0190 0.9962 -0.0798
1752868927.7299 12.8496 35.9087 0.9902 -0.0291 -0.0191 0.9967 -0.0727
1752868927.8308 12.8467 35.9211 0.9739 -0.0288 -0.0195 0.9971 -0.0671
1752868927.9316 12.8328 35.8976 0.9705 -0.0290 -0.0196 0.9976 -0.0600
1752868928.0325 12.7792 35.8866 0.9614 -0.0288 -0.0198 0.9981 -0.0507
1752868928.1333 12.7137 35.9152 0.9620 -0.0285 -0.0201 0.9986 -0.0403
1752868928.2342 12.5824 35.9288 0.9517 -0.0283 -0.0205 0.9989 -0.0319
1752868928.3351 12.4912 35.9429 0.9503 -0.0280 -0.0207 0.9991 -0.0261
1752868928.4359 12.4663 35.9462 0.9500 -0.0279 -0.0207 0.9991 -0.0223
1752868928.5368 12.4639 35.9189 0.9443 -0.0281 -0.0206 0.9992 -0.0189
1752868928.6376 12.4026 35.8814 0.9362 -0.0281 -0.0206 0.9993 -0.0146
1752868928.7385 12.3201 35.8732 0.9286 -0.0275 -0.0210 0.9994 -0.0085
1752868928.8394 12.2388 35.9268 0.9355 -0.0272 -0.0214 0.9994 -0.0023
1752868928.9402 12.1724 35.9820 0.9240 -0.0272 -0.0216 0.9994 0.0012
1752868929.0411 12.1176 35.9710 0.9147 -0.0273 -0.0215 0.9994 0.0024
1752868929.1419 12.0443 35.8963 0.9117 -0.0274 -0.0214 0.9994 0.0035
1752868929.2428 12.0154 35.8552 0.9128 -0.0274 -0.0214 0.9994 0.0061
1752868929.3437 12.0109 35.9099 0.9199 -0.0273 -0.0216 0.9993 0.0095
1752868929.4445 11.9606 36.0110 0.9251 -0.0268 -0.0218 0.9993 0.0123
1752868929.5454 11.8598 36.0159 0.9026 -0.0266 -0.0220 0.9993 0.0131
1752868929.6462 11.7734 35.9356 0.8745 -0.0268 -0.0221 0.9993 0.0135
1752868929.7471 11.7008 35.8787 0.8727 -0.0270 -0.0219 0.9993 0.0147
1752868929.8480 11.6824 35.9149 0.8904 -0.0269 -0.0219 0.9992 0.0174
1752868929.9488 11.6604 35.9699 0.9004 -0.0265 -0.0221 0.9992 0.0198
1752868930.0497 11.6117 35.9965 0.8911 -0.0262 -0.0224 0.9992 0.0223
1752868930.1505 11.5289 35.9920 0.8774 -0.0263 -0.0226 0.9991 0.0235
1752868930.2514 11.4544 35.9635 0.8523 -0.0265 -0.0227 0.9991 0.0241
1752868930.3523 11.4126 35.9362 0.8301 -0.0266 -0.0226 0.9991 0.0248
1752868930.4531 11.3823 35.9532 0.8419 -0.0263 -0.0225 0.9991 0.0258
1752868930.5540 11.3245 35.9803 0.8609 -0.0258 -0.0226 0.9991 0.0265
1752868930.6548 11.2712 35.9869 0.8796 -0.0257 -0.0225 0.9991 0.0263
1752868930.7557 11.2161 35.9605 0.8687 -0.0259 -0.0227 0.9991 0.0254
1752868930.8566 11.1642 35.9372 0.8370 -0.0261 -0.0227 0.9991 0.0240
1752868930.9574 11.1134 35.9280 0.8144 -0.0263 -0.0227 0.9991 0.0224
1752868931.0583 11.0750 35.9578 0.8220 -0.0261 -0.0226 0.9992 0.0215
1752868931.1591 11.0009 35.9767 0.8476 -0.0259 -0.0225 0.9992 0.0211
1752868931.2600 10.9342 35.9758 0.8580 -0.0257 -0.0226 0.9992 0.0213
1752868931.3609 10.8568 35.9272 0.8250 -0.0257 -0.0227 0.9992 0.0225
1752868931.4617 10.8057 35.9109 0.7931 -0.0259 -0.0228 0.9991 0.0242
1752868931.5626 10.7764 35.9380 0.7966 -0.0260 -0.0229 0.9990 0.0266
1752868931.6634 10.7309 36.0032 0.8223 -0.0257 -0.0230 0.9990 0.0288
1752868931.7643 10.6630 35.9996 0.8269 -0.0254 -0.0228 0.9989 0.0319
1752868931.8652 10.5705 35.9856 0.8092 -0.0254 -0.0228 0.9988 0.0358
1752868931.9660 10.5151 35.9823 0.7883 -0.0256 -0.0230 0.9986 0.0399
1752868932.0669 10.5251 36.0281 0.7673 -0.0258 -0.0236 0.9984 0.0440
1752868932.1677 10.4945 36.0366 0.7727 -0.0256 -0.0237 0.9983 0.0477
1752868932.2686 10.4718 36.0238 0.7913 -0.0251 -0.0235 0.9981 0.0511
1752868932.3695 10.4100 36.0206 0.7903 -0.0248 -0.0235 0.9980 0.0531
1752868932.4703 10.3434 36.0182 0.7714 -0.0247 -0.0237 0.9980 0.0529
1752868932.5712 10.3083 36.0434 0.7514 -0.0250 -0.0239 0.9981 0.0504
1752868932.6720 10.2583 36.0437 0.7381 -0.0254 -0.0237 0.9983 0.0471
1752868932.7729 10.1864 36.0050 0.7278 -0.0254 -0.0234 0.9984 0.0446
1752868932.8738 10.0795 35.9791 0.7259 -0.0253 -0.0235 0.9985 0.0435
1752868932.9746 9.9674 36.0105 0.7430 -0.0251 -0.0236 0.9985 0.0433
1752868933.0755 9.8943 36.0269 0.7558 -0.0248 -0.0237 0.9983 0.0475
1752868933.1763 9.8657 36.0317 0.7737 -0.0248 -0.0239 0.9979 0.0552
1752868933.2772 9.8050 36.0318 0.7602 -0.0246 -0.0242 0.9973 0.0644
1752868933.3781 9.7501 36.0253 0.7264 -0.0245 -0.0245 0.9967 0.0732
1752868933.4789 9.6864 36.0554 0.7127 -0.0242 -0.0247 0.9962 0.0796
1752868933.5798 9.5722 36.0992 0.7402 -0.0239 -0.0247 0.9958 0.0852
1752868933.6806 9.4898 36.1523 0.7639 -0.0235 -0.0248 0.9952 0.0921
1752868933.7815 9.4343 36.1457 0.7609 -0.0234 -0.0250 0.9943 0.1007
1752868933.8824 9.3874 36.1280 0.7451 -0.0234 -0.0252 0.9934 0.1094
1752868933.9832 9.3277 36.1332 0.7315 -0.0232 -0.0253 0.9926 0.1164
1752868934.0841 9.3091 36.1942 0.7228 -0.0226 -0.0255 0.9919 0.1225
1752868934.1849 9.2941 36.2535 0.7262 -0.0223 -0.0256 0.9911 0.1284
1752868934.2858 9.2345 36.2659 0.7271 -0.0223 -0.0258 0.9903 0.1345
1752868934.3867 9.0981 36.2255 0.7270 -0.0223 -0.0262 0.9894 0.1410
1752868934.4875 8.9700 36.1780 0.7291 -0.0222 -0.0265 0.9884 0.1478
1752868934.5884 8.9312 36.1503 0.7352 -0.0220 -0.0263 0.9877 0.1524
1752868934.6892 8.9360 36.1921 0.7206 -0.0218 -0.0261 0.9875 0.1541
1752868934.7901 8.9488 36.2976 0.7068 -0.0217 -0.0262 0.9875 0.1537
1752868934.8910 8.9011 36.3348 0.7128 -0.0216 -0.0264 0.9876 0.1535
1752868934.9918 8.8152 36.3182 0.7118 -0.0218 -0.0269 0.9875 0.1540
1752868935.0927 8.7139 36.2652 0.7023 -0.0218 -0.0270 0.9874 0.1542
1752868935.1935 8.6195 36.2428 0.6948 -0.0216 -0.0267 0.9877 0.1527
1752868935.2944 8.5772 36.2693 0.6875 -0.0216 -0.0263 0.9881 0.1497
1752868935.3953 8.5576 36.3027 0.6998 -0.0217 -0.0260 0.9887 0.1458
1752868935.4961 8.5274 36.3209 0.7018 -0.0219 -0.0261 0.9893 0.1421
1752868935.5970 8.4641 36.3216 0.6926 -0.0219 -0.0264 0.9898 0.1383
1752868935.6978 8.3962 36.3080 0.6781 -0.0220 -0.0265 0.9905 0.1333
1752868935.7987 8.3180 36.2835 0.6708 -0.0222 -0.0263 0.9912 0.1276
1752868935.8996 8.2679 36.2846 0.6862 -0.0223 -0.0259 0.9920 0.1218
1752868936.0004 8.2336 36.3067 0.6918 -0.0223 -0.0257 0.9925 0.1175
1752868936.1013 8.1881 36.3453 0.6811 -0.0223 -0.0257 0.9928 0.1147
1752868936.2021 8.1001 36.3574 0.6530 -0.0224 -0.0259 0.9931 0.1117
1752868936.3030 8.0126 36.3351 0.6342 -0.0225 -0.0259 0.9935 0.1083
1752868936.4039 7.9463 36.3010 0.6441 -0.0226 -0.0257 0.9939 0.1048
1752868936.5047 7.9137 36.3003 0.6701 -0.0226 -0.0254 0.9942 0.1018
1752868936.6056 7.8605 36.3166 0.6715 -0.0226 -0.0252 0.9945 0.0988
1752868936.7064 7.7889 36.3170 0.6465 -0.0226 -0.0253 0.9948 0.0961
1752868936.8073 7.7089 36.3012 0.6154 -0.0226 -0.0255 0.9950 0.0934
1752868936.9082 7.6573 36.3064 0.6045 -0.0226 -0.0256 0.9952 0.0922
1752868937.0090 7.6359 36.3453 0.6235 -0.0226 -0.0255 0.9950 0.0943
1752868937.1099 7.6175 36.3693 0.6533 -0.0225 -0.0254 0.9944 0.1006
1752868937.2107 7.5783 36.3665 0.6625 -0.0222 -0.0254 0.9933 0.1102
1752868937.3116 7.4741 36.3429 0.6382 -0.0217 -0.0259 0.9918 0.1230
1752868937.4125 7.4337 36.4048 0.6086 -0.0212 -0.0265 0.9897 0.1391
1752868937.5133 7.4174 36.4434 0.5994 -0.0208 -0.0270 0.9870 0.1573
1752868937.6142 7.4041 36.4747 0.6160 -0.0203 -0.0272 0.9836 0.1774
1752868937.7150 7.3891 36.5352 0.6337 -0.0197 -0.0274 0.9797 0.1977
1752868937.8159 7.3803 36.6001 0.6375 -0.0189 -0.0279 0.9752 0.2187
1752868937.9168 7.3705 36.6274 0.6223 -0.0182 -0.0287 0.9697 0.2417
1752868938.0176 7.3399 36.6573 0.6146 -0.0174 -0.0294 0.9631 0.2670
1752868938.1185 7.3161 36.7227 0.6201 -0.0168 -0.0298 0.9557 0.2925
1752868938.2193 7.3024 36.8280 0.6340 -0.0161 -0.0298 0.9479 0.3167
1752868938.3202 7.3171 36.9203 0.6467 -0.0153 -0.0300 0.9400 0.3396
1752868938.4211 7.2727 36.9526 0.6435 -0.0145 -0.0304 0.9319 0.3612
1752868938.5219 7.2326 36.9922 0.6282 -0.0136 -0.0312 0.9237 0.3817
1752868938.6228 7.2282 37.0401 0.6248 -0.0129 -0.0319 0.9151 0.4018
1752868938.7236 7.2480 37.1058 0.6328 -0.0123 -0.0320 0.9060 0.4219
1752868938.8245 7.2410 37.1830 0.6423 -0.0117 -0.0318 0.8966 0.4416
1752868938.9254 7.2074 37.2424 0.6608 -0.0109 -0.0320 0.8864 0.4616
1752868939.0262 7.1870 37.3062 0.6676 -0.0101 -0.0323 0.8757 0.4816
1752868939.1271 7.1999 37.3497 0.6585 -0.0093 -0.0327 0.8641 0.5022
1752868939.2279 7.2319 37.4188 0.6513 -0.0085 -0.0331 0.8511 0.5239
1752868939.3288 7.2826 37.4724 0.6576 -0.0077 -0.0333 0.8365 0.5469
1752868939.4297 7.2893 37.5248 0.6776 -0.0067 -0.0334 0.8211 0.5698
1752868939.5305 7.2836 37.5969 0.6873 -0.0057 -0.0336 0.8051 0.5921
1752868939.6314 7.2863 37.6385 0.6815 -0.0047 -0.0339 0.7884 0.6142
1752868939.7322 7.3204 37.6584 0.6756 -0.0039 -0.0342 0.7714 0.6354
1752868939.8331 7.3933 37.7101 0.6840 -0.0030 -0.0342 0.7544 0.6555
1752868939.9340 7.4464 37.7959 0.7010 -0.0020 -0.0343 0.7373 0.6747
1752868940.0348 7.4873 37.8752 0.7184 -0.0012 -0.0342 0.7202 0.6929
1752868940.1357 7.5053 37.9109 0.7148 -0.0005 -0.0343 0.7046 0.7088
1752868940.2365 7.5109 38.0240 0.7131 0.0000 -0.0343 0.6901 0.7229
1752868940.3374 7.5094 38.1201 0.7145 0.0006 -0.0343 0.6776 0.7347
1752868940.4383 7.5258 38.1679 0.7320 0.0014 -0.0342 0.6663 0.7449
1752868940.5391 7.6026 38.1698 0.7477 0.0020 -0.0342 0.6556 0.7543
1752868940.6400 7.6654 38.1898 0.7455 0.0025 -0.0343 0.6442 0.7641
1752868940.7408 7.7279 38.3046 0.7404 0.0028 -0.0342 0.6324 0.7739
1752868940.8417 7.7676 38.4796 0.7380 0.0032 -0.0342 0.6216 0.7826
1752868940.9426 7.7463 38.5165 0.7563 0.0037 -0.0340 0.6134 0.7890
1752868941.0434 7.7369 38.5273 0.7717 0.0043 -0.0338 0.6074 0.7937
1752868941.1443 7.7469 38.5425 0.7919 0.0045 -0.0336 0.6036 0.7966
1752868941.2451 7.8155 38.6158 0.7802 0.0044 -0.0338 0.6002 0.7991
1752868941.3460 7.8671 38.7140 0.7705 0.0043 -0.0337 0.5959 0.8024
1752868941.4469 7.9302 38.8135 0.7811 0.0045 -0.0338 0.5911 0.8059
1752868941.5477 7.9316 38.8455 0.7802 0.0051 -0.0340 0.5869 0.8089
1752868941.6486 7.8880 38.8352 0.8031 0.0054 -0.0339 0.5843 0.8108
1752868941.7494 7.8635 38.8510 0.8223 0.0053 -0.0335 0.5827 0.8120
1752868941.8503 7.8698 38.9451 0.8185 0.0050 -0.0334 0.5794 0.8144
1752868941.9512 7.9505 39.0491 0.8155 0.0051 -0.0335 0.5723 0.8194
1752868942.0520 8.0226 39.0861 0.8174 0.0057 -0.0336 0.5623 0.8263
1752868942.1529 8.0365 39.0940 0.8362 0.0063 -0.0334 0.5525 0.8328
1752868942.2537 8.0498 39.1027 0.8492 0.0067 -0.0334 0.5467 0.8366
1752868942.3546 8.0856 39.1621 0.8541 0.0068 -0.0334 0.5445 0.8381
1752868942.4555 8.1350 39.2220 0.8527 0.0065 -0.0334 0.5451 0.8377
1752868942.5563 8.1512 39.2528 0.8538 0.0063 -0.0334 0.5467 0.8366
1752868942.6572 8.1867 39.2595 0.8541 0.0061 -0.0335 0.5498 0.8346
1752868942.7580 8.1794 39.3141 0.8626 0.0059 -0.0335 0.5554 0.8309
1752868942.8589 8.1461 39.3892 0.8658 0.0057 -0.0336 0.5642 0.8249
1752868942.9597 8.1762 39.5087 0.8734 0.0055 -0.0339 0.5749 0.8175
1752868943.0606 8.2101 39.5840 0.8685 0.0051 -0.0340 0.5864 0.8093
1752868943.1615 8.2248 39.6542 0.8736 0.0046 -0.0340 0.5974 0.8012
1752868943.2623 8.2216 39.7243 0.8852 0.0041 -0.0339 0.6060 0.7948
1752868943.3632 8.1866 39.7671 0.8799 0.0040 -0.0341 0.6121 0.7901
1752868943.4640 8.1219 39.7959 0.8777 0.0040 -0.0342 0.6170 0.7862
1752868943.5649 8.1868 39.8890 0.8843 0.0038 -0.0343 0.6218 0.7824
1752868943.6658 8.2511 40.0180 0.8947 0.0036 -0.0344 0.6257 0.7793
1752868943.7666 8.2506 40.1294 0.8963 0.0035 -0.0344 0.6280 0.7774
1752868943.8675 8.2196 40.1755 0.8957 0.0035 -0.0344 0.6301 0.7758
1752868943.9683 8.2039 40.1828 0.9026 0.0033 -0.0344 0.6332 0.7732
1752868944.0692 8.1567 40.1748 0.8966 0.0033 -0.0345 0.6377 0.7695
1752868944.1701 8.1682 40.2219 0.8803 0.0031 -0.0347 0.6442 0.7641
1752868944.2709 8.1828 40.3359 0.8998 0.0027 -0.0346 0.6522 0.7573
1752868944.3718 8.2226 40.4642 0.9308 0.0022 -0.0345 0.6608 0.7498
1752868944.4727 8.2327 40.5232 0.9351 0.0018 -0.0345 0.6693 0.7422
1752868944.5735 8.2107 40.5528 0.9226 0.0016 -0.0346 0.6774 0.7348
1752868944.6744 8.1405 40.5881 0.9071 0.0014 -0.0347 0.6845 0.7281
1752868944.7752 8.1143 40.6730 0.9186 0.0011 -0.0347 0.6904 0.7226
1752868944.8761 8.1416 40.7973 0.9422 0.0007 -0.0347 0.6950 0.7181
1752868944.9769 8.1359 40.9080 0.9496 0.0004 -0.0346 0.6990 0.7143
1752868945.0778 8.1016 40.9752 0.9382 0.0004 -0.0346 0.7032 0.7102
1752868945.1787 8.0322 41.0093 0.9344 0.0003 -0.0346 0.7080 0.7054
1752868945.2795 8.0094 41.0732 0.9306 0.0000 -0.0346 0.7134 0.6999
1752868945.3804 8.0198 41.1771 0.9362 -0.0004 -0.0345 0.7189 0.6943
1752868945.4812 8.0452 41.2846 0.9428 -0.0007 -0.0345 0.7239 0.6890
1752868945.5821 8.0322 41.3689 0.9523 -0.0006 -0.0348 0.7285 0.6841
1752868945.6830 7.9632 41.4189 0.9478 -0.0006 -0.0349 0.7334 0.6789
1752868945.7838 7.8851 41.4461 0.9435 -0.0009 -0.0347 0.7390 0.6728
1752868945.8847 7.8383 41.5058 0.9325 -0.0014 -0.0345 0.7449 0.6663
1752868945.9855 7.8676 41.5848 0.9380 -0.0019 -0.0345 0.7506 0.6599
1752868946.0864 7.8816 41.6906 0.9491 -0.0019 -0.0346 0.7556 0.6541
1752868946.1873 7.8164 41.7423 0.9536 -0.0019 -0.0347 0.7603 0.6487
1752868946.2881 7.7135 41.7767 0.9431 -0.0021 -0.0347 0.7647 0.6434
1752868946.3890 7.6547 41.8166 0.9349 -0.0024 -0.0346 0.7691 0.6382
1752868946.4898 7.6542 41.8902 0.9411 -0.0027 -0.0345 0.7738 0.6325
1752868946.5907 7.6864 41.9910 0.9611 -0.0029 -0.0346 0.7789 0.6261
1752868946.6916 7.7048 42.0648 0.9706 -0.0031 -0.0347 0.7840 0.6198
1752868946.7924 7.6540 42.1019 0.9689 -0.0032 -0.0347 0.7885 0.6141
1752868946.8933 7.5590 42.0889 0.9519 -0.0034 -0.0345 0.7924 0.6091
1752868946.9941 7.4834 42.0991 0.9375 -0.0036 -0.0345 0.7966 0.6036
1752868947.0950 7.4549 42.1847 0.9455 -0.0038 -0.0346 0.8017 0.5968
1752868947.1959 7.4647 42.2931 0.9589 -0.0040 -0.0347 0.8075 0.5889
1752868947.2967 7.4493 42.3515 0.9585 -0.0042 -0.0347 0.8137 0.5802
1752868947.3976 7.3834 42.3610 0.9455 -0.0046 -0.0347 0.8200 0.5713
1752868947.4984 7.2916 42.3979 0.9449 -0.0049 -0.0345 0.8257 0.5630
1752868947.5993 7.2236 42.4649 0.9551 -0.0052 -0.0343 0.8306 0.5558
1752868947.7002 7.2117 42.5355 0.9604 -0.0054 -0.0342 0.8351 0.5490
1752868947.8010 7.1960 42.5968 0.9576 -0.0056 -0.0343 0.8398 0.5418
1752868947.9019 7.1300 42.6476 0.9594 -0.0058 -0.0344 0.8446 0.5342
1752868948.0027 7.0579 42.6900 0.9648 -0.0061 -0.0343 0.8497 0.5262
1752868948.1036 7.0044 42.7233 0.9761 -0.0065 -0.0340 0.8547 0.5180
1752868948.2045 6.9565 42.8015 0.9797 -0.0067 -0.0338 0.8592 0.5104
1752868948.3053 6.9070 42.8818 0.9727 -0.0069 -0.0339 0.8637 0.5028
1752868948.4062 6.8392 42.9326 0.9576 -0.0070 -0.0341 0.8677 0.4959
1752868948.5070 6.7945 42.9503 0.9504 -0.0073 -0.0342 0.8714 0.4893
1752868948.6079 6.7537 42.9788 0.9574 -0.0074 -0.0340 0.8749 0.4831
1752868948.7088 6.7106 43.0043 0.9752 -0.0076 -0.0337 0.8788 0.4760
1752868948.8096 6.6448 43.0209 0.9797 -0.0079 -0.0334 0.8827 0.4687
1752868948.9105 6.5884 43.0586 0.9703 -0.0082 -0.0336 0.8859 0.4626
1752868949.0113 6.5523 43.1168 0.9600 -0.0083 -0.0337 0.8878 0.4590
1752868949.1122 6.5238 43.1659 0.9618 -0.0083 -0.0338 0.8892 0.4563
1752868949.2131 6.4527 43.2590 0.9781 -0.0082 -0.0337 0.8909 0.4529
1752868949.3139 6.3870 43.3705 0.9948 -0.0083 -0.0335 0.8938 0.4471
1752868949.4148 6.3504 43.3953 0.9875 -0.0086 -0.0334 0.8981 0.4385
1752868949.5156 6.2959 43.3780 0.9635 -0.0090 -0.0336 0.9033 0.4276
1752868949.6165 6.2220 43.3883 0.9504 -0.0094 -0.0336 0.9086 0.4161
1752868949.7174 6.1638 43.4450 0.9510 -0.0098 -0.0333 0.9136 0.4052
1752868949.8182 6.0951 43.5207 0.9720 -0.0101 -0.0328 0.9184 0.3942
1752868949.9191 6.0194 43.5994 0.9832 -0.0105 -0.0325 0.9237 0.3816
1752868950.0199 5.9670 43.6037 0.9754 -0.0109 -0.0326 0.9294 0.3674
1752868950.1208 5.9029 43.5454 0.9495 -0.0114 -0.0328 0.9352 0.3524
1752868950.2217 5.8742 43.4787 0.9309 -0.0118 -0.0327 0.9398 0.3398
1752868950.3225 5.8235 43.4958 0.9251 -0.0121 -0.0325 0.9432 0.3304
1752868950.4234 5.7486 43.5631 0.9304 -0.0123 -0.0324 0.9458 0.3230
1752868950.5242 5.6848 43.6165 0.9351 -0.0125 -0.0322 0.9482 0.3157
1752868950.6251 5.6076 43.6361 0.9615 -0.0125 -0.0318 0.9509 0.3075
1752868950.7260 5.5618 43.6282 0.9708 -0.0128 -0.0318 0.9537 0.2987
1752868950.8268 5.5110 43.6462 0.9388 -0.0131 -0.0322 0.9564 0.2900
1752868950.9277 5.4408 43.7353 0.9135 -0.0134 -0.0323 0.9588 0.2820
1752868951.0285 5.3295 43.8075 0.9223 -0.0135 -0.0319 0.9610 0.2743
1752868951.1294 5.2489 43.8343 0.9538 -0.0136 -0.0314 0.9636 0.2650
1752868951.2303 5.1884 43.8140 0.9676 -0.0140 -0.0311 0.9666 0.2538
1752868951.3311 5.1264 43.7730 0.9372 -0.0145 -0.0314 0.9694 0.2432
1752868951.4320 5.0467 43.8042 0.9051 -0.0149 -0.0315 0.9715 0.2345
1752868951.5328 4.9880 43.8343 0.9005 -0.0150 -0.0316 0.9729 0.2287
1752868951.6337 4.9207 43.8773 0.9216 -0.0150 -0.0313 0.9738 0.2248
1752868951.7346 4.8627 43.8828 0.9379 -0.0150 -0.0309 0.9745 0.2215
1752868951.8354 4.7990 43.9064 0.9385 -0.0151 -0.0309 0.9754 0.2176
1752868951.9363 4.7376 43.9297 0.9274 -0.0152 -0.0310 0.9763 0.2135
1752868952.0371 4.6600 43.9278 0.9158 -0.0153 -0.0311 0.9771 0.2099
1752868952.1380 4.5837 43.9750 0.9211 -0.0154 -0.0309 0.9778 0.2068
1752868952.2389 4.5329 44.0203 0.9341 -0.0155 -0.0308 0.9786 0.2030
1752868952.3397 4.4647 44.0382 0.9391 -0.0157 -0.0307 0.9796 0.1981
1752868952.4406 4.4018 44.0789 0.9371 -0.0159 -0.0307 0.9808 0.1917
1752868952.5414 4.2965 44.0850 0.9170 -0.0162 -0.0308 0.9823 0.1843
1752868952.6423 4.1889 44.0781 0.9188 -0.0163 -0.0305 0.9837 0.1766
1752868952.7432 4.1143 44.0957 0.9287 -0.0163 -0.0303 0.9850 0.1692
1752868952.8440 4.0429 44.0956 0.9294 -0.0164 -0.0302 0.9862 0.1620
1752868952.9449 3.9844 44.0895 0.9016 -0.0169 -0.0303 0.9872 0.1558
1752868953.0457 3.9365 44.1045 0.8898 -0.0174 -0.0304 0.9881 0.1497
1752868953.1466 3.8445 44.1020 0.8927 -0.0175 -0.0302 0.9890 0.1439
1752868953.2475 3.7493 44.1075 0.9037 -0.0174 -0.0300 0.9898 0.1382
1752868953.3483 3.6567 44.1429 0.8996 -0.0174 -0.0300 0.9905 0.1329
1752868953.4492 3.5728 44.1461 0.8916 -0.0175 -0.0300 0.9911 0.1284
1752868953.5500 3.5154 44.1313 0.8849 -0.0178 -0.0298 0.9918 0.1233
1752868953.6509 3.4866 44.1311 0.8872 -0.0179 -0.0296 0.9926 0.1167
1752868953.7518 3.4050 44.1247 0.8820 -0.0180 -0.0295 0.9935 0.1083
1752868953.8526 3.2926 44.1253 0.8844 -0.0180 -0.0293 0.9944 0.0995
1752868953.9535 3.1707 44.0855 0.8776 -0.0183 -0.0291 0.9951 0.0931
1752868954.0543 3.1068 44.0297 0.8702 -0.0187 -0.0292 0.9952 0.0912
1752868954.1552 3.0703 44.0447 0.8666 -0.0184 -0.0293 0.9949 0.0946
1752868954.2561 3.0075 44.0695 0.8815 -0.0177 -0.0293 0.9942 0.1017
1752868954.3569 2.9293 44.1075 0.8884 -0.0174 -0.0293 0.9935 0.1090
1752868954.4578 2.7993 44.1299 0.8673 -0.0174 -0.0296 0.9926 0.1168
1752868954.5586 2.6900 44.1706 0.8454 -0.0174 -0.0300 0.9915 0.1256
1752868954.6595 2.5948 44.2129 0.8483 -0.0171 -0.0303 0.9902 0.1352
1752868954.7604 2.5367 44.2616 0.8587 -0.0165 -0.0304 0.9889 0.1448
1752868954.8612 2.5136 44.3144 0.8713 -0.0159 -0.0303 0.9876 0.1534
1752868954.9621 2.4656 44.3163 0.8687 -0.0156 -0.0302 0.9865 0.1604
1752868955.0629 2.3763 44.3270 0.8524 -0.0156 -0.0305 0.9855 0.1664
1752868955.1638 2.2662 44.3944 0.8386 -0.0156 -0.0310 0.9844 0.1725
1752868955.2647 2.1403 44.4727 0.8486 -0.0152 -0.0312 0.9833 0.1786
1752868955.3655 1.9898 44.5207 0.8559 -0.0147 -0.0313 0.9818 0.1865
1752868955.4664 1.9417 44.5236 0.8610 -0.0143 -0.0313 0.9797 0.1976
1752868955.5672 1.9358 44.5814 0.8613 -0.0139 -0.0314 0.9767 0.2119
1752868955.6681 1.8668 44.6663 0.8560 -0.0136 -0.0317 0.9733 0.2270
1752868955.7690 1.7421 44.7619 0.8566 -0.0130 -0.0319 0.9698 0.2415
1752868955.8698 1.6187 44.8273 0.8589 -0.0123 -0.0321 0.9663 0.2550
1752868955.9707 1.5645 44.9163 0.8685 -0.0117 -0.0325 0.9627 0.2683
1752868956.0715 1.5528 45.0004 0.8880 -0.0113 -0.0326 0.9590 0.2814
1752868956.1724 1.5278 45.0901 0.8996 -0.0109 -0.0328 0.9549 0.2950
1752868956.2733 1.4326 45.1901 0.9004 -0.0103 -0.0329 0.9505 0.3090
1752868956.3741 1.3200 45.2453 0.8870 -0.0097 -0.0331 0.9459 0.3227
1752868956.4750 1.2657 45.2775 0.8880 -0.0092 -0.0333 0.9420 0.3340
1752868956.5758 1.2523 45.3156 0.8943 -0.0088 -0.0334 0.9386 0.3433
1752868956.6767 1.2853 45.4169 0.9061 -0.0086 -0.0335 0.9360 0.3502
1752868956.7776 1.2551 45.4339 0.9065 -0.0084 -0.0335 0.9346 0.3539
1752868956.8784 1.1445 45.3946 0.8955 -0.0082 -0.0335 0.9335 0.3569
1752868956.9793 1.0388 45.3911 0.8873 -0.0080 -0.0336 0.9321 0.3605
1752868957.0801 1.0006 45.4598 0.8926 -0.0078 -0.0337 0.9305 0.3646
1752868957.1810 1.0252 45.5362 0.9038 -0.0076 -0.0337 0.9290 0.3686
1752868957.2819 1.0592 45.5685 0.9018 -0.0075 -0.0339 0.9269 0.3737
1752868957.3827 1.0400 45.4833 0.8748 -0.0074 -0.0339 0.9243 0.3800
1752868957.4836 1.0583 45.4462 0.8649 -0.0071 -0.0338 0.9220 0.3858
1752868957.5844 1.1935 45.4855 0.9022 -0.0069 -0.0337 0.9203 0.3897
1752868957.6853 1.3714 45.6391 0.9378 -0.0069 -0.0339 0.9182 0.3946
1752868957.7862 1.4080 45.7387 0.9302 -0.0068 -0.0341 0.9146 0.4028
1752868957.8870 1.3491 45.6940 0.8921 -0.0064 -0.0341 0.9095 0.4142
1752868957.9879 1.2431 45.5813 0.8725 -0.0059 -0.0338 0.9036 0.4270
1752868958.0887 1.1770 45.5222 0.9078 -0.0051 -0.0335 0.8976 0.4394
1752868958.1896 1.2711 45.6055 0.9660 -0.0045 -0.0332 0.8921 0.4505
1752868958.2905 1.4098 45.7835 0.9871 -0.0041 -0.0335 0.8859 0.4627
1752868958.3913 1.4206 45.8922 0.9404 -0.0037 -0.0342 0.8777 0.4780
1752868958.4922 1.2677 45.8287 0.8695 -0.0032 -0.0349 0.8691 0.4933
1752868958.5930 1.0564 45.7405 0.8522 -0.0026 -0.0347 0.8628 0.5043
1752868958.6939 0.9897 45.8415 0.9235 -0.0022 -0.0339 0.8595 0.5100
1752868958.7948 1.1142 46.0943 0.9849 -0.0018 -0.0336 0.8556 0.5166
1752868958.8956 1.2188 46.2453 0.9844 -0.0014 -0.0339 0.8494 0.5266
1752868958.9965 1.1689 46.1990 0.9273 -0.0010 -0.0345 0.8422 0.5380
1752868959.0973 1.0126 46.0586 0.8752 -0.0005 -0.0349 0.8357 0.5481
1752868959.1982 0.9004 46.0507 0.8823 -0.0002 -0.0348 0.8314 0.5545
1752868959.2991 0.9279 46.2704 0.9413 -0.0000 -0.0343 0.8290 0.5582
1752868959.3999 1.0396 46.5671 0.9838 0.0001 -0.0341 0.8269 0.5613
1752868959.5008 1.0330 46.6442 0.9766 0.0003 -0.0342 0.8240 0.5656
1752868959.6016 0.9219 46.5804 0.9159 0.0007 -0.0349 0.8193 0.5724
1752868959.7025 0.7745 46.5051 0.8870 0.0011 -0.0351 0.8148 0.5786
1752868959.8034 0.7277 46.5615 0.9022 0.0014 -0.0348 0.8113 0.5836
1752868959.9042 0.7769 46.7290 0.9476 0.0016 -0.0345 0.8078 0.5884
1752868960.0051 0.8024 46.8906 0.9678 0.0019 -0.0345 0.8036 0.5942
1752868960.1059 0.8119 46.9708 0.9606 0.0023 -0.0348 0.7978 0.6020
1752868960.2068 0.7885 46.9690 0.9502 0.0026 -0.0347 0.7912 0.6105
1752868960.3077 0.7436 47.0040 0.9320 0.0031 -0.0348 0.7840 0.6198
1752868960.4085 0.7245 47.0766 0.9318 0.0037 -0.0350 0.7766 0.6290
1752868960.5094 0.7458 47.1944 0.9546 0.0042 -0.0348 0.7694 0.6378
1752868960.6102 0.7782 47.2638 0.9657 0.0045 -0.0347 0.7623 0.6463
1752868960.7111 0.7877 47.3251 0.9761 0.0049 -0.0346 0.7550 0.6548
1752868960.8120 0.7592 47.3675 0.9799 0.0051 -0.0344 0.7481 0.6627
1752868960.9128 0.7342 47.4500 0.9815 0.0055 -0.0343 0.7419 0.6696
1752868961.0137 0.7175 47.5361 0.9834 0.0059 -0.0344 0.7360 0.6761
1752868961.1145 0.7262 47.5873 0.9882 0.0063 -0.0346 0.7298 0.6828
1752868961.2154 0.7603 47.6651 0.9965 0.0067 -0.0346 0.7235 0.6895
1752868961.3163 0.7919 47.7406 1.0019 0.0069 -0.0345 0.7170 0.6962
1752868961.4171 0.8279 47.8476 1.0090 0.0073 -0.0343 0.7103 0.7030
1752868961.5180 0.8442 47.9244 1.0086 0.0077 -0.0344 0.7034 0.7099
1752868961.6188 0.8378 47.9782 1.0114 0.0080 -0.0344 0.6964 0.7168
1752868961.7197 0.8265 47.9971 1.0220 0.0082 -0.0343 0.6904 0.7225
1752868961.8206 0.8099 48.0499 1.0262 0.0086 -0.0341 0.6849 0.7278
1752868961.9214 0.8335 48.1491 1.0268 0.0090 -0.0341 0.6793 0.7330
1752868962.0223 0.8534 48.2353 1.0256 0.0093 -0.0341 0.6735 0.7384
1752868962.1231 0.8680 48.2737 1.0379 0.0095 -0.0340 0.6679 0.7434
1752868962.2240 0.8900 48.3650 1.0345 0.0097 -0.0341 0.6625 0.7482
1752868962.3249 0.9062 48.4425 1.0258 0.0100 -0.0342 0.6575 0.7526
1752868962.4257 0.9068 48.4988 1.0200 0.0103 -0.0343 0.6530 0.7565
1752868962.5266 0.9225 48.5413 1.0243 0.0106 -0.0343 0.6491 0.7599
1752868962.6274 0.9456 48.6028 1.0418 0.0107 -0.0342 0.6450 0.7633
1752868962.7283 0.9617 48.6961 1.0561 0.0109 -0.0340 0.6394 0.7680
1752868962.8292 0.9622 48.7593 1.0615 0.0112 -0.0338 0.6319 0.7742
1752868962.9300 0.9595 48.7816 1.0636 0.0116 -0.0337 0.6229 0.7815
1752868963.0309 0.9976 48.8459 1.0521 0.0121 -0.0337 0.6136 0.7888
1752868963.1317 1.0785 48.9577 1.0492 0.0127 -0.0339 0.6045 0.7958
1752868963.2326 1.1471 49.0223 1.0684 0.0129 -0.0338 0.5960 0.8021
1752868963.3335 1.1443 49.0720 1.0814 0.0132 -0.0334 0.5880 0.8080
1752868963.4343 1.1558 49.1301 1.0812 0.0135 -0.0333 0.5804 0.8136
1752868963.5352 1.1829 49.1938 1.0796 0.0138 -0.0332 0.5729 0.8188
1752868963.6360 1.2178 49.2638 1.0788 0.0143 -0.0332 0.5667 0.8232
1752868963.7369 1.2836 49.3430 1.0895 0.0146 -0.0333 0.5623 0.8262
1752868963.8378 1.3559 49.4092 1.1003 0.0147 -0.0333 0.5585 0.8287
1752868963.9386 1.3417 49.4463 1.0942 0.0147 -0.0333 0.5546 0.8313
1752868964.0395 1.3119 49.4747 1.1044 0.0148 -0.0329 0.5494 0.8347
1752868964.1403 1.3246 49.5389 1.1057 0.0151 -0.0328 0.5426 0.8392
1752868964.2412 1.4093 49.6091 1.1182 0.0155 -0.0328 0.5356 0.8437
1752868964.3421 1.5119 49.6841 1.1266 0.0159 -0.0331 0.5291 0.8478
1752868964.4429 1.5280 49.7242 1.1276 0.0162 -0.0331 0.5223 0.8520
1752868964.5438 1.4806 49.7290 1.1260 0.0163 -0.0327 0.5137 0.8572
1752868964.6446 1.4991 49.7766 1.1137 0.0166 -0.0325 0.5035 0.8632
1752868964.7455 1.5795 49.8476 1.1346 0.0170 -0.0322 0.4919 0.8699
1752868964.8464 1.6415 49.9170 1.1464 0.0178 -0.0321 0.4787 0.8772
1752868964.9472 1.7048 49.9382 1.1579 0.0185 -0.0319 0.4628 0.8857
1752868965.0481 1.7675 49.9651 1.1659 0.0189 -0.0315 0.4465 0.8940
1752868965.1489 1.8820 50.0498 1.1602 0.0192 -0.0312 0.4306 0.9018
1752868965.2498 1.9736 50.1167 1.1598 0.0196 -0.0309 0.4171 0.9081
1752868965.3507 2.0338 50.1369 1.1711 0.0202 -0.0307 0.4056 0.9133
1752868965.4515 2.0545 50.1653 1.1848 0.0207 -0.0307 0.3939 0.9184
1752868965.5524 2.0854 50.2142 1.1814 0.0210 -0.0307 0.3832 0.9229
1752868965.6532 2.1363 50.2458 1.2016 0.0211 -0.0302 0.3737 0.9268
1752868965.7541 2.2313 50.2873 1.2099 0.0213 -0.0298 0.3660 0.9299
1752868965.8550 2.3369 50.3197 1.2100 0.0216 -0.0298 0.3602 0.9321
1752868965.9558 2.3819 50.3414 1.2056 0.0217 -0.0299 0.3562 0.9337
1752868966.0567 2.4121 50.4249 1.2098 0.0219 -0.0300 0.3521 0.9352
1752868966.1575 2.4307 50.4273 1.2291 0.0219 -0.0298 0.3492 0.9363
1752868966.2584 2.4605 50.4425 1.2304 0.0220 -0.0298 0.3466 0.9373
1752868966.3593 2.5451 50.4866 1.2366 0.0220 -0.0297 0.3442 0.9382
1752868966.4601 2.5897 50.5278 1.2362 0.0222 -0.0297 0.3423 0.9389
1752868966.5610 2.5973 50.5989 1.2437 0.0223 -0.0297 0.3407 0.9394
1752868966.6618 2.6105 50.6293 1.2430 0.0224 -0.0298 0.3400 0.9397
1752868966.7627 2.6586 50.6402 1.2533 0.0222 -0.0298 0.3399 0.9397
1752868966.8636 2.7268 50.6976 1.2676 0.0222 -0.0298 0.3400 0.9397
1752868966.9644 2.7969 50.7725 1.2688 0.0223 -0.0298 0.3398 0.9398
1752868967.0653 2.8298 50.8130 1.2658 0.0223 -0.0298 0.3401 0.9396
1752868967.1661 2.8575 50.8399 1.2646 0.0223 -0.0299 0.3407 0.9394
1752868967.2670 2.8888 50.8474 1.2667 0.0223 -0.0301 0.3413 0.9392
1752868967.3679 2.9307 50.9013 1.2863 0.0222 -0.0301 0.3417 0.9391
1752868967.4687 2.9595 50.9366 1.2990 0.0220 -0.0300 0.3429 0.9386
1752868967.5696 2.9976 50.9813 1.3067 0.0220 -0.0299 0.3444 0.9381
1752868967.6704 3.0544 51.0617 1.2956 0.0222 -0.0300 0.3454 0.9377
1752868967.7713 3.0796 51.1107 1.2887 0.0222 -0.0302 0.3462 0.9374
1752868967.8722 3.0856 51.1468 1.2933 0.0223 -0.0304 0.3470 0.9371
1752868967.9730 3.1153 51.1569 1.3031 0.0221 -0.0304 0.3484 0.9366
1752868968.0739 3.1850 51.2079 1.3140 0.0220 -0.0304 0.3498 0.9361
1752868968.1747 3.2245 51.2242 1.3233 0.0219 -0.0303 0.3513 0.9355
1752868968.2756 3.2596 51.2857 1.3408 0.0218 -0.0302 0.3517 0.9354
1752868968.3765 3.2709 51.3294 1.3277 0.0220 -0.0303 0.3520 0.9352
1752868968.4773 3.3488 51.3811 1.3341 0.0220 -0.0305 0.3522 0.9352
1752868968.5782 3.4105 51.4242 1.3589 0.0217 -0.0304 0.3527 0.9350
1752868968.6790 3.4531 51.4560 1.3697 0.0216 -0.0305 0.3535 0.9347
1752868968.7799 3.4714 51.4845 1.3709 0.0217 -0.0305 0.3546 0.9343
1752868968.8808 3.4232 51.5145 1.3681 0.0218 -0.0304 0.3550 0.9341
1752868968.9816 3.4284 51.5760 1.3715 0.0218 -0.0304 0.3550 0.9341
1752868969.0825 3.5251 51.6335 1.3705 0.0218 -0.0306 0.3556 0.9339
1752868969.1833 3.6495 51.6891 1.3771 0.0218 -0.0309 0.3563 0.9336
1752868969.2842 3.6945 51.7178 1.3950 0.0217 -0.0307 0.3567 0.9335
1752868969.3851 3.6793 51.7352 1.4049 0.0217 -0.0306 0.3563 0.9336
1752868969.4859 3.6817 51.7486 1.3996 0.0219 -0.0306 0.3550 0.9341
1752868969.5868 3.7364 51.7912 1.3912 0.0220 -0.0308 0.3533 0.9347
1752868969.6876 3.8073 51.8619 1.3983 0.0220 -0.0308 0.3508 0.9357
1752868969.7885 3.8759 51.9319 1.4249 0.0220 -0.0305 0.3474 0.9369
1752868969.8893 3.9130 51.9662 1.4409 0.0221 -0.0303 0.3435 0.9384
1752868969.9902 3.9439 51.9808 1.4360 0.0223 -0.0304 0.3400 0.9397
1752868970.0911 3.9241 51.9520 1.4277 0.0224 -0.0305 0.3377 0.9405
1752868970.1919 3.9785 52.0402 1.4606 0.0223 -0.0302 0.3345 0.9417
1752868970.2928 4.0649 52.1184 1.4677 0.0224 -0.0301 0.3315 0.9427
1752868970.3937 4.1193 52.1661 1.4540 0.0226 -0.0303 0.3294 0.9434
1752868970.4945 4.1694 52.1882 1.4572 0.0227 -0.0304 0.3276 0.9440
1752868970.5954 4.1993 52.1608 1.4674 0.0226 -0.0303 0.3262 0.9445
1752868970.6962 4.2333 52.1656 1.4769 0.0226 -0.0302 0.3244 0.9452
1752868970.7971 4.2870 52.2073 1.4868 0.0227 -0.0300 0.3217 0.9461
1752868970.8979 4.3378 52.2704 1.4884 0.0229 -0.0301 0.3171 0.9476
1752868970.9988 4.3951 52.3492 1.4944 0.0231 -0.0302 0.3104 0.9498
1752868971.0997 4.4227 52.3585 1.4928 0.0233 -0.0300 0.3024 0.9524
1752868971.2005 4.4622 52.3473 1.4964 0.0236 -0.0296 0.2941 0.9550
1752868971.3014 4.5305 52.3647 1.5154 0.0238 -0.0292 0.2850 0.9578
1752868971.4023 4.6238 52.4551 1.5268 0.0241 -0.0293 0.2758 0.9605
1752868971.5031 4.6601 52.4888 1.5002 0.0246 -0.0296 0.2676 0.9628
1752868971.6040 4.6807 52.4803 1.4843 0.0250 -0.0295 0.2592 0.9650
1752868971.7048 4.6748 52.4472 1.5010 0.0251 -0.0290 0.2504 0.9674
1752868971.8057 4.7734 52.4407 1.5377 0.0251 -0.0284 0.2415 0.9697
1752868971.9065 4.8416 52.4404 1.5403 0.0255 -0.0281 0.2320 0.9720
1752868972.0074 4.8891 52.4834 1.5314 0.0258 -0.0279 0.2214 0.9744
1752868972.1083 4.9567 52.5018 1.5300 0.0260 -0.0278 0.2100 0.9770
1752868972.2091 5.0036 52.4769 1.5226 0.0264 -0.0277 0.1973 0.9796
1752868972.3100 5.0206 52.4107 1.5328 0.0267 -0.0273 0.1840 0.9822
1752868972.4108 5.0402 52.3997 1.5413 0.0272 -0.0266 0.1685 0.9850
1752868972.5117 5.1271 52.4352 1.5643 0.0276 -0.0259 0.1515 0.9877
1752868972.6126 5.2327 52.4571 1.5562 0.0281 -0.0256 0.1332 0.9904
1752868972.7134 5.2881 52.3772 1.5408 0.0286 -0.0254 0.1146 0.9927
1752868972.8143 5.3163 52.3094 1.5320 0.0289 -0.0250 0.0955 0.9947
1752868972.9151 5.3955 52.3406 1.5547 0.0292 -0.0243 0.0749 0.9965
1752868973.0160 5.4941 52.3259 1.5532 0.0297 -0.0237 0.0551 0.9978
1752868973.1169 5.5871 52.2943 1.5572 0.0302 -0.0232 0.0357 0.9986
1752868973.2177 5.6478 52.2440 1.5648 0.0305 -0.0227 0.0173 0.9991
1752868973.3186 5.6838 52.2359 1.5707 0.0308 -0.0221 -0.0011 0.9993
1752868973.4194 5.7547 52.2550 1.5759 0.0312 -0.0215 -0.0195 0.9991
1752868973.5203 5.8706 52.2722 1.5796 0.0316 -0.0211 -0.0371 0.9986
1752868973.6212 5.9777 52.2328 1.5814 0.0320 -0.0207 -0.0531 0.9979
1752868973.7220 6.0204 52.1434 1.5848 0.0322 -0.0203 -0.0679 0.9970
1752868973.8229 6.0561 52.0535 1.5848 0.0324 -0.0199 -0.0824 0.9959
1752868973.9237 6.1132 52.0396 1.5831 0.0327 -0.0194 -0.0973 0.9945
1752868974.0246 6.1956 52.0741 1.6036 0.0329 -0.0188 -0.1130 0.9929
1752868974.1255 6.2802 52.0797 1.6324 0.0330 -0.0183 -0.1289 0.9909
1752868974.2263 6.3382 52.0239 1.6215 0.0334 -0.0180 -0.1439 0.9889
1752868974.3272 6.3972 51.9160 1.6145 0.0335 -0.0176 -0.1587 0.9866
1752868974.4280 6.4460 51.8244 1.5999 0.0339 -0.0172 -0.1718 0.9844
1752868974.5289 6.5154 51.7780 1.5935 0.0342 -0.0170 -0.1828 0.9824
1752868974.6298 6.5896 51.7908 1.6181 0.0341 -0.0166 -0.1906 0.9809
1752868974.7306 6.6283 51.7895 1.6305 0.0340 -0.0164 -0.1956 0.9800
1752868974.8315 6.6782 51.7667 1.6211 0.0343 -0.0164 -0.1990 0.9793
1752868974.9323 6.7547 51.7361 1.6232 0.0345 -0.0165 -0.2015 0.9787
1752868975.0332 6.8126 51.6844 1.6209 0.0345 -0.0165 -0.2033 0.9784
1752868975.1341 6.8620 51.6399 1.6280 0.0342 -0.0164 -0.2053 0.9780
1752868975.2349 6.9158 51.6330 1.6327 0.0341 -0.0163 -0.2063 0.9778
1752868975.3358 6.9596 51.6383 1.6309 0.0342 -0.0165 -0.2054 0.9779
1752868975.4366 7.0051 51.6015 1.6328 0.0343 -0.0167 -0.2021 0.9786
1752868975.5375 7.0569 51.5598 1.6275 0.0343 -0.0170 -0.1970 0.9797
1752868975.6384 7.1244 51.5537 1.6399 0.0340 -0.0172 -0.1906 0.9809
1752868975.7392 7.2144 51.5513 1.6407 0.0337 -0.0176 -0.1806 0.9828
1752868975.8401 7.2961 51.5433 1.6383 0.0333 -0.0182 -0.1671 0.9852
1752868975.9409 7.3731 51.5773 1.6571 0.0331 -0.0189 -0.1526 0.9876
1752868976.0418 7.4337 51.6226 1.6690 0.0329 -0.0194 -0.1388 0.9896
1752868976.1427 7.4736 51.6265 1.6693 0.0327 -0.0198 -0.1266 0.9912
1752868976.2435 7.5434 51.6278 1.6689 0.0324 -0.0201 -0.1158 0.9925
1752868976.3444 7.6422 51.6416 1.6826 0.0319 -0.0205 -0.1057 0.9937
1752868976.4452 7.7175 51.6579 1.6891 0.0318 -0.0211 -0.0943 0.9948
1752868976.5461 7.7917 51.6663 1.6968 0.0317 -0.0215 -0.0817 0.9959
1752868976.6470 7.8551 51.6898 1.7030 0.0314 -0.0219 -0.0696 0.9968
1752868976.7478 7.9026 51.7027 1.6988 0.0312 -0.0222 -0.0576 0.9976
1752868976.8487 7.9615 51.7441 1.6999 0.0309 -0.0227 -0.0454 0.9982
1752868976.9495 8.0145 51.7742 1.7263 0.0308 -0.0231 -0.0317 0.9988
1752868977.0504 8.0666 51.7559 1.7327 0.0306 -0.0238 -0.0170 0.9991
1752868977.1513 8.1350 51.8006 1.7463 0.0303 -0.0243 -0.0030 0.9992
1752868977.2521 8.2116 51.8409 1.7381 0.0298 -0.0247 0.0110 0.9992
1752868977.3530 8.2409 51.8748 1.7375 0.0292 -0.0249 0.0245 0.9990
1752868977.4538 8.2694 51.9205 1.7465 0.0288 -0.0253 0.0380 0.9985
1752868977.5547 8.3348 51.9391 1.7699 0.0286 -0.0259 0.0516 0.9979
1752868977.6556 8.4518 52.0057 1.7807 0.0286 -0.0265 0.0633 0.9972
1752868977.7564 8.5113 52.0683 1.7752 0.0285 -0.0270 0.0730 0.9966
1752868977.8573 8.5108 52.1042 1.7554 0.0284 -0.0272 0.0810 0.9959
1752868977.9581 8.5294 52.0820 1.7431 0.0280 -0.0274 0.0893 0.9952
1752868978.0590 8.5922 52.0788 1.7653 0.0273 -0.0276 0.0983 0.9944
1752868978.1599 8.6699 52.1389 1.7966 0.0271 -0.0279 0.1085 0.9933
1752868978.2607 8.7658 52.2224 1.8119 0.0272 -0.0284 0.1189 0.9921
1752868978.3616 8.8103 52.2346 1.7910 0.0271 -0.0290 0.1304 0.9907
1752868978.4624 8.8177 52.2565 1.7834 0.0264 -0.0292 0.1409 0.9892
1752868978.5633 8.8372 52.2983 1.7934 0.0260 -0.0293 0.1509 0.9878
1752868978.6642 8.8751 52.3213 1.8124 0.0261 -0.0296 0.1615 0.9861
1752868978.7650 8.9213 52.3536 1.8041 0.0260 -0.0302 0.1742 0.9839
1752868978.8659 8.9878 52.3892 1.7984 0.0254 -0.0306 0.1885 0.9813
1752868978.9667 9.0590 52.4658 1.8181 0.0247 -0.0310 0.2031 0.9783
1752868979.0676 9.0836 52.5424 1.8355 0.0242 -0.0315 0.2174 0.9753
1752868979.1685 9.1090 52.5983 1.8447 0.0241 -0.0320 0.2317 0.9720
1752868979.2693 9.1193 52.6036 1.8297 0.0237 -0.0323 0.2451 0.9687
1752868979.3702 9.1467 52.6153 1.8633 0.0228 -0.0320 0.2572 0.9656
1752868979.4710 9.1677 52.6544 1.8787 0.0221 -0.0322 0.2698 0.9621
1752868979.5719 9.2121 52.7560 1.8729 0.0220 -0.0331 0.2835 0.9582
1752868979.6728 9.2505 52.8384 1.8413 0.0221 -0.0341 0.2979 0.9537
1752868979.7736 9.2551 52.8943 1.8339 0.0218 -0.0343 0.3129 0.9489
1752868979.8745 9.2561 52.9107 1.8419 0.0209 -0.0344 0.3283 0.9437
1752868979.9753 9.2590 52.9610 1.8549 0.0202 -0.0347 0.3441 0.9381
1752868980.0762 9.2473 53.0051 1.8662 0.0194 -0.0351 0.3620 0.9313
1752868980.1771 9.2639 53.0106 1.8703 0.0188 -0.0356 0.3827 0.9230
1752868980.2779 9.2456 53.0687 1.8810 0.0183 -0.0358 0.4024 0.9146
1752868980.3788 9.2662 53.1838 1.8769 0.0180 -0.0364 0.4205 0.9064
1752868980.4796 9.2244 53.2155 1.8672 0.0175 -0.0368 0.4365 0.8988
1752868980.5805 9.2023 53.2293 1.8958 0.0167 -0.0367 0.4508 0.8917
1752868980.6814 9.2029 53.1782 1.9094 0.0156 -0.0368 0.4652 0.8843
1752868980.7822 9.2287 53.1835 1.8912 0.0149 -0.0374 0.4784 0.8772
1752868980.8831 9.2215 53.2579 1.8682 0.0148 -0.0378 0.4897 0.8709
1752868980.9839 9.1351 53.2819 1.8589 0.0147 -0.0379 0.4999 0.8651
1752868981.0848 9.0343 53.2613 1.8613 0.0144 -0.0378 0.5108 0.8588
1752868981.1857 9.0104 53.2330 1.8747 0.0137 -0.0378 0.5229 0.8515
1752868981.2865 9.0400 53.2305 1.8838 0.0127 -0.0380 0.5352 0.8438
1752868981.3874 9.0495 53.2155 1.8662 0.0121 -0.0385 0.5473 0.8359
1752868981.4882 9.0148 53.1919 1.8330 0.0118 -0.0388 0.5582 0.8287
1752868981.5891 8.9628 53.1600 1.8253 0.0117 -0.0390 0.5684 0.8218
1752868981.6900 8.9191 53.1307 1.8270 0.0111 -0.0388 0.5782 0.8149
1752868981.7908 8.8880 53.1364 1.8383 0.0104 -0.0387 0.5885 0.8075
1752868981.8917 8.8957 53.1465 1.8472 0.0098 -0.0389 0.5990 0.7997
1752868981.9925 8.9233 53.1185 1.8365 0.0092 -0.0392 0.6096 0.7917
1752868982.0934 8.9054 53.0626 1.8406 0.0090 -0.0392 0.6182 0.7850
1752868982.1943 8.8667 53.0507 1.8435 0.0090 -0.0392 0.6229 0.7813
1752868982.2951 8.8175 53.0456 1.8390 0.0087 -0.0390 0.6272 0.7779
1752868982.3960 8.7884 53.0570 1.8251 0.0083 -0.0391 0.6339 0.7724
1752868982.4968 8.7889 53.0386 1.8194 0.0077 -0.0393 0.6433 0.7646
1752868982.5977 8.7773 52.9561 1.8051 0.0073 -0.0397 0.6533 0.7560
1752868982.6986 8.7821 52.8682 1.8030 0.0068 -0.0398 0.6626 0.7479
1752868982.7994 8.7734 52.8431 1.7999 0.0064 -0.0397 0.6699 0.7413
1752868982.9003 8.7262 52.8869 1.7992 0.0062 -0.0396 0.6750 0.7368
1752868983.0011 8.7285 52.9135 1.8032 0.0057 -0.0396 0.6788 0.7332
1752868983.1020 8.7388 52.8606 1.7845 0.0054 -0.0399 0.6824 0.7299
1752868983.2029 8.7509 52.7351 1.7710 0.0055 -0.0402 0.6843 0.7281
1752868983.3037 8.7452 52.6245 1.7773 0.0057 -0.0400 0.6824 0.7299
1752868983.4046 8.7508 52.6208 1.7942 0.0059 -0.0397 0.6775 0.7345
1752868983.5054 8.7391 52.6547 1.8223 0.0060 -0.0390 0.6712 0.7402
1752868983.6063 8.7473 52.6146 1.8368 0.0063 -0.0387 0.6636 0.7471
1752868983.7072 8.7816 52.4992 1.8012 0.0067 -0.0392 0.6554 0.7543
1752868983.8080 8.8331 52.4111 1.7780 0.0073 -0.0395 0.6465 0.7618
1752868983.9089 8.8539 52.3999 1.7854 0.0078 -0.0395 0.6361 0.7705
1752868984.0097 8.8420 52.4244 1.7946 0.0082 -0.0390 0.6238 0.7806
1752868984.1106 8.8740 52.4426 1.8007 0.0088 -0.0387 0.6109 0.7907
1752868984.2115 8.9105 52.4001 1.8065 0.0095 -0.0386 0.5986 0.8000
1752868984.3123 8.8993 52.3204 1.8111 0.0100 -0.0384 0.5865 0.8090
1752868984.4132 8.9262 52.2588 1.8176 0.0105 -0.0381 0.5727 0.8188
1752868984.5140 8.9406 52.2145 1.8094 0.0112 -0.0379 0.5576 0.8291
1752868984.6149 8.9514 52.1749 1.8057 0.0120 -0.0377 0.5409 0.8402
1752868984.7158 8.9574 52.1624 1.8024 0.0127 -0.0374 0.5216 0.8523
1752868984.8166 9.0513 52.1322 1.8146 0.0135 -0.0370 0.5004 0.8649
1752868984.9175 9.0696 52.0934 1.8157 0.0144 -0.0366 0.4783 0.8773
1752868985.0183 9.0848 52.0571 1.8029 0.0153 -0.0364 0.4573 0.8885
1752868985.1192 9.1570 52.0170 1.8113 0.0159 -0.0360 0.4385 0.8979
1752868985.2201 9.1891 52.0187 1.8298 0.0166 -0.0357 0.4232 0.9052
1752868985.3209 9.1661 51.9885 1.8220 0.0172 -0.0355 0.4108 0.9109
1752868985.4218 9.1532 51.9219 1.8072 0.0174 -0.0352 0.4006 0.9154
1752868985.5226 9.1945 51.9337 1.8089 0.0173 -0.0350 0.3928 0.9188
1752868985.6235 9.2403 51.9655 1.8179 0.0174 -0.0350 0.3889 0.9204
1752868985.7244 9.2511 51.9720 1.8161 0.0177 -0.0353 0.3898 0.9201
1752868985.8252 9.2154 51.9065 1.8078 0.0177 -0.0353 0.3945 0.9180
1752868985.9261 9.1500 51.8689 1.7972 0.0174 -0.0354 0.4009 0.9153
1752868986.0269 9.1281 51.8756 1.8017 0.0170 -0.0354 0.4087 0.9118
1752868986.1278 9.1250 51.9099 1.7976 0.0166 -0.0356 0.4169 0.9081
1752868986.2287 9.0920 51.8867 1.8103 0.0163 -0.0356 0.4271 0.9034
1752868986.3295 9.0286 51.8403 1.8142 0.0157 -0.0355 0.4392 0.8976
1752868986.4304 8.9825 51.8029 1.8121 0.0151 -0.0356 0.4516 0.8914
1752868986.5312 8.9982 51.7909 1.7934 0.0146 -0.0361 0.4650 0.8844
1752868986.6321 8.9966 51.7987 1.7838 0.0143 -0.0366 0.4786 0.8771
1752868986.7330 8.9589 51.7860 1.7873 0.0138 -0.0367 0.4937 0.8688
1752868986.8338 8.8871 51.7549 1.7966 0.0128 -0.0367 0.5111 0.8587
1752868986.9347 8.8184 51.7165 1.7902 0.0119 -0.0369 0.5295 0.8474
1752868987.0355 8.7766 51.7152 1.7593 0.0113 -0.0375 0.5478 0.8357
1752868987.1364 8.7264 51.7291 1.7544 0.0105 -0.0376 0.5670 0.8228
1752868987.2373 8.6756 51.7104 1.7549 0.0099 -0.0380 0.5860 0.8094
1752868987.3381 8.6099 51.6637 1.7699 0.0090 -0.0379 0.6047 0.7955
1752868987.4390 8.5385 51.6067 1.7701 0.0081 -0.0379 0.6230 0.7813
1752868987.5398 8.5290 51.5750 1.7338 0.0072 -0.0387 0.6414 0.7662
1752868987.6407 8.5086 51.5671 1.7216 0.0061 -0.0388 0.6590 0.7511
1752868987.7416 8.4810 51.5872 1.7253 0.0052 -0.0388 0.6771 0.7349
1752868987.8424 8.4272 51.5112 1.7224 0.0045 -0.0389 0.6963 0.7167
1752868987.9433 8.3714 51.4515 1.7179 0.0035 -0.0389 0.7153 0.6977
1752868988.0441 8.3002 51.4035 1.7437 0.0021 -0.0382 0.7340 0.6781
1752868988.1450 8.2767 51.3886 1.7358 0.0009 -0.0382 0.7516 0.6585
1752868988.2459 8.1768 51.3629 1.6981 0.0000 -0.0383 0.7675 0.6399
1752868988.3467 8.1125 51.2750 1.6649 -0.0005 -0.0383 0.7812 0.6231
1752868988.4476 8.1324 51.2269 1.6982 -0.0011 -0.0380 0.7926 0.6086
1752868988.5484 8.1895 51.1892 1.7184 -0.0018 -0.0382 0.8009 0.5976
1752868988.6493 8.1553 51.1595 1.7150 -0.0022 -0.0381 0.8059 0.5908
1752868988.7502 8.1266 51.1226 1.6930 -0.0023 -0.0382 0.8091 0.5865
1752868988.8510 8.1344 51.0592 1.6745 -0.0025 -0.0385 0.8105 0.5845
1752868988.9519 8.1799 51.0230 1.7018 -0.0027 -0.0381 0.8105 0.5845
1752868989.0527 8.2000 50.9335 1.7140 -0.0025 -0.0378 0.8093 0.5861
1752868989.1536 8.1836 50.8939 1.7012 -0.0023 -0.0377 0.8071 0.5892
1752868989.2545 8.2107 50.9282 1.6728 -0.0022 -0.0383 0.8044 0.5929
1752868989.3553 8.2898 50.9245 1.6551 -0.0021 -0.0389 0.8020 0.5960
1752868989.4562 8.3297 50.8254 1.6709 -0.0022 -0.0385 0.7989 0.6002
1752868989.5570 8.3264 50.7221 1.6752 -0.0021 -0.0382 0.7950 0.6053
1752868989.6579 8.3085 50.7037 1.6699 -0.0016 -0.0381 0.7904 0.6114
1752868989.7588 8.3465 50.7503 1.6819 -0.0009 -0.0385 0.7841 0.6194
1752868989.8596 8.4017 50.7201 1.6834 -0.0005 -0.0386 0.7771 0.6282
1752868989.9605 8.4201 50.6498 1.6710 -0.0005 -0.0385 0.7694 0.6376
1752868990.0613 8.4360 50.5741 1.6631 -0.0001 -0.0384 0.7617 0.6468
1752868990.1622 8.4816 50.5465 1.6808 0.0005 -0.0382 0.7541 0.6557
1752868990.2631 8.5226 50.5058 1.6984 0.0011 -0.0381 0.7464 0.6644
1752868990.3639 8.5950 50.4845 1.6909 0.0011 -0.0382 0.7404 0.6711
1752868990.4648 8.6322 50.4701 1.6939 0.0009 -0.0380 0.7382 0.6735
1752868990.5656 8.6191 50.4758 1.6904 0.0011 -0.0383 0.7387 0.6729
1752868990.6665 8.5885 50.4583 1.7018 0.0012 -0.0381 0.7394 0.6722
1752868990.7674 8.5715 50.3950 1.7062 0.0010 -0.0376 0.7398 0.6718
1752868990.8682 8.5677 50.2998 1.6952 0.0007 -0.0376 0.7405 0.6710
1752868990.9691 8.5731 50.2654 1.6756 0.0008 -0.0379 0.7420 0.6694
1752868991.0699 8.5711 50.2318 1.6802 0.0005 -0.0379 0.7470 0.6638
1752868991.1708 8.5572 50.2556 1.6866 0.0001 -0.0379 0.7548 0.6549
1752868991.2717 8.5249 50.2388 1.6694 -0.0002 -0.0379 0.7618 0.6468
1752868991.3725 8.4665 50.1451 1.6188 -0.0005 -0.0381 0.7667 0.6409
1752868991.4734 8.4092 50.0504 1.5820 -0.0006 -0.0382 0.7708 0.6360
1752868991.5742 8.3803 49.9723 1.5670 -0.0009 -0.0381 0.7764 0.6291
1752868991.6751 8.4319 50.0179 1.5928 -0.0016 -0.0382 0.7853 0.6179
1752868991.7760 8.4941 50.0874 1.6303 -0.0024 -0.0384 0.7951 0.6053
1752868991.8768 8.4332 50.0253 1.6001 -0.0030 -0.0384 0.8031 0.5947
1752868991.9777 8.2924 49.8704 1.5596 -0.0032 -0.0379 0.8100 0.5852
1752868992.0785 8.2179 49.8221 1.4855 -0.0033 -0.0385 0.8155 0.5775
1752868992.1794 8.2287 49.8315 1.4656 -0.0034 -0.0392 0.8207 0.5700
1752868992.2803 8.3372 49.8635 1.4823 -0.0040 -0.0396 0.8269 0.5610
1752868992.3811 8.4409 49.8639 1.5287 -0.0049 -0.0394 0.8328 0.5522
1752868992.4820 8.3716 49.8267 1.4851 -0.0050 -0.0399 0.8365 0.5464
1752868992.5828 8.2135 49.6942 1.4094 -0.0047 -0.0409 0.8395 0.5418
1752868992.6837 8.1022 49.5411 1.3454 -0.0045 -0.0416 0.8431 0.5361
1752868992.7846 8.1415 49.4871 1.3309 -0.0047 -0.0418 0.8471 0.5297
1752868992.8854 8.2523 49.4926 1.3291 -0.0051 -0.0422 0.8509 0.5237
1752868992.9863 8.2940 49.4626 1.3493 -0.0057 -0.0419 0.8550 0.5169
1752868993.0871 8.3165 49.4964 1.4162 -0.0066 -0.0402 0.8619 0.5054
1752868993.1880 8.3770 49.7056 1.5597 -0.0070 -0.0379 0.8695 0.4925
1752868993.2889 8.4492 49.8794 1.6244 -0.0072 -0.0370 0.8726 0.4869
1752868993.3897 8.4554 49.7826 1.5267 -0.0069 -0.0386 0.8681 0.4948
1752868993.4906 8.4633 49.5312 1.4615 -0.0065 -0.0396 0.8624 0.5046
1752868993.5914 8.4970 49.4288 1.4789 -0.0065 -0.0392 0.8586 0.5111
1752868993.6923 8.6448 49.5416 1.5841 -0.0065 -0.0378 0.8563 0.5151
1752868993.7932 8.8158 49.8690 1.6655 -0.0061 -0.0371 0.8517 0.5227
1752868993.8940 8.7342 49.9766 1.5920 -0.0051 -0.0383 0.8411 0.5396
1752868993.9949 8.5800 49.8258 1.4728 -0.0039 -0.0398 0.8282 0.5589
1752868994.0957 8.5124 49.5187 1.4019 -0.0029 -0.0408 0.8176 0.5743
1752868994.1966 8.5834 49.4641 1.4499 -0.0025 -0.0401 0.8114 0.5831
1752868994.2975 8.7645 49.6322 1.5320 -0.0026 -0.0389 0.8085 0.5872
1752868994.3983 8.8615 49.8088 1.5705 -0.0026 -0.0386 0.8047 0.5925
1752868994.4992 8.7866 49.7736 1.5217 -0.0021 -0.0396 0.7985 0.6006
1752868994.6000 8.6209 49.5545 1.4443 -0.0012 -0.0407 0.7914 0.6099
1752868994.7009 8.5866 49.3758 1.4226 -0.0008 -0.0407 0.7870 0.6156
1752868994.8018 8.6486 49.3937 1.4645 -0.0009 -0.0398 0.7871 0.6156
1752868994.9026 8.7380 49.4795 1.5126 -0.0014 -0.0390 0.7889 0.6132
1752868995.0035 8.7369 49.4830 1.5086 -0.0016 -0.0390 0.7892 0.6129
1752868995.1043 8.6744 49.4544 1.4699 -0.0013 -0.0398 0.7870 0.6156
1752868995.2052 8.6506 49.3949 1.4400 -0.0010 -0.0403 0.7841 0.6194
1752868995.3061 8.6451 49.3558 1.4444 -0.0008 -0.0402 0.7814 0.6227
1752868995.4069 8.6401 49.2974 1.4744 -0.0006 -0.0397 0.7777 0.6273
1752868995.5078 8.7119 49.3007 1.4819 -0.0005 -0.0394 0.7709 0.6357
1752868995.6086 8.8114 49.2778 1.4826 -0.0002 -0.0387 0.7638 0.6442
1752868995.7095 8.9338 49.2137 1.4772 0.0002 -0.0391 0.7569 0.6524
1752868995.8104 8.9484 49.1875 1.4718 0.0007 -0.0398 0.7530 0.6568
1752868995.9112 8.8720 49.1328 1.4684 0.0008 -0.0402 0.7538 0.6559
1752868996.0121 8.8729 49.0799 1.4554 0.0004 -0.0398 0.7570 0.6522
1752868996.1129 8.9175 49.0437 1.4525 -0.0001 -0.0392 0.7620 0.6464
1752868996.2138 8.9225 49.0708 1.4636 -0.0007 -0.0391 0.7689 0.6382
1752868996.3147 8.8996 49.0838 1.4688 -0.0011 -0.0394 0.7761 0.6293
1752868996.4155 8.8859 49.0871 1.4564 -0.0012 -0.0399 0.7833 0.6204
1752868996.5164 8.8693 49.1044 1.4477 -0.0015 -0.0400 0.7905 0.6111
1752868996.6172 8.8774 48.9709 1.4425 -0.0022 -0.0397 0.7969 0.6028
1752868996.7181 8.9159 48.8193 1.4477 -0.0029 -0.0390 0.8023 0.5956
1752868996.8189 8.9909 48.7299 1.4542 -0.0033 -0.0388 0.8071 0.5891
1752868996.9198 8.9688 48.7769 1.4457 -0.0035 -0.0392 0.8120 0.5823
1752868997.0207 8.9118 48.8142 1.4150 -0.0035 -0.0397 0.8172 0.5749
1752868997.1215 8.9147 48.7686 1.4072 -0.0038 -0.0396 0.8227 0.5671
1752868997.2224 8.9418 48.7178 1.4263 -0.0045 -0.0390 0.8290 0.5578
1752868997.3232 8.9552 48.6606 1.4486 -0.0054 -0.0386 0.8358 0.5476
1752868997.4241 8.9177 48.6384 1.4433 -0.0058 -0.0386 0.8428 0.5368
1752868997.5250 8.8854 48.6029 1.4244 -0.0060 -0.0388 0.8498 0.5257
1752868997.6258 8.8835 48.6342 1.4062 -0.0063 -0.0388 0.8572 0.5135
1752868997.7267 8.9377 48.6184 1.3996 -0.0070 -0.0388 0.8655 0.4993
1752868997.8275 8.9345 48.5265 1.4013 -0.0081 -0.0386 0.8752 0.4822
1752868997.9284 8.9686 48.4092 1.4061 -0.0091 -0.0382 0.8852 0.4635
1752868998.0293 8.9327 48.3469 1.4011 -0.0099 -0.0380 0.8951 0.4440
1752868998.1301 8.8674 48.3483 1.3957 -0.0105 -0.0378 0.9049 0.4238
1752868998.2310 8.8503 48.3489 1.3855 -0.0114 -0.0376 0.9142 0.4034
1752868998.3319 8.8497 48.2785 1.3880 -0.0121 -0.0372 0.9223 0.3845
1752868998.4327 8.8779 48.1754 1.3835 -0.0130 -0.0369 0.9292 0.3676
1752868998.5336 8.8870 48.0789 1.3850 -0.0137 -0.0366 0.9353 0.3518
1752868998.6344 8.9089 48.0747 1.3950 -0.0143 -0.0363 0.9405 0.3374
1752868998.7353 8.9525 48.0898 1.4004 -0.0150 -0.0363 0.9450 0.3247
1752868998.8361 8.9988 48.0891 1.3853 -0.0155 -0.0364 0.9494 0.3116
1752868998.9370 8.9933 47.9766 1.3724 -0.0159 -0.0361 0.9536 0.2983
1752868999.0379 8.9709 47.8616 1.3678 -0.0162 -0.0357 0.9578 0.2848
1752868999.1387 8.9773 47.7942 1.3791 -0.0168 -0.0351 0.9616 0.2718
1752868999.2396 9.0168 47.8103 1.3853 -0.0175 -0.0349 0.9648 0.2603
1752868999.3404 9.0704 47.8679 1.3798 -0.0180 -0.0350 0.9675 0.2498
1752868999.4413 9.1119 47.8640 1.3759 -0.0183 -0.0349 0.9697 0.2409
1752868999.5422 9.1103 47.8346 1.3771 -0.0185 -0.0347 0.9717 0.2330
1752868999.6430 9.1399 47.7692 1.3909 -0.0186 -0.0346 0.9734 0.2258
1752868999.7439 9.1686 47.6962 1.4014 -0.0188 -0.0346 0.9748 0.2196
1752868999.8447 9.1964 47.6691 1.4026 -0.0191 -0.0345 0.9762 0.2131
1752868999.9456 9.2256 47.6840 1.3942 -0.0195 -0.0342 0.9778 0.2056
1752869000.0465 9.2670 47.6931 1.3894 -0.0198 -0.0343 0.9794 0.1982
1752869000.1473 9.2891 47.6421 1.3912 -0.0199 -0.0343 0.9808 0.1908
1752869000.2482 9.2838 47.5334 1.4066 -0.0200 -0.0341 0.9822 0.1838
1752869000.3490 9.3224 47.4975 1.4171 -0.0203 -0.0335 0.9834 0.1772
1752869000.4499 9.3580 47.5129 1.4285 -0.0207 -0.0330 0.9843 0.1719
1752869000.5508 9.3903 47.5589 1.3915 -0.0208 -0.0333 0.9850 0.1680
1752869000.6516 9.3919 47.5448 1.3786 -0.0208 -0.0337 0.9852 0.1665
1752869000.7525 9.3880 47.4921 1.3758 -0.0205 -0.0340 0.9850 0.1681
1752869000.8533 9.3563 47.4233 1.4242 -0.0203 -0.0334 0.9841 0.1733
1752869000.9542 9.3688 47.4525 1.4432 -0.0203 -0.0331 0.9826 0.1817
1752869001.0551 9.4863 47.5650 1.4164 -0.0201 -0.0335 0.9805 0.1925
1752869001.1559 9.6064 47.6009 1.4074 -0.0199 -0.0339 0.9782 0.2039
1752869001.2568 9.6708 47.5698 1.4155 -0.0195 -0.0346 0.9758 0.2151
1752869001.3576 9.6949 47.5327 1.4366 -0.0190 -0.0351 0.9735 0.2252
1752869001.4585 9.6023 47.5580 1.4247 -0.0186 -0.0351 0.9714 0.2341
1752869001.5594 9.5787 47.5364 1.4126 -0.0183 -0.0348 0.9691 0.2434
1752869001.6602 9.6597 47.5660 1.3997 -0.0180 -0.0350 0.9661 0.2552
1752869001.7611 9.7705 47.5719 1.3997 -0.0177 -0.0354 0.9624 0.2687
1752869001.8619 9.8782 47.5720 1.4175 -0.0174 -0.0358 0.9587 0.2816
1752869001.9628 9.9136 47.6233 1.4335 -0.0168 -0.0362 0.9554 0.2927
1752869002.0637 9.9041 47.6093 1.4359 -0.0163 -0.0361 0.9523 0.3026
1752869002.1645 9.8736 47.5888 1.4253 -0.0159 -0.0360 0.9486 0.3139
1752869002.2654 9.8974 47.5563 1.3964 -0.0155 -0.0361 0.9445 0.3263
1752869002.3662 10.0031 47.5955 1.3961 -0.0151 -0.0365 0.9394 0.3406
1752869002.4671 10.0652 47.6140 1.4268 -0.0144 -0.0372 0.9339 0.3553
1752869002.5680 10.1259 47.6258 1.4494 -0.0138 -0.0374 0.9282 0.3699
1752869002.6688 10.1972 47.6017 1.4593 -0.0135 -0.0374 0.9232 0.3822
1752869002.7697 10.2062 47.5990 1.4432 -0.0130 -0.0376 0.9182 0.3942
1752869002.8705 10.2354 47.5968 1.4141 -0.0128 -0.0379 0.9130 0.4061
1752869002.9714 10.2991 47.5808 1.4159 -0.0123 -0.0381 0.9076 0.4179
1752869003.0723 10.3659 47.6179 1.4364 -0.0117 -0.0381 0.9018 0.4303
1752869003.1731 10.4326 47.5890 1.4634 -0.0112 -0.0382 0.8958 0.4427
1752869003.2740 10.4741 47.5600 1.4755 -0.0106 -0.0386 0.8902 0.4539
1752869003.3748 10.4651 47.4514 1.4742 -0.0103 -0.0383 0.8857 0.4626
1752869003.4757 10.4800 47.3370 1.4465 -0.0103 -0.0381 0.8816 0.4704
1752869003.5766 10.5327 47.3565 1.4225 -0.0100 -0.0384 0.8768 0.4793
1752869003.6774 10.6059 47.4198 1.4322 -0.0096 -0.0387 0.8712 0.4892
1752869003.7783 10.6662 47.4495 1.4567 -0.0091 -0.0388 0.8653 0.4997
1752869003.8791 10.7231 47.4153 1.4723 -0.0085 -0.0388 0.8592 0.5100
1752869003.9800 10.7979 47.4092 1.4828 -0.0082 -0.0388 0.8535 0.5196
1752869004.0809 10.8729 47.4026 1.4823 -0.0081 -0.0390 0.8487 0.5274
1752869004.1817 10.8958 47.3145 1.4738 -0.0079 -0.0392 0.8452 0.5330
1752869004.2826 10.8922 47.1885 1.4768 -0.0076 -0.0389 0.8423 0.5375
1752869004.3834 10.8844 47.0916 1.4725 -0.0075 -0.0387 0.8401 0.5410
1752869004.4843 10.9236 47.1032 1.4678 -0.0075 -0.0388 0.8385 0.5434
1752869004.5852 10.9960 47.1734 1.4680 -0.0074 -0.0390 0.8375 0.5450
1752869004.6860 11.0616 47.2273 1.4682 -0.0073 -0.0394 0.8365 0.5464
1752869004.7869 11.0757 47.1085 1.4762 -0.0072 -0.0393 0.8342 0.5501
1752869004.8877 11.0301 46.9574 1.4781 -0.0073 -0.0387 0.8306 0.5555
1752869004.9886 11.0162 46.9253 1.4713 -0.0071 -0.0383 0.8242 0.5650
1752869005.0895 11.1029 47.0320 1.4638 -0.0063 -0.0387 0.8148 0.5784
1752869005.1903 11.2363 47.0526 1.4687 -0.0055 -0.0393 0.8046 0.5925
1752869005.2912 11.2896 46.9555 1.4727 -0.0050 -0.0396 0.7950 0.6053
1752869005.3920 11.3280 46.8749 1.4762 -0.0045 -0.0393 0.7851 0.6181
1752869005.4929 11.3717 46.8355 1.4893 -0.0042 -0.0390 0.7745 0.6314
1752869005.5938 11.3929 46.8483 1.5033 -0.0033 -0.0390 0.7624 0.6459
1752869005.6946 11.4423 46.8592 1.4925 -0.0026 -0.0393 0.7492 0.6611
1752869005.7955 11.5048 46.8276 1.4699 -0.0019 -0.0398 0.7355 0.6763
1752869005.8963 11.5843 46.7316 1.4726 -0.0012 -0.0400 0.7217 0.6911
1752869005.9972 11.6262 46.6683 1.4868 -0.0004 -0.0399 0.7080 0.7051
1752869006.0981 11.6234 46.6846 1.4842 0.0004 -0.0396 0.6941 0.7187
1752869006.1989 11.6238 46.7178 1.4866 0.0012 -0.0395 0.6806 0.7316
1752869006.2998 11.6828 46.6787 1.5021 0.0019 -0.0395 0.6682 0.7429
1752869006.4006 11.7368 46.6224 1.4912 0.0022 -0.0397 0.6572 0.7527
1752869006.5015 11.7217 46.5721 1.4721 0.0026 -0.0396 0.6465 0.7619
1752869006.6024 11.6968 46.5468 1.4758 0.0034 -0.0396 0.6351 0.7714
1752869006.7032 11.7302 46.5506 1.4868 0.0044 -0.0396 0.6224 0.7817
1752869006.8041 11.7758 46.5634 1.4906 0.0056 -0.0399 0.6097 0.7916
1752869006.9049 11.8360 46.5832 1.5018 0.0066 -0.0402 0.5970 0.8012
1752869007.0058 11.8757 46.5591 1.5191 0.0068 -0.0400 0.5867 0.8088
1752869007.1067 11.8366 46.4426 1.5124 0.0068 -0.0394 0.5777 0.8153
1752869007.2075 11.7990 46.3090 1.5103 0.0068 -0.0391 0.5691 0.8213
1752869007.3084 11.8524 46.2507 1.5112 0.0070 -0.0393 0.5618 0.8263
1752869007.4092 11.8994 46.2553 1.5136 0.0076 -0.0396 0.5584 0.8286
1752869007.5101 11.8890 46.2895 1.5123 0.0079 -0.0396 0.5587 0.8284
1752869007.6110 11.8589 46.2743 1.4997 0.0077 -0.0396 0.5601 0.8275
1752869007.7118 11.8420 46.1935 1.4998 0.0073 -0.0393 0.5620 0.8262
1752869007.8127 11.8294 46.1716 1.5055 0.0071 -0.0392 0.5646 0.8244
1752869007.9135 11.8375 46.1418 1.5008 0.0068 -0.0393 0.5696 0.8209
1752869008.0144 11.8203 46.1285 1.4980 0.0066 -0.0397 0.5771 0.8157
1752869008.1153 11.8146 46.1350 1.5077 0.0060 -0.0396 0.5882 0.8077
1752869008.2161 11.7807 46.1598 1.4978 0.0054 -0.0398 0.6012 0.7981
1752869008.3170 11.6892 46.1088 1.4863 0.0048 -0.0398 0.6163 0.7865
1752869008.4178 11.6455 46.0455 1.4643 0.0039 -0.0397 0.6332 0.7729
1752869008.5187 11.6256 46.0162 1.4594 0.0030 -0.0398 0.6504 0.7585
1752869008.6196 11.6330 46.0176 1.4490 0.0020 -0.0401 0.6688 0.7423
1752869008.7204 11.5729 45.9752 1.4573 0.0010 -0.0400 0.6872 0.7253
1752869008.8213 11.4936 45.9534 1.4649 0.0001 -0.0399 0.7071 0.7060
1752869008.9221 11.4253 45.9042 1.4525 -0.0013 -0.0396 0.7276 0.6849
1752869009.0230 11.3675 45.8514 1.4472 -0.0025 -0.0395 0.7484 0.6620
1752869009.1239 11.2774 45.7799 1.4237 -0.0038 -0.0393 0.7682 0.6389
1752869009.2247 11.2444 45.7417 1.3709 -0.0047 -0.0396 0.7857 0.6173
1752869009.3256 11.1908 45.7406 1.3310 -0.0055 -0.0397 0.8004 0.5981
1752869009.4264 11.1799 45.6940 1.3765 -0.0059 -0.0394 0.8101 0.5849
1752869009.5273 11.1847 45.6173 1.4320 -0.0062 -0.0389 0.8167 0.5757
1752869009.6282 11.2291 45.5261 1.4495 -0.0067 -0.0382 0.8206 0.5702
1752869009.7290 11.2397 45.5175 1.4224 -0.0071 -0.0382 0.8218 0.5685
1752869009.8299 11.2279 45.5508 1.3587 -0.0069 -0.0392 0.8203 0.5706
1752869009.9307 11.2237 45.5321 1.3292 -0.0065 -0.0401 0.8177 0.5742
1752869010.0316 11.2433 45.4785 1.3736 -0.0062 -0.0400 0.8150 0.5781
1752869010.1325 11.2694 45.3823 1.4346 -0.0062 -0.0390 0.8120 0.5823
1752869010.2333 11.3414 45.3452 1.4580 -0.0062 -0.0384 0.8091 0.5864
1752869010.3342 11.3658 45.3699 1.4108 -0.0061 -0.0388 0.8058 0.5908
1752869010.4350 11.3686 45.3732 1.3580 -0.0059 -0.0396 0.8027 0.5950
1752869010.5359 11.3917 45.3223 1.3498 -0.0057 -0.0401 0.7997 0.5990
1752869010.6368 11.4055 45.2305 1.3782 -0.0054 -0.0398 0.7962 0.6037
1752869010.7376 11.4105 45.2437 1.4072 -0.0051 -0.0392 0.7921 0.6091
1752869010.8385 11.4162 45.2810 1.3960 -0.0048 -0.0393 0.7876 0.6149
1752869010.9393 11.4482 45.2560 1.3631 -0.0045 -0.0398 0.7826 0.6212
1752869011.0402 11.4986 45.1941 1.3562 -0.0043 -0.0401 0.7773 0.6278
1752869011.1411 11.5423 45.1981 1.3709 -0.0040 -0.0401 0.7714 0.6350
1752869011.2419 11.5588 45.1804 1.3799 -0.0036 -0.0399 0.7666 0.6409
1752869011.3428 11.5770 45.1552 1.4062 -0.0037 -0.0393 0.7633 0.6449
1752869011.4436 11.5644 45.1040 1.4001 -0.0036 -0.0392 0.7605 0.6481
1752869011.5445 11.5857 45.0516 1.4020 -0.0036 -0.0392 0.7580 0.6511
1752869011.6454 11.5820 45.0117 1.3784 -0.0032 -0.0398 0.7550 0.6545
1752869011.7462 11.5966 44.9809 1.3648 -0.0027 -0.0401 0.7506 0.6596
1752869011.8471 11.6283 44.9939 1.3650 -0.0022 -0.0400 0.7430 0.6681
1752869011.9479 11.6499 44.9715 1.3787 -0.0019 -0.0397 0.7338 0.6782
1752869012.0488 11.6694 44.9154 1.3846 -0.0016 -0.0393 0.7234 0.6894
1752869012.1497 11.6870 44.9109 1.3893 -0.0012 -0.0394 0.7124 0.7006
1752869012.2505 11.7130 44.9387 1.3851 -0.0004 -0.0397 0.7003 0.7127
1752869012.3514 11.7261 44.9497 1.3704 0.0008 -0.0401 0.6859 0.7266
1752869012.4522 11.7891 44.9334 1.3850 0.0016 -0.0399 0.6688 0.7423
1752869012.5531 11.8671 44.9804 1.4015 0.0026 -0.0397 0.6497 0.7592
1752869012.6540 11.9805 44.9778 1.4090 0.0032 -0.0394 0.6295 0.7760
1752869012.7548 12.0619 44.9716 1.3979 0.0038 -0.0394 0.6087 0.7924
1752869012.8557 12.1325 44.9990 1.3782 0.0047 -0.0396 0.5911 0.8056
1752869012.9565 12.1525 44.9988 1.3668 0.0053 -0.0393 0.5764 0.8162
1752869013.0574 12.0696 45.0109 1.3803 0.0065 -0.0391 0.5601 0.8275
1752869013.1583 12.0572 44.9585 1.4134 0.0072 -0.0386 0.5423 0.8393
1752869013.2591 12.1355 44.9353 1.4366 0.0079 -0.0385 0.5234 0.8512
1752869013.3600 12.2683 44.9041 1.4218 0.0087 -0.0390 0.5063 0.8614
1752869013.4608 12.4147 44.9724 1.3989 0.0095 -0.0394 0.4919 0.8697
1752869013.5617 12.4194 45.0079 1.4020 0.0099 -0.0389 0.4805 0.8761
1752869013.6626 12.3506 45.0020 1.4000 0.0103 -0.0385 0.4701 0.8817
1752869013.7634 12.3233 44.9659 1.4087 0.0107 -0.0382 0.4587 0.8877
1752869013.8643 12.3736 44.9647 1.4210 0.0111 -0.0381 0.4450 0.8946
1752869013.9651 12.4972 45.0090 1.4363 0.0119 -0.0382 0.4300 0.9019
1752869014.0660 12.5860 45.0179 1.4147 0.0125 -0.0383 0.4145 0.9092
1752869014.1669 12.5890 45.0357 1.3966 0.0132 -0.0380 0.3970 0.9169
1752869014.2677 12.5631 45.0448 1.4047 0.0143 -0.0375 0.3755 0.9260
1752869014.3686 12.6077 44.9997 1.4174 0.0153 -0.0371 0.3495 0.9361
1752869014.4694 12.7101 44.9649 1.4374 0.0163 -0.0367 0.3204 0.9464
1752869014.5703 12.8410 44.9423 1.4369 0.0174 -0.0365 0.2897 0.9563
1752869014.6712 12.9222 44.8926 1.4293 0.0185 -0.0362 0.2581 0.9653
1752869014.7720 12.9210 44.8448 1.4278 0.0199 -0.0356 0.2263 0.9732
1752869014.8729 12.9215 44.7987 1.4123 0.0211 -0.0350 0.1942 0.9801
1752869014.9737 12.9521 44.7434 1.4029 0.0221 -0.0344 0.1643 0.9856
1752869015.0746 12.9855 44.6827 1.4317 0.0227 -0.0334 0.1362 0.9899
1752869015.1755 13.0374 44.6599 1.4533 0.0234 -0.0325 0.1122 0.9929
1752869015.2763 13.1717 44.6339 1.4743 0.0243 -0.0322 0.0887 0.9952
1752869015.3772 13.2550 44.5396 1.4618 0.0252 -0.0320 0.0694 0.9968
1752869015.4780 13.2466 44.4254 1.4200 0.0257 -0.0319 0.0555 0.9976
1752869015.5789 13.2022 44.4127 1.4042 0.0260 -0.0316 0.0453 0.9981
1752869015.6798 13.1978 44.4821 1.4562 0.0263 -0.0308 0.0357 0.9985
1752869015.7806 13.2541 44.5250 1.5069 0.0263 -0.0302 0.0263 0.9989
1752869015.8815 13.3209 44.5023 1.5182 0.0264 -0.0301 0.0167 0.9991
1752869015.9823 13.3531 44.4325 1.4758 0.0268 -0.0303 0.0075 0.9992
1752869016.0832 13.3835 44.4003 1.4372 0.0272 -0.0303 -0.0018 0.9992
1752869016.1841 13.4144 44.3931 1.4244 0.0280 -0.0300 -0.0117 0.9991
1752869016.2849 13.4539 44.3644 1.4625 0.0281 -0.0295 -0.0232 0.9989
1752869016.3858 13.4810 44.3195 1.5269 0.0281 -0.0287 -0.0357 0.9986
1752869016.4866 13.5054 44.3250 1.5387 0.0280 -0.0282 -0.0487 0.9980
1752869016.5875 13.5614 44.3109 1.4856 0.0283 -0.0284 -0.0621 0.9973
1752869016.6884 13.6080 44.2460 1.4637 0.0289 -0.0283 -0.0759 0.9963
1752869016.7892 13.6319 44.2154 1.4766 0.0295 -0.0278 -0.0903 0.9951
1752869016.8901 13.6427 44.1647 1.5136 0.0298 -0.0270 -0.1058 0.9936
1752869016.9909 13.6877 44.1430 1.5239 0.0303 -0.0266 -0.1231 0.9916
1752869017.0918 13.7270 44.1758 1.4912 0.0311 -0.0264 -0.1404 0.9893
1752869017.1927 13.7495 44.1726 1.4781 0.0315 -0.0259 -0.1572 0.9867
1752869017.2935 13.7948 44.0992 1.5174 0.0311 -0.0251 -0.1724 0.9842
1752869017.3944 13.8710 44.0304 1.5417 0.0310 -0.0245 -0.1879 0.9814
1752869017.4952 13.9177 44.0000 1.5461 0.0312 -0.0243 -0.2010 0.9788
1752869017.5961 13.9373 43.9960 1.5078 0.0324 -0.0243 -0.2110 0.9766
1752869017.6970 13.9750 43.9600 1.4865 0.0332 -0.0240 -0.2189 0.9749
1752869017.7978 14.0664 43.9221 1.5009 0.0333 -0.0236 -0.2246 0.9736
1752869017.8987 14.1629 43.8754 1.5367 0.0326 -0.0234 -0.2286 0.9727
1752869017.9995 14.2035 43.8275 1.5580 0.0323 -0.0233 -0.2311 0.9721
1752869018.1004 14.2235 43.7829 1.5672 0.0324 -0.0232 -0.2319 0.9719
1752869018.2013 14.3028 43.7146 1.5621 0.0323 -0.0236 -0.2286 0.9727
1752869018.3021 14.4230 43.6851 1.5334 0.0319 -0.0245 -0.2222 0.9742
1752869018.4030 14.5332 43.7136 1.5241 0.0318 -0.0249 -0.2134 0.9761
1752869018.5038 14.6207 43.7325 1.5524 0.0316 -0.0252 -0.2040 0.9781
1752869018.6047 14.6723 43.7114 1.5957 0.0319 -0.0251 -0.1945 0.9801
1752869018.7056 14.7056 43.6717 1.6032 0.0317 -0.0252 -0.1830 0.9823
1752869018.8064 14.7903 43.6775 1.5819 0.0309 -0.0260 -0.1687 0.9848
1752869018.9073 14.8792 43.6884 1.5644 0.0297 -0.0273 -0.1506 0.9878
1752869019.0081 14.9457 43.7216 1.5755 0.0291 -0.0281 -0.1299 0.9907
1752869019.1090 15.0249 43.7339 1.6359 0.0289 -0.0282 -0.1092 0.9932
1752869019.2099 15.0944 43.7827 1.6689 0.0289 -0.0283 -0.0902 0.9951
1752869019.3107 15.1677 43.8187 1.6775 0.0282 -0.0289 -0.0720 0.9966
1752869019.4116 15.2493 43.8619 1.6220 0.0277 -0.0303 -0.0541 0.9977
1752869019.5124 15.3165 43.8840 1.6000 0.0270 -0.0313 -0.0360 0.9985
1752869019.6133 15.3603 43.9298 1.6488 0.0261 -0.0313 -0.0184 0.9990
1752869019.7142 15.4206 43.9694 1.7086 0.0255 -0.0312 -0.0011 0.9992
1752869019.8150 15.4693 44.0288 1.7519 0.0251 -0.0313 0.0149 0.9991
1752869019.9159 15.5338 44.0554 1.7378 0.0248 -0.0320 0.0293 0.9988
1752869020.0167 15.6061 44.0757 1.7289 0.0238 -0.0328 0.0430 0.9983
1752869020.1176 15.6686 44.1006 1.6861 0.0235 -0.0336 0.0559 0.9976
1752869020.2185 15.7016 44.1799 1.6592 0.0238 -0.0341 0.0688 0.9968
1752869020.3193 15.6902 44.2459 1.6937 0.0239 -0.0340 0.0806 0.9959
1752869020.4202 15.7207 44.2376 1.7185 0.0237 -0.0340 0.0903 0.9951
1752869020.5210 15.7713 44.2784 1.6960 0.0234 -0.0343 0.0963 0.9945
1752869020.6219 15.8315 44.2819 1.6527 0.0229 -0.0350 0.0996 0.9941
1752869020.7228 15.8778 44.2822 1.6407 0.0224 -0.0354 0.1026 0.9938
1752869020.8236 15.9286 44.3177 1.6792 0.0224 -0.0353 0.1068 0.9934
1752869020.9245 15.9196 44.3454 1.7463 0.0223 -0.0348 0.1103 0.9930
1752869021.0253 15.9125 44.3471 1.7580 0.0225 -0.0347 0.1136 0.9927
1752869021.1262 15.9600 44.3389 1.7219 0.0222 -0.0352 0.1168 0.9923
1752869021.2271 16.0522 44.3429 1.6890 0.0218 -0.0358 0.1203 0.9919
1752869021.3279 16.1086 44.3696 1.7515 0.0208 -0.0355 0.1256 0.9912
1752869021.4288 16.1201 44.4189 1.8372 0.0203 -0.0349 0.1323 0.9904
1752869021.5296 16.0750 44.4667 1.8348 0.0209 -0.0351 0.1407 0.9892
1752869021.6305 16.0932 44.4981 1.8189 0.0211 -0.0355 0.1489 0.9880
1752869021.7314 16.1592 44.4992 1.7502 0.0208 -0.0366 0.1566 0.9868
1752869021.8322 16.2311 44.4709 1.7750 0.0193 -0.0365 0.1628 0.9858
1752869021.9331 16.2042 44.5234 1.8311 0.0185 -0.0360 0.1671 0.9851
1752869022.0339 16.1451 44.5360 1.9059 0.0181 -0.0351 0.1724 0.9842
1752869022.1348 16.1271 44.5053 2.0003 0.0173 -0.0343 0.1785 0.9832
1752869022.2357 16.1844 44.5287 1.9877 0.0170 -0.0348 0.1852 0.9819
1752869022.3365 16.2505 44.5659 1.9305 0.0166 -0.0356 0.1915 0.9807
1752869022.4374 16.2918 44.6395 1.8702 0.0168 -0.0363 0.1976 0.9795
1752869022.5382 16.3164 44.6666 1.8586 0.0168 -0.0365 0.2047 0.9780
1752869022.6391 16.3020 44.6714 1.9100 0.0167 -0.0361 0.2114 0.9766
1752869022.7400 16.2787 44.6705 1.9596 0.0164 -0.0360 0.2180 0.9752
1752869022.8408 16.3019 44.6995 1.9705 0.0160 -0.0362 0.2244 0.9737
1752869022.9417 16.3752 44.7556 1.9605 0.0156 -0.0365 0.2306 0.9722
1752869023.0425 16.4342 44.8122 1.9404 0.0154 -0.0367 0.2359 0.9710
1752869023.1434 16.4598 44.8402 1.9487 0.0151 -0.0366 0.2409 0.9697
1752869023.2443 16.4749 44.8579 1.9639 0.0150 -0.0368 0.2455 0.9686
1752869023.3451 16.4980 44.9006 1.9786 0.0151 -0.0370 0.2501 0.9674
1752869023.4460 16.5413 44.9499 1.9677 0.0151 -0.0373 0.2554 0.9660
1752869023.5468 16.6442 45.0246 1.9521 0.0149 -0.0374 0.2627 0.9640
1752869023.6477 16.7299 45.1145 1.9362 0.0145 -0.0377 0.2686 0.9624
1752869023.7485 16.7561 45.1927 1.9464 0.0143 -0.0379 0.2718 0.9615
1752869023.8494 16.8058 45.2287 1.9875 0.0139 -0.0380 0.2748 0.9606
1752869023.9503 16.8364 45.2651 2.0289 0.0135 -0.0376 0.2821 0.9585
1752869024.0511 16.8778 45.2957 2.0379 0.0129 -0.0375 0.2924 0.9555
1752869024.1520 16.9101 45.3481 1.9722 0.0126 -0.0384 0.3024 0.9523
1752869024.2528 16.8956 45.4230 1.9541 0.0128 -0.0387 0.3064 0.9510
1752869024.3537 16.9379 45.5102 2.0030 0.0130 -0.0385 0.3085 0.9504
1752869024.4546 16.9700 45.5547 2.0520 0.0126 -0.0381 0.3104 0.9498
1752869024.5554 17.0347 45.5456 2.0385 0.0121 -0.0385 0.3173 0.9475
1752869024.6563 17.0661 45.6068 2.0093 0.0117 -0.0389 0.3246 0.9450
1752869024.7571 17.0948 45.6751 1.9794 0.0111 -0.0390 0.3273 0.9441
1752869024.8580 17.1082 45.7518 1.9805 0.0112 -0.0388 0.3259 0.9445
1752869024.9589 17.1343 45.7603 2.0011 0.0116 -0.0387 0.3218 0.9459
1752869025.0597 17.1983 45.7445 2.0236 0.0118 -0.0389 0.3173 0.9475
1752869025.1606 17.2907 45.7917 2.0421 0.0118 -0.0390 0.3149 0.9482
1752869025.2614 17.3148 45.8564 2.0421 0.0119 -0.0390 0.3117 0.9493
1752869025.3623 17.3273 45.9105 2.0321 0.0121 -0.0389 0.3085 0.9503
1752869025.4632 17.3308 45.9122 1.9930 0.0121 -0.0391 0.3056 0.9513
1752869025.5640 17.3319 45.8945 2.0050 0.0120 -0.0388 0.3029 0.9522
1752869025.6649 17.4058 45.9157 2.0361 0.0121 -0.0388 0.3007 0.9529
1752869025.7657 17.5390 45.9753 2.1018 0.0123 -0.0387 0.3024 0.9523
1752869025.8666 17.6109 46.0930 2.0581 0.0118 -0.0393 0.3068 0.9509
1752869025.9675 17.6392 46.1776 1.9972 0.0112 -0.0399 0.3127 0.9489
1752869026.0683 17.6442 46.1849 1.9840 0.0108 -0.0398 0.3166 0.9477
1752869026.1692 17.6436 46.1582 2.0246 0.0111 -0.0396 0.3185 0.9470
1752869026.2700 17.7317 46.1907 2.0446 0.0113 -0.0398 0.3189 0.9469
1752869026.3709 17.8545 46.2739 2.0368 0.0113 -0.0402 0.3180 0.9472
1752869026.4718 17.9091 46.3590 2.0215 0.0113 -0.0404 0.3143 0.9484
1752869026.5726 17.9267 46.3874 2.0370 0.0111 -0.0400 0.3099 0.9499
1752869026.6735 17.9022 46.4070 2.0860 0.0118 -0.0394 0.3043 0.9517
1752869026.7743 17.9567 46.4119 2.0966 0.0120 -0.0395 0.2982 0.9536
1752869026.8752 18.0179 46.4105 2.0984 0.0126 -0.0396 0.2913 0.9557
1752869026.9761 18.0907 46.4465 2.0859 0.0127 -0.0399 0.2838 0.9580
1752869027.0769 18.1312 46.4648 2.1050 0.0127 -0.0396 0.2779 0.9597
1752869027.1778 18.1492 46.5097 2.1332 0.0129 -0.0393 0.2742 0.9608
1752869027.2786 18.1763 46.5404 2.1164 0.0130 -0.0395 0.2747 0.9606
1752869027.3795 18.2802 46.5453 2.1038 0.0130 -0.0398 0.2767 0.9600
1752869027.4804 18.3151 46.5529 2.1092 0.0131 -0.0399 0.2771 0.9599
1752869027.5812 18.3307 46.5668 2.1283 0.0131 -0.0398 0.2759 0.9603
1752869027.6821 18.3720 46.6468 2.1390 0.0131 -0.0397 0.2732 0.9611
1752869027.7829 18.4363 46.6856 2.1495 0.0131 -0.0397 0.2691 0.9622
1752869027.8838 18.5065 46.7071 2.1578 0.0134 -0.0398 0.2641 0.9636
1752869027.9847 18.5508 46.7043 2.1392 0.0139 -0.0399 0.2573 0.9654
1752869028.0855 18.5709 46.6907 2.1198 0.0143 -0.0399 0.2483 0.9678
1752869028.1864 18.6178 46.6954 2.1241 0.0146 -0.0399 0.2383 0.9703
1752869028.2872 18.6992 46.7599 2.1772 0.0147 -0.0395 0.2293 0.9724
1752869028.3881 18.7663 46.8390 2.2201 0.0146 -0.0390 0.2230 0.9739
1752869028.4890 18.8187 46.8847 2.2074 0.0150 -0.0393 0.2207 0.9744
1752869028.5898 18.8581 46.8733 2.1698 0.0153 -0.0398 0.2206 0.9744
1752869028.6907 18.8723 46.8702 2.1572 0.0153 -0.0401 0.2216 0.9742
1752869028.7915 18.9064 46.9159 2.1674 0.0154 -0.0400 0.2208 0.9744
1752869028.8924 18.9830 46.9728 2.2017 0.0154 -0.0398 0.2190 0.9748
1752869028.9933 19.0347 47.0004 2.2155 0.0154 -0.0398 0.2172 0.9752
1752869029.0941 19.0941 46.9828 2.1929 0.0154 -0.0401 0.2160 0.9755
1752869029.1950 19.1283 46.9928 2.1854 0.0154 -0.0405 0.2151 0.9756
1752869029.2958 19.1437 46.9995 2.1962 0.0155 -0.0403 0.2145 0.9758
1752869029.3967 19.1616 47.0188 2.2297 0.0154 -0.0398 0.2125 0.9762
1752869029.4976 19.2099 47.0631 2.2516 0.0156 -0.0396 0.2094 0.9769
1752869029.5984 19.2724 47.0897 2.2455 0.0159 -0.0399 0.2052 0.9778
1752869029.6993 19.3135 47.1198 2.2427 0.0159 -0.0402 0.2003 0.9788
1752869029.8001 19.3605 47.1103 2.2405 0.0159 -0.0400 0.1945 0.9800
1752869029.9010 19.3973 47.1030 2.2443 0.0160 -0.0398 0.1889 0.9811
1752869030.0019 19.4345 47.1216 2.2575 0.0165 -0.0396 0.1827 0.9822
1752869030.1027 19.4554 47.1608 2.2567 0.0171 -0.0396 0.1765 0.9834
1752869030.2036 19.5134 47.1825 2.2627 0.0175 -0.0397 0.1695 0.9846
1752869030.3044 19.5365 47.1934 2.2758 0.0175 -0.0394 0.1616 0.9859
1752869030.4053 19.5724 47.1912 2.2842 0.0174 -0.0392 0.1538 0.9872
1752869030.5062 19.6043 47.1861 2.2851 0.0177 -0.0392 0.1464 0.9883
1752869030.6070 19.6495 47.1882 2.3021 0.0178 -0.0391 0.1397 0.9893
1752869030.7079 19.7269 47.1763 2.2983 0.0184 -0.0392 0.1324 0.9903
1752869030.8087 19.7906 47.1732 2.2879 0.0189 -0.0392 0.1258 0.9911
1752869030.9096 19.8327 47.2100 2.3084 0.0186 -0.0389 0.1205 0.9918
1752869031.0105 19.8618 47.2332 2.3065 0.0186 -0.0389 0.1161 0.9923
1752869031.1113 19.8471 47.2261 2.2720 0.0195 -0.0392 0.1103 0.9929
1752869031.2122 19.8909 47.2110 2.2967 0.0199 -0.0391 0.0995 0.9941
1752869031.3130 19.9502 47.1813 2.2989 0.0204 -0.0388 0.0856 0.9954
1752869031.4139 20.0128 47.1670 2.2703 0.0209 -0.0386 0.0698 0.9966
1752869031.5148 20.0414 47.1923 2.2870 0.0213 -0.0382 0.0521 0.9977
1752869031.6156 20.0615 47.1910 2.3126 0.0222 -0.0376 0.0338 0.9985
1752869031.7165 20.1128 47.1054 2.3026 0.0233 -0.0371 0.0139 0.9989
1752869031.8173 20.1552 47.0685 2.3062 0.0243 -0.0364 -0.0083 0.9990
1752869031.9182 20.2272 47.0167 2.3148 0.0248 -0.0360 -0.0329 0.9985
1752869032.0191 20.2940 46.9912 2.3196 0.0252 -0.0354 -0.0587 0.9973
1752869032.1199 20.3410 46.9684 2.3516 0.0256 -0.0343 -0.0848 0.9955
1752869032.2208 20.3852 46.8950 2.3777 0.0264 -0.0334 -0.1114 0.9929
1752869032.3216 20.4254 46.8462 2.3619 0.0277 -0.0332 -0.1367 0.9897
1752869032.4225 20.4858 46.7929 2.3559 0.0288 -0.0327 -0.1610 0.9860
1752869032.5234 20.5288 46.7302 2.3741 0.0292 -0.0320 -0.1836 0.9820
1752869032.6242 20.5676 46.6642 2.4421 0.0287 -0.0308 -0.2038 0.9781
1752869032.7251 20.6107 46.6022 2.4868 0.0288 -0.0298 -0.2217 0.9742
1752869032.8259 20.6562 46.5753 2.4552 0.0296 -0.0296 -0.2374 0.9705
1752869032.9268 20.7498 46.5577 2.4098 0.0309 -0.0297 -0.2513 0.9670
1752869033.0277 20.8087 46.5120 2.4247 0.0308 -0.0296 -0.2648 0.9634
1752869033.1285 20.8443 46.4525 2.4375 0.0302 -0.0296 -0.2777 0.9597
1752869033.2294 20.8851 46.3742 2.4507 0.0302 -0.0293 -0.2895 0.9563
1752869033.3302 20.9492 46.2914 2.4445 0.0310 -0.0288 -0.3003 0.9529
1752869033.4311 21.0199 46.2390 2.4566 0.0320 -0.0282 -0.3093 0.9500
1752869033.5320 21.0750 46.1759 2.5059 0.0324 -0.0275 -0.3159 0.9478
1752869033.6328 21.1437 46.1187 2.5525 0.0312 -0.0276 -0.3205 0.9463
1752869033.7337 21.2016 46.0848 2.5398 0.0302 -0.0283 -0.3221 0.9458
1752869033.8345 21.2357 46.0764 2.4620 0.0309 -0.0290 -0.3228 0.9455
1752869033.9354 21.2508 46.0782 2.4318 0.0322 -0.0287 -0.3244 0.9449
1752869034.0363 21.3127 46.0371 2.4536 0.0329 -0.0283 -0.3263 0.9443
1752869034.1371 21.4138 45.9260 2.5011 0.0322 -0.0283 -0.3270 0.9440
1752869034.2380 21.5052 45.8864 2.5205 0.0311 -0.0288 -0.3262 0.9443
1752869034.3388 21.5495 45.8979 2.5359 0.0309 -0.0287 -0.3242 0.9450
1752869034.4397 21.5662 45.8883 2.5191 0.0314 -0.0286 -0.3212 0.9461
1752869034.5406 21.6175 45.8472 2.5006 0.0316 -0.0288 -0.3185 0.9469
1752869034.6414 21.7006 45.7998 2.5119 0.0314 -0.0290 -0.3183 0.9470
1752869034.7423 21.7903 45.7339 2.5280 0.0310 -0.0294 -0.3201 0.9464
1752869034.8431 21.8442 45.6963 2.5269 0.0310 -0.0295 -0.3234 0.9453
1752869034.9440 21.9141 45.6915 2.5236 0.0314 -0.0292 -0.3278 0.9438
1752869035.0449 21.9651 45.6550 2.5320 0.0313 -0.0290 -0.3319 0.9424
1752869035.1457 22.0063 45.5778 2.5410 0.0318 -0.0288 -0.3344 0.9415
1752869035.2466 22.0847 45.4951 2.5528 0.0321 -0.0289 -0.3358 0.9410
1752869035.3474 22.1734 45.4457 2.5354 0.0321 -0.0293 -0.3381 0.9401
1752869035.4483 22.2439 45.4410 2.5502 0.0318 -0.0290 -0.3424 0.9386
1752869035.5492 22.2646 45.3918 2.5673 0.0315 -0.0285 -0.3469 0.9369
1752869035.6500 22.2955 45.3488 2.5797 0.0317 -0.0283 -0.3505 0.9356
1752869035.7509 22.3490 45.2830 2.5448 0.0321 -0.0288 -0.3516 0.9352
1752869035.8517 22.4328 45.2353 2.5259 0.0325 -0.0291 -0.3505 0.9355
1752869035.9526 22.5601 45.1843 2.5425 0.0322 -0.0290 -0.3494 0.9360
1752869036.0535 22.6286 45.1549 2.5593 0.0318 -0.0287 -0.3491 0.9361
1752869036.1543 22.6535 45.0915 2.5842 0.0315 -0.0287 -0.3493 0.9360
1752869036.2552 22.6825 45.0401 2.6112 0.0319 -0.0289 -0.3490 0.9361
1752869036.3560 22.7503 44.9874 2.6161 0.0316 -0.0291 -0.3483 0.9364
1752869036.4569 22.8518 44.9517 2.5979 0.0316 -0.0292 -0.3476 0.9366
1752869036.5578 22.9460 44.9019 2.5872 0.0320 -0.0290 -0.3468 0.9370
1752869036.6586 23.0122 44.8516 2.5847 0.0320 -0.0289 -0.3456 0.9374
1752869036.7595 23.0354 44.8256 2.5953 0.0318 -0.0292 -0.3437 0.9381
1752869036.8603 23.0647 44.7829 2.6154 0.0314 -0.0292 -0.3411 0.9391
1752869036.9612 23.1245 44.7612 2.6447 0.0310 -0.0292 -0.3384 0.9400
1752869037.0621 23.2361 44.7308 2.6617 0.0306 -0.0294 -0.3360 0.9409
1752869037.1629 23.3413 44.6828 2.6796 0.0307 -0.0296 -0.3337 0.9417
1752869037.2638 23.3924 44.6518 2.7001 0.0301 -0.0294 -0.3320 0.9423
1752869037.3646 23.4122 44.6130 2.7187 0.0298 -0.0296 -0.3302 0.9430
1752869037.4655 23.4612 44.5680 2.7298 0.0291 -0.0298 -0.3288 0.9435
1752869037.5664 23.5457 44.5141 2.7303 0.0288 -0.0301 -0.3275 0.9439
1752869037.6672 23.6408 44.4691 2.7397 0.0288 -0.0301 -0.3269 0.9441
1752869037.7681 23.7202 44.4347 2.7288 0.0296 -0.0300 -0.3271 0.9441
1752869037.8689 23.7919 44.3881 2.7264 0.0297 -0.0301 -0.3276 0.9439
1752869037.9698 23.8339 44.3666 2.7496 0.0292 -0.0303 -0.3265 0.9443
1752869038.0707 23.8955 44.3382 2.7783 0.0284 -0.0304 -0.3238 0.9452
1752869038.1715 23.9608 44.3091 2.7848 0.0278 -0.0305 -0.3206 0.9463
1752869038.2724 24.0229 44.2763 2.7872 0.0278 -0.0305 -0.3174 0.9474
1752869038.3732 24.0917 44.2628 2.7906 0.0281 -0.0304 -0.3137 0.9486
1752869038.4741 24.1472 44.2542 2.7903 0.0284 -0.0308 -0.3086 0.9503
1752869038.5750 24.1621 44.2740 2.8180 0.0282 -0.0307 -0.3010 0.9527
1752869038.6758 24.2007 44.2434 2.8555 0.0276 -0.0306 -0.2920 0.9555
1752869038.7767 24.2847 44.1665 2.8814 0.0272 -0.0307 -0.2835 0.9581
1752869038.8775 24.3683 44.0786 2.8859 0.0267 -0.0309 -0.2775 0.9599
1752869038.9784 24.4510 44.0468 2.8826 0.0266 -0.0311 -0.2739 0.9609
1752869039.0793 24.4995 44.0851 2.8789 0.0264 -0.0316 -0.2717 0.9615
1752869039.1801 24.5411 44.1164 2.8767 0.0264 -0.0319 -0.2698 0.9620
1752869039.2810 24.5954 44.0761 2.9313 0.0265 -0.0311 -0.2685 0.9624
1752869039.3818 24.6810 43.9871 2.9790 0.0273 -0.0299 -0.2673 0.9628
1752869039.4827 24.7218 43.9525 2.9580 0.0273 -0.0302 -0.2664 0.9630
1752869039.5836 24.7560 43.9555 2.9296 0.0267 -0.0310 -0.2661 0.9631
1752869039.6844 24.7851 43.9536 2.9319 0.0262 -0.0314 -0.2656 0.9632
1752869039.7853 24.8548 43.8952 2.9618 0.0256 -0.0314 -0.2651 0.9634
1752869039.8861 24.9150 43.8308 2.9873 0.0253 -0.0313 -0.2646 0.9635
1752869039.9870 24.9573 43.8161 2.9936 0.0253 -0.0312 -0.2642 0.9636
1752869040.0879 24.9951 43.8192 2.9880 0.0254 -0.0312 -0.2636 0.9638
1752869040.1887 25.0285 43.8211 2.9607 0.0259 -0.0315 -0.2618 0.9643
1752869040.2896 25.0430 43.8058 2.9425 0.0261 -0.0316 -0.2611 0.9644
1752869040.3904 25.0791 43.7630 2.9594 0.0259 -0.0314 -0.2638 0.9637
1752869040.4913 25.1213 43.7229 2.9846 0.0255 -0.0312 -0.2694 0.9622
1752869040.5922 25.1863 43.6931 3.0025 0.0257 -0.0310 -0.2756 0.9604
1752869040.6930 25.2240 43.6923 3.0028 0.0260 -0.0311 -0.2794 0.9593
1752869040.7939 25.2686 43.6896 2.9872 0.0263 -0.0314 -0.2799 0.9591
1752869040.8947 25.2861 43.6752 2.9604 0.0266 -0.0317 -0.2793 0.9593
1752869040.9956 25.3023 43.6639 2.9431 0.0271 -0.0315 -0.2786 0.9595
1752869041.0965 25.3240 43.6540 2.9545 0.0269 -0.0315 -0.2778 0.9597
1752869041.1973 25.3716 43.6353 2.9837 0.0264 -0.0316 -0.2767 0.9601
1752869041.2982 25.4076 43.6231 3.0054 0.0258 -0.0318 -0.2751 0.9605
1752869041.3990 25.4270 43.6176 2.9990 0.0253 -0.0324 -0.2731 0.9611
1752869041.4999 25.4439 43.6218 2.9563 0.0260 -0.0330 -0.2712 0.9616
1752869041.6008 25.4478 43.6147 2.9467 0.0265 -0.0328 -0.2697 0.9620
1752869041.7016 25.4537 43.5745 2.9768 0.0264 -0.0321 -0.2686 0.9624
1752869041.8025 25.4878 43.5721 3.0105 0.0261 -0.0317 -0.2673 0.9627
1752869041.9033 25.4962 43.5949 3.0202 0.0255 -0.0319 -0.2658 0.9632
1752869042.0042 25.4616 43.6195 2.9953 0.0252 -0.0328 -0.2635 0.9638
1752869042.1051 25.4588 43.6000 2.9531 0.0256 -0.0333 -0.2608 0.9645
1752869042.2059 25.5018 43.5926 2.9296 0.0263 -0.0331 -0.2579 0.9652
1752869042.3068 25.5379 43.5769 2.9418 0.0267 -0.0325 -0.2550 0.9660
1752869042.4076 25.5344 43.5754 2.9677 0.0262 -0.0323 -0.2534 0.9665
1752869042.5085 25.5204 43.5682 2.9903 0.0254 -0.0325 -0.2539 0.9664
1752869042.6094 25.5249 43.5652 2.9740 0.0254 -0.0330 -0.2557 0.9659
1752869042.7102 25.5304 43.5806 2.9592 0.0255 -0.0331 -0.2574 0.9654
1752869042.8111 25.5274 43.6239 2.9413 0.0261 -0.0329 -0.2578 0.9653
1752869042.9119 25.5196 43.6183 2.9392 0.0266 -0.0326 -0.2568 0.9655
1752869043.0128 25.4872 43.6091 2.9492 0.0267 -0.0323 -0.2559 0.9658
1752869043.1137 25.4714 43.5946 2.9577 0.0263 -0.0326 -0.2555 0.9659
1752869043.2145 25.5007 43.5683 2.9644 0.0255 -0.0328 -0.2556 0.9659
1752869043.3154 25.5519 43.5537 2.9712 0.0252 -0.0328 -0.2563 0.9657
1752869043.4162 25.5589 43.5962 2.9505 0.0260 -0.0327 -0.2568 0.9655
1752869043.5171 25.5202 43.6347 2.9380 0.0270 -0.0325 -0.2568 0.9655
1752869043.6180 25.4859 43.6483 2.9362 0.0271 -0.0326 -0.2565 0.9656
1752869043.7188 25.4886 43.6084 2.9444 0.0261 -0.0330 -0.2563 0.9657
1752869043.8197 25.5116 43.5733 2.9574 0.0252 -0.0331 -0.2560 0.9658
1752869043.9205 25.5273 43.5529 2.9713 0.0251 -0.0329 -0.2559 0.9658
1752869044.0214 25.5219 43.5571 2.9763 0.0257 -0.0325 -0.2559 0.9658
1752869044.1223 25.5182 43.5894 2.9481 0.0270 -0.0325 -0.2559 0.9658
1752869044.2231 25.5206 43.6223 2.9310 0.0272 -0.0327 -0.2561 0.9657
1752869044.3240 25.5122 43.6210 2.9351 0.0264 -0.0330 -0.2564 0.9656
1752869044.4248 25.5024 43.6169 2.9518 0.0255 -0.0331 -0.2569 0.9655
1752869044.5257 25.5178 43.5883 2.9548 0.0257 -0.0329 -0.2566 0.9656
1752869044.6266 25.5196 43.5804 2.9545 0.0260 -0.0327 -0.2561 0.9657
1752869044.7274 25.5165 43.5708 2.9668 0.0261 -0.0324 -0.2559 0.9658
1752869044.8283 25.5310 43.5894 2.9528 0.0265 -0.0327 -0.2560 0.9658
1752869044.9291 25.5206 43.5936 2.9460 0.0262 -0.0330 -0.2562 0.9657
1752869045.0300 25.5174 43.5962 2.9386 0.0259 -0.0331 -0.2562 0.9657
1752869045.1309 25.5104 43.5947 2.9557 0.0257 -0.0327 -0.2562 0.9657
1752869045.2317 25.5074 43.5827 2.9707 0.0256 -0.0326 -0.2563 0.9657
1752869045.3326 25.4986 43.5902 2.9749 0.0258 -0.0325 -0.2563 0.9657
1752869045.4334 25.5303 43.5786 2.9522 0.0263 -0.0329 -0.2560 0.9658
1752869045.5343 25.5462 43.5684 2.9267 0.0267 -0.0330 -0.2556 0.9658
1752869045.6352 25.5342 43.5907 2.9260 0.0265 -0.0330 -0.2558 0.9658
1752869045.7360 25.5174 43.5950 2.9463 0.0262 -0.0327 -0.2561 0.9657
1752869045.8369 25.5103 43.6070 2.9740 0.0256 -0.0327 -0.2568 0.9656
1752869045.9377 25.5073 43.6357 2.9800 0.0255 -0.0329 -0.2572 0.9655
1752869046.0386 25.5195 43.6213 2.9559 0.0261 -0.0328 -0.2567 0.9656
1752869046.1395 25.5320 43.5810 2.9341 0.0266 -0.0326 -0.2556 0.9659
1752869046.2403 25.5521 43.5577 2.9370 0.0264 -0.0326 -0.2553 0.9659
1752869046.3412 25.5447 43.5898 2.9436 0.0262 -0.0329 -0.2571 0.9655
1752869046.4420 25.5105 43.5976 2.9649 0.0261 -0.0328 -0.2589 0.9650
1752869046.5429 25.5020 43.5516 2.9716 0.0261 -0.0328 -0.2597 0.9648
1752869046.6438 25.5304 43.5550 2.9884 0.0258 -0.0327 -0.2601 0.9647
1752869046.7446 25.6119 43.6116 2.9783 0.0263 -0.0326 -0.2615 0.9643
1752869046.8455 25.6972 43.5588 2.9768 0.0265 -0.0325 -0.2662 0.9630
1752869046.9463 25.7264 43.4855 2.9747 0.0266 -0.0324 -0.2749 0.9605
1752869047.0472 25.7174 43.4106 2.9818 0.0265 -0.0326 -0.2840 0.9579
1752869047.1481 25.7389 43.3761 2.9818 0.0266 -0.0327 -0.2917 0.9556
1752869047.2489 25.8101 43.3491 2.9831 0.0275 -0.0321 -0.2975 0.9538
1752869047.3498 25.8943 43.3708 2.9831 0.0283 -0.0316 -0.3015 0.9525
1752869047.4506 25.9522 43.3373 2.9756 0.0290 -0.0312 -0.3032 0.9520
1752869047.5515 25.9648 43.2649 2.9554 0.0288 -0.0315 -0.3032 0.9520
1752869047.6524 25.9695 43.2693 2.9667 0.0289 -0.0315 -0.3026 0.9521
1752869047.7532 26.0089 43.2462 2.9806 0.0288 -0.0317 -0.3004 0.9528
1752869047.8541 26.0727 43.2150 2.9934 0.0279 -0.0321 -0.2952 0.9545
1752869047.9549 26.1502 43.1992 2.9963 0.0273 -0.0326 -0.2874 0.9569
1752869048.0558 26.2320 43.1485 2.9996 0.0273 -0.0327 -0.2775 0.9598
1752869048.1567 26.2826 43.1247 2.9954 0.0273 -0.0328 -0.2676 0.9626
1752869048.2575 26.3039 43.1249 3.0067 0.0271 -0.0328 -0.2583 0.9651
1752869048.3584 26.3542 43.1294 3.0465 0.0260 -0.0329 -0.2494 0.9675
1752869048.4592 26.4625 43.1248 3.0642 0.0250 -0.0338 -0.2405 0.9697
1752869048.5601 26.5344 43.1194 3.0610 0.0250 -0.0343 -0.2317 0.9719
1752869048.6610 26.6069 43.0777 3.0524 0.0258 -0.0343 -0.2265 0.9731
1752869048.7618 26.6849 43.0399 3.0576 0.0259 -0.0340 -0.2253 0.9733
1752869048.8627 26.7592 42.9979 3.1096 0.0250 -0.0334 -0.2267 0.9731
1752869048.9635 26.7941 42.9800 3.1516 0.0242 -0.0331 -0.2273 0.9730
1752869049.0644 26.8072 42.9896 3.1564 0.0239 -0.0334 -0.2263 0.9732
1752869049.1653 26.8619 42.9856 3.1425 0.0241 -0.0341 -0.2246 0.9736
1752869049.2661 26.9714 42.9364 3.1332 0.0246 -0.0343 -0.2230 0.9739
1752869049.3670 27.0806 42.8784 3.1442 0.0249 -0.0341 -0.2217 0.9742
1752869049.4678 27.1478 42.8471 3.1486 0.0248 -0.0343 -0.2212 0.9743
1752869049.5687 27.1678 42.8531 3.1559 0.0245 -0.0343 -0.2221 0.9741
1752869049.6695 27.2125 42.8381 3.1648 0.0243 -0.0342 -0.2230 0.9739
1752869049.7704 27.2991 42.8076 3.1489 0.0248 -0.0344 -0.2252 0.9734
1752869049.8713 27.4195 42.7612 3.1366 0.0254 -0.0344 -0.2278 0.9728
1752869049.9721 27.4910 42.7555 3.1435 0.0253 -0.0345 -0.2294 0.9724
1752869050.0730 27.5018 42.7499 3.1778 0.0245 -0.0342 -0.2287 0.9726
1752869050.1738 27.5678 42.7385 3.2075 0.0240 -0.0342 -0.2251 0.9734
1752869050.2747 27.6603 42.7186 3.2198 0.0237 -0.0343 -0.2176 0.9752
1752869050.3756 27.7324 42.7023 3.1955 0.0243 -0.0352 -0.2057 0.9777
1752869050.4764 27.8042 42.7053 3.2009 0.0239 -0.0355 -0.1913 0.9806
1752869050.5773 27.8806 42.7322 3.2023 0.0233 -0.0361 -0.1757 0.9835
1752869050.6781 27.9371 42.7322 3.1999 0.0228 -0.0365 -0.1606 0.9861
1752869050.7790 28.0096 42.6979 3.2252 0.0220 -0.0367 -0.1474 0.9881
1752869050.8799 28.0621 42.7132 3.2248 0.0214 -0.0368 -0.1370 0.9897
1752869050.9807 28.1264 42.7289 3.2333 0.0211 -0.0369 -0.1273 0.9910
1752869051.0816 28.1661 42.7276 3.2499 0.0206 -0.0367 -0.1194 0.9920
1752869051.1824 28.2105 42.7343 3.2388 0.0205 -0.0371 -0.1143 0.9925
1752869051.2833 28.2921 42.7154 3.2164 0.0204 -0.0372 -0.1120 0.9928
1752869051.3842 28.3623 42.7084 3.1937 0.0207 -0.0375 -0.1105 0.9930
1752869051.4850 28.4087 42.7036 3.2148 0.0206 -0.0374 -0.1092 0.9931
1752869051.5859 28.4093 42.7527 3.2388 0.0207 -0.0374 -0.1101 0.9930
1752869051.6867 28.4444 42.7393 3.2841 0.0202 -0.0369 -0.1125 0.9928
1752869051.7876 28.5162 42.6904 3.3148 0.0194 -0.0362 -0.1159 0.9924
1752869051.8885 28.5723 42.6920 3.3258 0.0191 -0.0361 -0.1188 0.9921
1752869051.9893 28.6059 42.7080 3.2888 0.0201 -0.0369 -0.1209 0.9918
1752869052.0902 28.6529 42.7214 3.2488 0.0214 -0.0380 -0.1217 0.9916
1752869052.1910 28.6988 42.6934 3.2664 0.0212 -0.0375 -0.1224 0.9915
1752869052.2919 28.7725 42.6444 3.2730 0.0208 -0.0370 -0.1229 0.9915
1752869052.3928 28.8152 42.6239 3.2905 0.0201 -0.0365 -0.1233 0.9915
1752869052.4936 28.8514 42.6463 3.3132 0.0198 -0.0363 -0.1233 0.9915
1752869052.5945 28.8950 42.6574 3.3321 0.0200 -0.0365 -0.1219 0.9917
1752869052.6953 28.9705 42.6403 3.3062 0.0207 -0.0369 -0.1204 0.9918
1752869052.7962 29.0571 42.5916 3.2748 0.0211 -0.0373 -0.1192 0.9919
1752869052.8971 29.0829 42.6099 3.2423 0.0213 -0.0375 -0.1222 0.9916
1752869052.9979 29.0772 42.6412 3.2791 0.0208 -0.0371 -0.1245 0.9913
1752869053.0988 29.0904 42.6655 3.3117 0.0203 -0.0366 -0.1249 0.9913
1752869053.1996 29.1150 42.6078 3.3273 0.0204 -0.0365 -0.1226 0.9916
1752869053.3005 29.1320 42.5697 3.3046 0.0210 -0.0368 -0.1210 0.9917
1752869053.4014 29.1316 42.5897 3.2706 0.0218 -0.0373 -0.1218 0.9916
1752869053.5022 29.1647 42.6195 3.2586 0.0215 -0.0376 -0.1234 0.9914
1752869053.6031 29.2162 42.6479 3.2785 0.0208 -0.0373 -0.1239 0.9914
1752869053.7039 29.2229 42.6514 3.3020 0.0204 -0.0367 -0.1204 0.9918
1752869053.8048 29.2036 42.6370 3.3065 0.0207 -0.0367 -0.1153 0.9924
1752869053.9057 29.2107 42.5895 3.2907 0.0211 -0.0371 -0.1109 0.9929
1752869054.0065 29.2503 42.5846 3.2689 0.0212 -0.0377 -0.1091 0.9931
1752869054.1074 29.2747 42.6181 3.2633 0.0205 -0.0378 -0.1086 0.9932
1752869054.2082 29.2805 42.6514 3.2983 0.0195 -0.0372 -0.1069 0.9934
1752869054.3091 29.2742 42.6499 3.3229 0.0193 -0.0369 -0.1034 0.9938
1752869054.4100 29.2616 42.6511 3.3158 0.0198 -0.0371 -0.0994 0.9942
1752869054.5108 29.2576 42.6429 3.3001 0.0203 -0.0374 -0.0966 0.9944
1752869054.6117 29.2718 42.6376 3.2929 0.0202 -0.0375 -0.0957 0.9945
1752869054.7125 29.2910 42.6509 3.2851 0.0199 -0.0377 -0.0954 0.9945
1752869054.8134 29.3157 42.6679 3.2806 0.0199 -0.0379 -0.0936 0.9947
1752869054.9143 29.3357 42.6491 3.2881 0.0197 -0.0380 -0.0905 0.9950
1752869055.0151 29.3208 42.6389 3.2919 0.0199 -0.0379 -0.0874 0.9952
1752869055.1160 29.2803 42.6280 3.2803 0.0200 -0.0378 -0.0852 0.9954
1752869055.2168 29.2697 42.6261 3.2806 0.0197 -0.0379 -0.0848 0.9955
1752869055.3177 29.3076 42.6483 3.2846 0.0195 -0.0380 -0.0865 0.9953
1752869055.4186 29.3469 42.6578 3.2913 0.0196 -0.0381 -0.0874 0.9952
1752869055.5194 29.3547 42.6540 3.2882 0.0199 -0.0380 -0.0869 0.9953
1752869055.6203 29.3174 42.6430 3.2784 0.0200 -0.0379 -0.0846 0.9955
1752869055.7211 29.2780 42.6383 3.2726 0.0199 -0.0380 -0.0823 0.9957
1752869055.8220 29.2728 42.6518 3.2742 0.0198 -0.0382 -0.0822 0.9957
1752869055.9229 29.2988 42.6772 3.2820 0.0196 -0.0382 -0.0831 0.9956
1752869056.0237 29.3207 42.6734 3.2772 0.0196 -0.0382 -0.0835 0.9956
1752869056.1246 29.3204 42.6528 3.2765 0.0196 -0.0380 -0.0829 0.9956
1752869056.2254 29.3086 42.6567 3.2780 0.0198 -0.0381 -0.0820 0.9957
1752869056.3263 29.3063 42.6680 3.2815 0.0199 -0.0382 -0.0812 0.9958
1752869056.4272 29.3107 42.6708 3.2796 0.0198 -0.0382 -0.0811 0.9958
1752869056.5280 29.3276 42.6568 3.2799 0.0194 -0.0382 -0.0812 0.9958
1752869056.6289 29.3273 42.6630 3.2818 0.0194 -0.0382 -0.0810 0.9958
1752869056.7297 29.3232 42.6713 3.2786 0.0197 -0.0382 -0.0808 0.9958
1752869056.8306 29.3290 42.6661 3.2827 0.0199 -0.0383 -0.0806 0.9958
1752869056.9315 29.3283 42.6651 3.2839 0.0198 -0.0382 -0.0805 0.9958
1752869057.0323 29.3202 42.6644 3.2873 0.0195 -0.0382 -0.0810 0.9958
1752869057.1332 29.3090 42.6739 3.2870 0.0194 -0.0381 -0.0812 0.9958
1752869057.2340 29.3224 42.6603 3.2829 0.0194 -0.0381 -0.0808 0.9958
1752869057.3349 29.3335 42.6675 3.2794 0.0196 -0.0381 -0.0806 0.9958
1752869057.4358 29.3363 42.6802 3.2795 0.0198 -0.0381 -0.0808 0.9958
1752869057.5366 29.3296 42.6703 3.2798 0.0198 -0.0382 -0.0810 0.9958
1752869057.6375 29.3128 42.6607 3.2763 0.0198 -0.0383 -0.0808 0.9958
1752869057.7383 29.3133 42.6648 3.2807 0.0197 -0.0381 -0.0806 0.9958
1752869057.8392 29.3325 42.6703 3.2807 0.0195 -0.0381 -0.0807 0.9958
1752869057.9401 29.3532 42.6544 3.2777 0.0196 -0.0383 -0.0804 0.9958
1752869058.0409 29.3401 42.6489 3.2811 0.0197 -0.0382 -0.0804 0.9958
1752869058.1418 29.3224 42.6582 3.2894 0.0197 -0.0381 -0.0806 0.9958
1752869058.2426 29.3153 42.6649 3.2851 0.0197 -0.0381 -0.0806 0.9958
1752869058.3435 29.3239 42.6676 3.2774 0.0197 -0.0381 -0.0806 0.9958
1752869058.4444 29.3317 42.6703 3.2763 0.0197 -0.0381 -0.0808 0.9958
1752869058.5452 29.3316 42.6681 3.2809 0.0196 -0.0380 -0.0809 0.9958
1752869058.6461 29.3273 42.6635 3.2828 0.0196 -0.0381 -0.0807 0.9958
1752869058.7469 29.3345 42.6672 3.2812 0.0197 -0.0383 -0.0805 0.9958
1752869058.8478 29.3391 42.6656 3.2865 0.0197 -0.0383 -0.0800 0.9959
1752869058.9487 29.3399 42.6604 3.2791 0.0197 -0.0382 -0.0801 0.9959
1752869059.0495 29.3335 42.6604 3.2778 0.0195 -0.0380 -0.0805 0.9958
1752869059.1504 29.3290 42.6655 3.2725 0.0196 -0.0381 -0.0806 0.9958
1752869059.2512 29.3270 42.6682 3.2767 0.0198 -0.0382 -0.0806 0.9958
1752869059.3521 29.3298 42.6697 3.2874 0.0197 -0.0382 -0.0804 0.9958
1752869059.4530 29.3428 42.6573 3.2835 0.0196 -0.0383 -0.0803 0.9958
1752869059.5538 29.3396 42.6596 3.2791 0.0195 -0.0382 -0.0801 0.9959
1752869059.6547 29.3431 42.6537 3.2797 0.0195 -0.0381 -0.0801 0.9959
1752869059.7555 29.3292 42.6665 3.2799 0.0197 -0.0382 -0.0802 0.9959
1752869059.8564 29.3190 42.6777 3.2757 0.0197 -0.0382 -0.0800 0.9959
1752869059.9573 29.3327 42.6712 3.2814 0.0197 -0.0381 -0.0801 0.9959
1752869060.0581 29.3405 42.6575 3.2872 0.0196 -0.0380 -0.0798 0.9959
1752869060.1590 29.3416 42.6648 3.2889 0.0196 -0.0380 -0.0799 0.9959
1752869060.2598 29.3373 42.6657 3.2920 0.0196 -0.0380 -0.0799 0.9959
1752869060.3607 29.3351 42.6651 3.2875 0.0195 -0.0382 -0.0798 0.9959
1752869060.4616 29.3431 42.6606 3.2785 0.0196 -0.0382 -0.0795 0.9959
1752869060.5624 29.3431 42.6711 3.2747 0.0196 -0.0381 -0.0796 0.9959
1752869060.6633 29.3437 42.6661 3.2717 0.0197 -0.0380 -0.0793 0.9959
1752869060.7641 29.3408 42.6591 3.2786 0.0197 -0.0381 -0.0790 0.9960
1752869060.8650 29.3501 42.6574 3.2843 0.0195 -0.0382 -0.0790 0.9960
1752869060.9659 29.3592 42.6612 3.2835 0.0195 -0.0382 -0.0790 0.9960
1752869061.0667 29.3502 42.6618 3.2840 0.0195 -0.0380 -0.0789 0.9960
1752869061.1676 29.3341 42.6756 3.2832 0.0195 -0.0380 -0.0791 0.9960
1752869061.2684 29.3338 42.6768 3.2805 0.0197 -0.0380 -0.0789 0.9960
1752869061.3693 29.3599 42.6668 3.2822 0.0194 -0.0381 -0.0784 0.9960
1752869061.4702 29.3549 42.6748 3.2811 0.0194 -0.0382 -0.0781 0.9960
1752869061.5710 29.3431 42.6826 3.2738 0.0195 -0.0382 -0.0776 0.9961
1752869061.6719 29.3445 42.6583 3.2738 0.0196 -0.0382 -0.0767 0.9961
1752869061.7727 29.3742 42.6403 3.2782 0.0197 -0.0382 -0.0760 0.9962
1752869061.8736 29.3751 42.6347 3.2806 0.0196 -0.0383 -0.0759 0.9962
1752869061.9745 29.3539 42.6505 3.2842 0.0194 -0.0382 -0.0760 0.9962
1752869062.0753 29.3449 42.6758 3.2811 0.0194 -0.0381 -0.0760 0.9962
1752869062.1762 29.3407 42.7043 3.2824 0.0195 -0.0381 -0.0758 0.9962
1752869062.2770 29.3728 42.6821 3.2800 0.0194 -0.0382 -0.0744 0.9963
1752869062.3779 29.3864 42.6546 3.2773 0.0194 -0.0384 -0.0728 0.9964
1752869062.4788 29.3757 42.6538 3.2732 0.0193 -0.0386 -0.0714 0.9965
1752869062.5796 29.3733 42.6607 3.2752 0.0193 -0.0386 -0.0707 0.9966
1752869062.6805 29.3745 42.6614 3.2802 0.0192 -0.0386 -0.0706 0.9966
1752869062.7813 29.3916 42.6659 3.2794 0.0194 -0.0386 -0.0706 0.9966
1752869062.8822 29.3777 42.6763 3.2744 0.0194 -0.0385 -0.0708 0.9966
1752869062.9831 29.3886 42.6869 3.2788 0.0195 -0.0384 -0.0705 0.9966
1752869063.0839 29.3928 42.6875 3.2781 0.0195 -0.0385 -0.0699 0.9966
1752869063.1848 29.3960 42.6790 3.2737 0.0194 -0.0387 -0.0693 0.9967
1752869063.2856 29.3972 42.6645 3.2708 0.0193 -0.0388 -0.0689 0.9967
1752869063.3865 29.3869 42.6609 3.2706 0.0193 -0.0388 -0.0686 0.9967
1752869063.4874 29.3936 42.6778 3.2642 0.0198 -0.0388 -0.0692 0.9967
1752869063.5882 29.4027 42.6967 3.2739 0.0196 -0.0386 -0.0697 0.9966
1752869063.6891 29.3948 42.6903 3.2834 0.0193 -0.0385 -0.0698 0.9966
1752869063.7899 29.3902 42.6661 3.2925 0.0190 -0.0385 -0.0694 0.9967
1752869063.8908 29.3864 42.6496 3.2880 0.0190 -0.0385 -0.0689 0.9967
1752869063.9917 29.3894 42.6573 3.2722 0.0194 -0.0387 -0.0688 0.9967
1752869064.0925 29.3969 42.6862 3.2601 0.0200 -0.0390 -0.0692 0.9966
1752869064.1934 29.3872 42.7074 3.2744 0.0196 -0.0387 -0.0699 0.9966
1752869064.2942 29.3856 42.6949 3.2935 0.0191 -0.0383 -0.0700 0.9966
1752869064.3951 29.3883 42.6652 3.2878 0.0191 -0.0384 -0.0694 0.9967
1752869064.4960 29.4018 42.6606 3.2733 0.0195 -0.0386 -0.0690 0.9967
1752869064.5968 29.3994 42.6646 3.2677 0.0198 -0.0388 -0.0686 0.9967
1752869064.6977 29.3811 42.6852 3.2738 0.0197 -0.0389 -0.0687 0.9967
1752869064.7985 29.3894 42.6978 3.2728 0.0197 -0.0389 -0.0694 0.9966
1752869064.8994 29.4000 42.6989 3.2777 0.0194 -0.0386 -0.0702 0.9966
1752869065.0003 29.3714 42.6899 3.2755 0.0192 -0.0386 -0.0699 0.9966
1752869065.1011 29.3774 42.6803 3.2752 0.0193 -0.0387 -0.0694 0.9967
1752869065.2020 29.4012 42.6670 3.2699 0.0197 -0.0388 -0.0690 0.9967
1752869065.3028 29.4094 42.6592 3.2762 0.0197 -0.0388 -0.0688 0.9967
1752869065.4037 29.3987 42.6581 3.2756 0.0196 -0.0386 -0.0691 0.9967
1752869065.5046 29.3970 42.6703 3.2717 0.0195 -0.0387 -0.0693 0.9967
1752869065.6054 29.3753 42.6974 3.2691 0.0195 -0.0388 -0.0693 0.9966
1752869065.7063 29.3674 42.7217 3.2640 0.0197 -0.0389 -0.0693 0.9966
1752869065.8071 29.3826 42.7007 3.2639 0.0196 -0.0388 -0.0693 0.9967
1752869065.9080 29.4190 42.6526 3.2774 0.0194 -0.0384 -0.0690 0.9967
1752869066.0089 29.4289 42.6388 3.2983 0.0190 -0.0381 -0.0690 0.9967
1752869066.1097 29.4129 42.6774 3.2999 0.0191 -0.0384 -0.0695 0.9967
1752869066.2106 29.3853 42.7057 3.2807 0.0194 -0.0388 -0.0696 0.9966
1752869066.3114 29.3668 42.7135 3.2620 0.0197 -0.0391 -0.0693 0.9966
1752869066.4123 29.3718 42.6953 3.2603 0.0197 -0.0389 -0.0690 0.9967
1752869066.5132 29.4204 42.6706 3.2714 0.0197 -0.0387 -0.0690 0.9967
1752869066.6140 29.4361 42.6662 3.2860 0.0197 -0.0385 -0.0691 0.9967
1752869066.7149 29.4141 42.6857 3.2882 0.0197 -0.0385 -0.0692 0.9967
1752869066.8157 29.3863 42.7052 3.2780 0.0196 -0.0387 -0.0694 0.9966
1752869066.9166 29.3605 42.7164 3.2631 0.0196 -0.0388 -0.0692 0.9967
1752869067.0175 29.3697 42.7104 3.2607 0.0195 -0.0389 -0.0685 0.9967
1752869067.1183 29.3797 42.6980 3.2767 0.0192 -0.0387 -0.0668 0.9968
1752869067.2192 29.4191 42.6942 3.2933 0.0192 -0.0388 -0.0651 0.9969
1752869067.3200 29.4531 42.6711 3.3003 0.0191 -0.0388 -0.0636 0.9970
1752869067.4209 29.4581 42.6906 3.2844 0.0193 -0.0387 -0.0634 0.9971
1752869067.5218 29.4674 42.7007 3.2707 0.0195 -0.0387 -0.0647 0.9970
1752869067.6226 29.4765 42.6763 3.2615 0.0197 -0.0389 -0.0680 0.9967
1752869067.7235 29.4778 42.6587 3.2751 0.0197 -0.0388 -0.0741 0.9963
1752869067.8243 29.4994 42.6015 3.2914 0.0195 -0.0385 -0.0819 0.9957
1752869067.9252 29.5405 42.5872 3.2997 0.0199 -0.0381 -0.0904 0.9950
1752869068.0261 29.6116 42.5780 3.2965 0.0206 -0.0379 -0.0993 0.9941
1752869068.1269 29.6680 42.5848 3.3076 0.0212 -0.0376 -0.1080 0.9932
1752869068.2278 29.6934 42.5649 3.3222 0.0213 -0.0377 -0.1160 0.9923
1752869068.3286 29.6858 42.5237 3.3159 0.0212 -0.0377 -0.1220 0.9916
1752869068.4295 29.6762 42.4983 3.3116 0.0211 -0.0374 -0.1278 0.9909
1752869068.5304 29.7163 42.4931 3.3087 0.0215 -0.0369 -0.1326 0.9903
1752869068.6312 29.7764 42.5064 3.3124 0.0221 -0.0367 -0.1361 0.9898
1752869068.7321 29.8534 42.4927 3.3220 0.0223 -0.0368 -0.1375 0.9896
1752869068.8329 29.9147 42.4740 3.3310 0.0221 -0.0368 -0.1361 0.9898
1752869068.9338 29.9115 42.4569 3.3270 0.0216 -0.0369 -0.1322 0.9903
1752869069.0347 29.8932 42.4776 3.3157 0.0212 -0.0371 -0.1257 0.9911
1752869069.1355 29.9182 42.4937 3.3073 0.0209 -0.0370 -0.1167 0.9923
1752869069.2364 29.9552 42.5395 3.3227 0.0209 -0.0373 -0.1073 0.9933
1752869069.3372 30.0165 42.5725 3.3574 0.0204 -0.0377 -0.0975 0.9943
1752869069.4381 30.0991 42.5216 3.3635 0.0197 -0.0381 -0.0866 0.9953
1752869069.5390 30.1747 42.4891 3.3476 0.0191 -0.0380 -0.0783 0.9960
1752869069.6398 30.2214 42.5239 3.3215 0.0188 -0.0375 -0.0725 0.9965
1752869069.7407 30.2121 42.5933 3.3402 0.0186 -0.0374 -0.0690 0.9967
1752869069.8415 30.2112 42.6032 3.3740 0.0183 -0.0378 -0.0682 0.9968
1752869069.9424 30.2481 42.5798 3.3885 0.0184 -0.0380 -0.0706 0.9966
1752869070.0433 30.2975 42.5403 3.3732 0.0188 -0.0377 -0.0767 0.9962
1752869070.1441 30.3372 42.5127 3.3625 0.0194 -0.0373 -0.0869 0.9953
1752869070.2450 30.3799 42.5143 3.3604 0.0201 -0.0373 -0.0988 0.9942
1752869070.3458 30.4139 42.5300 3.3903 0.0200 -0.0370 -0.1104 0.9930
1752869070.4467 30.4720 42.5077 3.4020 0.0204 -0.0369 -0.1195 0.9919
1752869070.5476 30.5363 42.4818 3.3935 0.0210 -0.0370 -0.1284 0.9908
1752869070.6484 30.5548 42.4502 3.3855 0.0213 -0.0365 -0.1424 0.9889
1752869070.7493 30.5698 42.3955 3.3574 0.0223 -0.0357 -0.1616 0.9860
1752869070.8501 30.5835 42.3320 3.3737 0.0228 -0.0349 -0.1827 0.9823
1752869070.9510 30.5953 42.3021 3.3922 0.0234 -0.0339 -0.2040 0.9781
1752869071.0519 30.6519 42.2712 3.3950 0.0247 -0.0337 -0.2230 0.9739
1752869071.1527 30.6845 42.2280 3.4122 0.0249 -0.0336 -0.2413 0.9695
1752869071.2536 30.7180 42.1884 3.4188 0.0256 -0.0331 -0.2576 0.9654
1752869071.3544 30.7478 42.1438 3.3884 0.0266 -0.0323 -0.2713 0.9616
1752869071.4553 30.7666 42.0763 3.3822 0.0266 -0.0320 -0.2812 0.9588
1752869071.5562 30.8029 42.0319 3.4068 0.0264 -0.0322 -0.2903 0.9560
1752869071.6570 30.8577 41.9894 3.4292 0.0263 -0.0322 -0.2985 0.9535
1752869071.7579 30.8746 41.9362 3.4174 0.0266 -0.0321 -0.3049 0.9515
1752869071.8587 30.8862 41.9033 3.3987 0.0270 -0.0317 -0.3091 0.9501
1752869071.9596 30.9190 41.9082 3.4032 0.0269 -0.0314 -0.3104 0.9497
1752869072.0605 31.0106 41.9080 3.4191 0.0270 -0.0314 -0.3095 0.9500
1752869072.1613 31.0591 41.8827 3.4138 0.0272 -0.0315 -0.3079 0.9505
1752869072.2622 31.0987 41.8156 3.3944 0.0274 -0.0316 -0.3065 0.9510
1752869072.3630 31.1113 41.7822 3.3959 0.0273 -0.0316 -0.3062 0.9511
1752869072.4639 31.1199 41.7963 3.4080 0.0273 -0.0317 -0.3060 0.9511
1752869072.5648 31.1528 41.7982 3.4241 0.0270 -0.0319 -0.3055 0.9513
1752869072.6656 31.2464 41.7868 3.4301 0.0270 -0.0320 -0.3038 0.9518
1752869072.7665 31.3013 41.7762 3.4070 0.0271 -0.0321 -0.3015 0.9525
1752869072.8673 31.2960 41.7510 3.4056 0.0273 -0.0321 -0.2985 0.9535
1752869072.9682 31.3042 41.7411 3.4120 0.0272 -0.0319 -0.2943 0.9548
1752869073.0691 31.3730 41.7469 3.4146 0.0270 -0.0321 -0.2894 0.9563
1752869073.1699 31.4524 41.7137 3.3979 0.0269 -0.0321 -0.2818 0.9586
1752869073.2708 31.4691 41.7163 3.4164 0.0261 -0.0322 -0.2743 0.9608
1752869073.3716 31.4899 41.7315 3.4500 0.0256 -0.0327 -0.2664 0.9630
1752869073.4725 31.5251 41.7524 3.4475 0.0257 -0.0332 -0.2555 0.9659
1752869073.5734 31.5485 41.7650 3.4170 0.0258 -0.0337 -0.2432 0.9691
1752869073.6742 31.5553 41.7808 3.4132 0.0253 -0.0338 -0.2286 0.9726
1752869073.7751 31.6143 41.7711 3.4395 0.0238 -0.0334 -0.2122 0.9764
1752869073.8759 31.6878 41.7634 3.4512 0.0228 -0.0334 -0.1955 0.9799
1752869073.9768 31.7653 41.8027 3.4593 0.0222 -0.0342 -0.1774 0.9833
1752869074.0777 31.7807 41.8309 3.4575 0.0216 -0.0351 -0.1580 0.9866
1752869074.1785 31.7731 41.8611 3.4211 0.0218 -0.0366 -0.1378 0.9895
1752869074.2794 31.7832 41.8893 3.4158 0.0213 -0.0370 -0.1169 0.9922
1752869074.3802 31.8385 41.9169 3.4373 0.0202 -0.0372 -0.0960 0.9945
1752869074.4811 31.8518 41.9730 3.4640 0.0184 -0.0371 -0.0733 0.9965
1752869074.5819 31.8592 42.0254 3.4876 0.0161 -0.0361 -0.0481 0.9981
1752869074.6828 31.8745 42.0409 3.4939 0.0143 -0.0362 -0.0186 0.9991
1752869074.7837 31.8876 42.0940 3.4844 0.0131 -0.0364 0.0110 0.9992
1752869074.8845 31.9004 42.1563 3.4916 0.0122 -0.0370 0.0385 0.9985
1752869074.9854 31.8886 42.2160 3.4893 0.0119 -0.0372 0.0631 0.9972
1752869075.0863 31.9039 42.2413 3.4670 0.0110 -0.0372 0.0870 0.9955
1752869075.1871 31.9714 42.2597 3.4876 0.0097 -0.0374 0.1085 0.9933
1752869075.2880 32.0266 42.2851 3.4971 0.0090 -0.0379 0.1263 0.9912
1752869075.3888 32.0415 42.3531 3.5056 0.0093 -0.0385 0.1400 0.9894
1752869075.4897 32.0551 42.4216 3.4918 0.0094 -0.0387 0.1524 0.9875
1752869075.5905 32.0673 42.4531 3.4782 0.0082 -0.0378 0.1647 0.9856
1752869075.6914 32.0911 42.4305 3.4898 0.0066 -0.0374 0.1755 0.9837
1752869075.7923 32.1440 42.4212 3.5000 0.0063 -0.0378 0.1853 0.9819
1752869075.8931 32.2277 42.4389 3.5272 0.0070 -0.0387 0.1925 0.9805
1752869075.9940 32.2411 42.4898 3.5318 0.0073 -0.0390 0.1981 0.9794
1752869076.0948 32.2418 42.5607 3.5280 0.0067 -0.0385 0.2009 0.9788
1752869076.1957 32.2478 42.6085 3.5296 0.0059 -0.0378 0.2048 0.9781
1752869076.2966 32.2962 42.6284 3.5130 0.0062 -0.0378 0.2110 0.9767
1752869076.3974 32.3272 42.6401 3.5196 0.0062 -0.0384 0.2190 0.9749
1752869076.4983 32.3672 42.6458 3.5418 0.0057 -0.0387 0.2267 0.9732
1752869076.5991 32.4093 42.7165 3.5521 0.0050 -0.0386 0.2332 0.9717
1752869076.7000 32.4572 42.7610 3.5586 0.0048 -0.0383 0.2381 0.9705
1752869076.8009 32.4995 42.8023 3.5543 0.0047 -0.0380 0.2433 0.9692
1752869076.9017 32.5088 42.8364 3.5460 0.0046 -0.0381 0.2491 0.9677
1752869077.0026 32.4994 42.8617 3.5375 0.0046 -0.0384 0.2576 0.9655
1752869077.1034 32.5614 42.8854 3.5191 0.0044 -0.0384 0.2674 0.9628
1752869077.2043 32.5973 42.9433 3.5321 0.0045 -0.0388 0.2775 0.9599
1752869077.3052 32.6301 42.9875 3.5509 0.0042 -0.0390 0.2872 0.9571
1752869077.4060 32.6557 43.0251 3.5843 0.0031 -0.0389 0.2964 0.9543
1752869077.5069 32.6540 43.0552 3.5650 0.0024 -0.0386 0.3055 0.9514
1752869077.6077 32.6750 43.0864 3.5584 0.0020 -0.0384 0.3156 0.9481
1752869077.7086 32.6940 43.1453 3.5577 0.0020 -0.0387 0.3262 0.9445
1752869077.8095 32.7135 43.1901 3.5773 0.0016 -0.0392 0.3381 0.9403
1752869077.9103 32.7264 43.2295 3.5909 0.0010 -0.0388 0.3504 0.9358
1752869078.0112 32.7391 43.2820 3.5662 0.0007 -0.0386 0.3612 0.9317
1752869078.1120 32.7649 43.3230 3.5522 0.0004 -0.0390 0.3701 0.9282
1752869078.2129 32.7763 43.3697 3.5415 0.0009 -0.0404 0.3777 0.9250
1752869078.3138 32.8331 43.3997 3.5437 0.0005 -0.0402 0.3838 0.9226
1752869078.4146 32.8856 43.4556 3.5397 0.0002 -0.0399 0.3895 0.9202
1752869078.5155 32.9127 43.4835 3.5503 -0.0005 -0.0395 0.3945 0.9180
1752869078.6163 32.9096 43.5393 3.5735 -0.0004 -0.0392 0.3982 0.9165
1752869078.7172 32.9134 43.5844 3.5745 0.0003 -0.0405 0.4015 0.9150
1752869078.8181 32.9462 43.6225 3.5541 0.0004 -0.0412 0.4049 0.9134
1752869078.9189 32.9808 43.6822 3.5514 -0.0000 -0.0414 0.4072 0.9124
1752869079.0198 33.0278 43.7457 3.5570 -0.0001 -0.0408 0.4083 0.9119
1752869079.1206 33.0619 43.7572 3.5802 -0.0005 -0.0401 0.4083 0.9120
1752869079.2215 33.0650 43.7772 3.6161 -0.0004 -0.0395 0.4072 0.9125
1752869079.3224 33.0989 43.7940 3.6048 -0.0001 -0.0392 0.4042 0.9138
1752869079.4232 33.1552 43.8371 3.5824 0.0005 -0.0397 0.3994 0.9159
1752869079.5241 33.1862 43.8693 3.5689 0.0005 -0.0401 0.3943 0.9181
1752869079.6249 33.2027 43.9162 3.5749 0.0006 -0.0402 0.3904 0.9198
1752869079.7258 33.2362 43.9699 3.5583 0.0017 -0.0399 0.3883 0.9207
1752869079.8267 33.2771 43.9657 3.5786 0.0018 -0.0393 0.3867 0.9214
1752869079.9275 33.3073 43.9786 3.5976 0.0015 -0.0391 0.3842 0.9224
1752869080.0284 33.3246 44.0455 3.6026 0.0011 -0.0396 0.3802 0.9241
1752869080.1292 33.3665 44.1021 3.6134 0.0006 -0.0400 0.3756 0.9259
1752869080.2301 33.3976 44.1382 3.6159 0.0012 -0.0398 0.3717 0.9275
1752869080.3310 33.4390 44.1413 3.6085 0.0024 -0.0395 0.3696 0.9284
1752869080.4318 33.4754 44.1718 3.6031 0.0029 -0.0394 0.3697 0.9283
1752869080.5327 33.5158 44.2027 3.5995 0.0022 -0.0400 0.3737 0.9267
1752869080.6335 33.5444 44.2739 3.6289 0.0002 -0.0400 0.3790 0.9245
1752869080.7344 33.5578 44.3512 3.6362 -0.0010 -0.0389 0.3841 0.9225
1752869080.8353 33.5751 44.3944 3.6381 -0.0008 -0.0383 0.3903 0.9199
1752869080.9361 33.6025 44.3830 3.6525 -0.0001 -0.0387 0.3989 0.9162
1752869081.0370 33.6017 44.4241 3.6671 0.0000 -0.0399 0.4075 0.9124
1752869081.1378 33.6174 44.5122 3.6683 -0.0001 -0.0405 0.4143 0.9092
1752869081.2387 33.6721 44.5862 3.6807 -0.0011 -0.0398 0.4188 0.9072
1752869081.3396 33.7499 44.6438 3.6821 -0.0016 -0.0388 0.4209 0.9063
1752869081.4404 33.7575 44.6907 3.6769 -0.0017 -0.0387 0.4214 0.9060
1752869081.5413 33.7703 44.7075 3.6928 -0.0020 -0.0386 0.4218 0.9059
1752869081.6421 33.8024 44.7222 3.7134 -0.0016 -0.0390 0.4229 0.9054
1752869081.7430 33.8421 44.7734 3.7193 -0.0006 -0.0399 0.4250 0.9043
1752869081.8439 33.8770 44.8573 3.7113 -0.0002 -0.0405 0.4274 0.9031
1752869081.9447 33.9137 44.9226 3.7031 -0.0010 -0.0401 0.4312 0.9014
1752869082.0456 33.9388 44.9501 3.7026 -0.0019 -0.0397 0.4358 0.8992
1752869082.1464 33.9305 44.9525 3.7290 -0.0026 -0.0395 0.4396 0.8973
1752869082.2473 33.9412 44.9923 3.7530 -0.0024 -0.0392 0.4420 0.8962
1752869082.3482 33.9512 45.0688 3.7741 -0.0023 -0.0382 0.4443 0.8951
1752869082.4490 33.9716 45.1665 3.7681 -0.0031 -0.0374 0.4473 0.8936
1752869082.5499 34.0205 45.2448 3.7705 -0.0041 -0.0378 0.4515 0.8915
1752869082.6507 34.0630 45.2927 3.7820 -0.0036 -0.0388 0.4565 0.8888
1752869082.7516 34.0812 45.3147 3.7922 -0.0029 -0.0388 0.4620 0.8861
1752869082.8525 34.1047 45.3681 3.7861 -0.0025 -0.0389 0.4677 0.8830
1752869082.9533 34.1243 45.3999 3.7756 -0.0035 -0.0384 0.4731 0.8802
1752869083.0542 34.1554 45.4504 3.7893 -0.0044 -0.0382 0.4792 0.8769
1752869083.1550 34.1775 45.5266 3.8014 -0.0049 -0.0381 0.4885 0.8717
1752869083.2559 34.1677 45.6001 3.8096 -0.0053 -0.0388 0.5012 0.8644
1752869083.3568 34.1757 45.6443 3.8191 -0.0055 -0.0388 0.5137 0.8571
1752869083.4576 34.1844 45.6939 3.8162 -0.0056 -0.0387 0.5223 0.8519
1752869083.5585 34.2029 45.7510 3.7869 -0.0053 -0.0400 0.5299 0.8471
1752869083.6593 34.2223 45.8079 3.7749 -0.0054 -0.0405 0.5374 0.8423
1752869083.7602 34.2059 45.8671 3.7713 -0.0063 -0.0400 0.5462 0.8367
1752869083.8611 34.1787 45.9324 3.7863 -0.0072 -0.0389 0.5551 0.8308
1752869083.9619 34.1425 46.0028 3.7837 -0.0076 -0.0390 0.5630 0.8255
1752869084.0628 34.1427 46.0412 3.7934 -0.0075 -0.0393 0.5687 0.8216
1752869084.1636 34.2146 46.0689 3.8256 -0.0079 -0.0392 0.5735 0.8182
1752869084.2645 34.2617 46.1030 3.8406 -0.0084 -0.0390 0.5786 0.8146
1752869084.3654 34.2254 46.1852 3.8206 -0.0088 -0.0391 0.5827 0.8117
1752869084.4662 34.1737 46.2627 3.7932 -0.0084 -0.0394 0.5850 0.8101
1752869084.5671 34.1941 46.3168 3.8013 -0.0081 -0.0394 0.5845 0.8104
1752869084.6679 34.2661 46.3614 3.8195 -0.0079 -0.0398 0.5824 0.8119
1752869084.7688 34.3080 46.4219 3.8243 -0.0078 -0.0400 0.5809 0.8129
1752869084.8697 34.2912 46.4794 3.8382 -0.0075 -0.0393 0.5797 0.8138
1752869084.9705 34.2736 46.5230 3.8255 -0.0078 -0.0393 0.5773 0.8156
1752869085.0714 34.2696 46.5640 3.8187 -0.0077 -0.0394 0.5749 0.8172
1752869085.1722 34.3291 46.6101 3.8381 -0.0073 -0.0391 0.5712 0.8199
1752869085.2731 34.3913 46.6817 3.8537 -0.0071 -0.0387 0.5635 0.8252
1752869085.3740 34.4226 46.7139 3.8644 -0.0066 -0.0387 0.5552 0.8308
1752869085.4748 34.4583 46.7403 3.8761 -0.0063 -0.0386 0.5467 0.8364
1752869085.5757 34.4830 46.7875 3.8713 -0.0065 -0.0383 0.5375 0.8424
1752869085.6765 34.5106 46.8417 3.8826 -0.0063 -0.0378 0.5284 0.8481
1752869085.7774 34.5376 46.9080 3.8966 -0.0054 -0.0384 0.5183 0.8543
1752869085.8783 34.6024 46.9671 3.8868 -0.0046 -0.0392 0.5089 0.8599
1752869085.9791 34.6560 46.9923 3.8707 -0.0043 -0.0392 0.5006 0.8648
1752869086.0800 34.6659 47.0202 3.8882 -0.0039 -0.0387 0.4937 0.8688
1752869086.1808 34.7120 47.0651 3.9091 -0.0039 -0.0386 0.4865 0.8728
1752869086.2817 34.7682 47.1040 3.9372 -0.0040 -0.0385 0.4797 0.8766
1752869086.3826 34.8209 47.1400 3.9357 -0.0038 -0.0388 0.4732 0.8801
1752869086.4834 34.8754 47.1798 3.9277 -0.0032 -0.0391 0.4669 0.8834
1752869086.5843 34.9034 47.2688 3.9236 -0.0025 -0.0395 0.4603 0.8869
1752869086.6851 34.9197 47.3412 3.9274 -0.0022 -0.0397 0.4538 0.8902
1752869086.7860 34.9272 47.3501 3.9297 -0.0023 -0.0397 0.4482 0.8930
1752869086.8869 35.0366 47.3285 3.9417 -0.0025 -0.0396 0.4422 0.8960
1752869086.9877 35.1035 47.3664 3.9617 -0.0025 -0.0388 0.4363 0.8990
1752869087.0886 35.1029 47.4167 3.9771 -0.0019 -0.0383 0.4301 0.9020
1752869087.1894 35.1049 47.4788 3.9824 -0.0014 -0.0386 0.4247 0.9045
1752869087.2903 35.1349 47.5607 3.9646 -0.0007 -0.0396 0.4203 0.9065
1752869087.3912 35.2474 47.5617 3.9607 -0.0011 -0.0398 0.4171 0.9080
1752869087.4920 35.3111 47.5475 3.9860 -0.0015 -0.0392 0.4130 0.9099
1752869087.5929 35.3088 47.6031 4.0100 -0.0010 -0.0385 0.4076 0.9124
1752869087.6937 35.3100 47.6821 4.0076 -0.0007 -0.0384 0.4004 0.9155
1752869087.7946 35.3612 47.7377 3.9961 -0.0004 -0.0391 0.3941 0.9182
1752869087.8955 35.4264 47.7725 3.9872 0.0001 -0.0396 0.3878 0.9209
1752869087.9963 35.4930 47.8169 3.9991 0.0009 -0.0405 0.3827 0.9230
1752869088.0972 35.5189 47.8379 4.0089 0.0010 -0.0397 0.3777 0.9251
1752869088.1980 35.5496 47.8725 4.0228 0.0014 -0.0397 0.3729 0.9270
1752869088.2989 35.5787 47.8992 4.0332 0.0015 -0.0399 0.3699 0.9282
1752869088.3998 35.6296 47.9445 4.0229 0.0018 -0.0406 0.3683 0.9288
1752869088.5006 35.6713 47.9991 4.0166 0.0020 -0.0413 0.3672 0.9292
1752869088.6015 35.7062 48.0424 4.0234 0.0024 -0.0413 0.3659 0.9297
1752869088.7023 35.7650 48.0671 4.0285 0.0026 -0.0413 0.3661 0.9297
1752869088.8032 35.8092 48.1021 4.0533 0.0025 -0.0412 0.3676 0.9291
1752869088.9041 35.8327 48.1495 4.0627 0.0021 -0.0410 0.3699 0.9282
1752869089.0049 35.8632 48.1777 4.0603 0.0017 -0.0412 0.3721 0.9273
1752869089.1058 35.8870 48.2089 4.0602 0.0017 -0.0416 0.3736 0.9267
1752869089.2066 35.9085 48.2516 4.0593 0.0021 -0.0417 0.3744 0.9263
1752869089.3075 35.9405 48.3161 4.0763 0.0023 -0.0413 0.3754 0.9259
1752869089.4084 35.9795 48.3487 4.0868 0.0023 -0.0412 0.3761 0.9257
1752869089.5092 36.0271 48.3760 4.0699 0.0024 -0.0417 0.3768 0.9254
1752869089.6101 36.0961 48.4063 4.0613 0.0021 -0.0424 0.3774 0.9251
1752869089.7109 36.1094 48.4230 4.0718 0.0020 -0.0423 0.3767 0.9254
1752869089.8118 36.1119 48.4593 4.0953 0.0022 -0.0420 0.3746 0.9262
1752869089.9127 36.1110 48.5060 4.0899 0.0025 -0.0414 0.3724 0.9272
1752869090.0135 36.1526 48.5276 4.0809 0.0022 -0.0410 0.3702 0.9280
1752869090.1144 36.2165 48.5549 4.0819 0.0023 -0.0419 0.3677 0.9290
1752869090.2152 36.2648 48.5701 4.0836 0.0027 -0.0427 0.3645 0.9302
1752869090.3161 36.2728 48.6079 4.0863 0.0032 -0.0427 0.3600 0.9320
1752869090.4170 36.2669 48.6120 4.0967 0.0036 -0.0423 0.3548 0.9340
1752869090.5178 36.3027 48.6236 4.1058 0.0034 -0.0417 0.3508 0.9355
1752869090.6187 36.3314 48.6606 4.1033 0.0034 -0.0421 0.3465 0.9371
1752869090.7195 36.3875 48.7109 4.1150 0.0036 -0.0427 0.3429 0.9384
1752869090.8204 36.4333 48.7449 4.1228 0.0040 -0.0430 0.3415 0.9389
1752869090.9213 36.4832 48.7594 4.1389 0.0041 -0.0426 0.3426 0.9385
1752869091.0221 36.4859 48.7567 4.1354 0.0037 -0.0419 0.3449 0.9377
1752869091.1230 36.4778 48.7984 4.1214 0.0032 -0.0416 0.3466 0.9371
1752869091.2238 36.4842 48.8343 4.1151 0.0030 -0.0420 0.3471 0.9369
1752869091.3247 36.5449 48.8766 4.1384 0.0036 -0.0431 0.3463 0.9371
1752869091.4256 36.6144 48.8955 4.1505 0.0039 -0.0431 0.3480 0.9365
1752869091.5264 36.6795 48.9351 4.1504 0.0034 -0.0424 0.3531 0.9346
1752869091.6273 36.7013 48.9457 4.1393 0.0030 -0.0418 0.3608 0.9317
1752869091.7281 36.6885 48.9929 4.1381 0.0026 -0.0422 0.3683 0.9287
1752869091.8290 36.6853 49.0665 4.1395 0.0020 -0.0426 0.3769 0.9253
1752869091.9299 36.7094 49.1363 4.1422 0.0014 -0.0426 0.3881 0.9206
1752869092.0307 36.7190 49.1774 4.1562 0.0013 -0.0428 0.4004 0.9154
1752869092.1316 36.6941 49.1808 4.1769 0.0013 -0.0430 0.4123 0.9100
1752869092.2324 36.6690 49.2045 4.1837 0.0010 -0.0433 0.4229 0.9051
1752869092.3333 36.6937 49.2800 4.1583 -0.0003 -0.0430 0.4329 0.9004
1752869092.4342 36.6740 49.3579 4.1045 -0.0017 -0.0427 0.4425 0.8958
1752869092.5350 36.6885 49.4082 4.0945 -0.0021 -0.0425 0.4522 0.8909
1752869092.6359 36.7465 49.4280 4.1315 -0.0019 -0.0424 0.4614 0.8862
1752869092.7367 36.7831 49.4465 4.1758 -0.0016 -0.0428 0.4701 0.8816
1752869092.8376 36.7685 49.4862 4.1625 -0.0018 -0.0430 0.4782 0.8772
1752869092.9385 36.7573 49.5787 4.1438 -0.0028 -0.0429 0.4870 0.8724
1752869093.0393 36.7653 49.6494 4.1427 -0.0041 -0.0426 0.4957 0.8675
1752869093.1402 36.8108 49.6775 4.1555 -0.0043 -0.0424 0.5044 0.8624
1752869093.2410 36.8116 49.6741 4.1531 -0.0043 -0.0423 0.5140 0.8567
1752869093.3419 36.7946 49.7185 4.1614 -0.0041 -0.0430 0.5248 0.8502
1752869093.4428 36.7566 49.7818 4.1758 -0.0044 -0.0433 0.5357 0.8433
1752869093.5436 36.7190 49.8305 4.1929 -0.0054 -0.0434 0.5466 0.8362
1752869093.6445 36.7536 49.8554 4.1986 -0.0061 -0.0433 0.5571 0.8293
1752869093.7453 36.7859 49.9065 4.1698 -0.0074 -0.0422 0.5678 0.8220
1752869093.8462 36.7831 49.9646 4.1782 -0.0079 -0.0417 0.5791 0.8141
1752869093.9471 36.6802 50.0600 4.1576 -0.0086 -0.0416 0.5907 0.8057
1752869094.0479 36.6535 50.0995 4.1529 -0.0092 -0.0414 0.6028 0.7968
1752869094.1488 36.6604 50.1187 4.1406 -0.0092 -0.0414 0.6141 0.7881
1752869094.2496 36.6850 50.1412 4.1380 -0.0097 -0.0412 0.6252 0.7793
1752869094.3505 36.6780 50.1756 4.1398 -0.0102 -0.0412 0.6358 0.7707
1752869094.4514 36.6350 50.2382 4.1430 -0.0112 -0.0409 0.6448 0.7632
1752869094.5522 36.5923 50.2995 4.1403 -0.0116 -0.0412 0.6525 0.7566
1752869094.6531 36.5601 50.3303 4.1338 -0.0116 -0.0416 0.6590 0.7509
1752869094.7539 36.5559 50.3572 4.1230 -0.0117 -0.0415 0.6636 0.7469
1752869094.8548 36.5366 50.4092 4.1191 -0.0117 -0.0414 0.6663 0.7444
1752869094.9557 36.5828 50.4528 4.1226 -0.0120 -0.0411 0.6684 0.7426
1752869095.0565 36.5736 50.4877 4.1177 -0.0121 -0.0417 0.6700 0.7411
1752869095.1574 36.5607 50.5089 4.0848 -0.0125 -0.0416 0.6709 0.7403
1752869095.2582 36.5372 50.5556 4.0750 -0.0124 -0.0425 0.6722 0.7391
1752869095.3591 36.5620 50.6010 4.1112 -0.0118 -0.0464 0.6746 0.7366
1752869095.4600 36.5859 50.6463 4.1537 -0.0111 -0.0514 0.6774 0.7338
1752869095.5608 36.5873 50.6989 4.1326 -0.0113 -0.0521 0.6807 0.7306
1752869095.6617 36.5725 50.7244 4.0681 -0.0118 -0.0493 0.6844 0.7274
1752869095.7625 36.5393 50.7265 4.0415 -0.0131 -0.0454 0.6883 0.7239
1752869095.8634 36.5062 50.7452 4.0486 -0.0138 -0.0419 0.6924 0.7201
1752869095.9643 36.4985 50.8046 4.0922 -0.0137 -0.0414 0.6979 0.7148
1752869096.0651 36.5054 50.8291 4.1084 -0.0134 -0.0404 0.7031 0.7098
1752869096.1660 36.5203 50.8899 4.0958 -0.0138 -0.0401 0.7065 0.7064
1752869096.2668 36.5011 50.9407 4.0758 -0.0140 -0.0403 0.7089 0.7040
1752869096.3677 36.4813 50.9866 4.0413 -0.0141 -0.0421 0.7105 0.7022
1752869096.4686 36.4425 51.0124 4.0100 -0.0140 -0.0433 0.7120 0.7007
1752869096.5694 36.4174 51.0605 4.0222 -0.0145 -0.0452 0.7135 0.6990
1752869096.6703 36.4560 51.1210 4.0406 -0.0154 -0.0461 0.7154 0.6970
1752869096.7711 36.4557 51.1727 4.0585 -0.0154 -0.0472 0.7171 0.6952
1752869096.8720 36.4600 51.2207 4.0370 -0.0154 -0.0471 0.7182 0.6940
1752869096.9729 36.4147 51.2553 4.0180 -0.0151 -0.0464 0.7200 0.6923
1752869097.0737 36.3744 51.2842 4.0161 -0.0144 -0.0447 0.7225 0.6898
1752869097.1746 36.3501 51.3125 4.0334 -0.0143 -0.0439 0.7252 0.6870
1752869097.2754 36.3637 51.3813 4.0465 -0.0149 -0.0443 0.7278 0.6842
1752869097.3763 36.3639 51.4643 4.0242 -0.0156 -0.0458 0.7310 0.6807
1752869097.4772 36.3597 51.5112 3.9929 -0.0162 -0.0474 0.7349 0.6763
1752869097.5780 36.3472 51.5346 3.9682 -0.0162 -0.0469 0.7387 0.6722
1752869097.6789 36.3434 51.5512 3.9703 -0.0159 -0.0460 0.7414 0.6693
1752869097.7797 36.3390 51.6063 3.9820 -0.0161 -0.0457 0.7432 0.6673
1752869097.8806 36.3140 51.7046 3.9905 -0.0159 -0.0464 0.7431 0.6674
1752869097.9815 36.2818 51.8040 3.9819 -0.0158 -0.0470 0.7427 0.6677
1752869098.0823 36.2426 51.8768 3.9474 -0.0151 -0.0472 0.7421 0.6685
1752869098.1832 36.2584 51.9155 3.9493 -0.0143 -0.0480 0.7419 0.6686
1752869098.2840 36.2761 51.9349 3.9527 -0.0141 -0.0484 0.7418 0.6688
1752869098.3849 36.2981 51.9806 3.9325 -0.0150 -0.0472 0.7412 0.6694
1752869098.4858 36.2825 52.0701 3.9512 -0.0148 -0.0477 0.7388 0.6720
1752869098.5866 36.2452 52.1648 4.0137 -0.0141 -0.0494 0.7357 0.6754
1752869098.6875 36.1896 52.2144 4.0266 -0.0141 -0.0495 0.7328 0.6785
1752869098.7883 36.1964 52.2120 4.0299 -0.0143 -0.0482 0.7298 0.6818
1752869098.8892 36.2761 52.2627 3.9712 -0.0144 -0.0475 0.7261 0.6858
1752869098.9901 36.3180 52.3139 3.9632 -0.0143 -0.0476 0.7220 0.6901
1752869099.0909 36.2921 52.3847 3.9987 -0.0133 -0.0479 0.7163 0.6960
1752869099.1918 36.2544 52.4221 4.0387 -0.0119 -0.0483 0.7097 0.7027
1752869099.2926 36.2930 52.4516 4.0696 -0.0110 -0.0482 0.7034 0.7090
1752869099.3935 36.3627 52.5154 4.0657 -0.0103 -0.0487 0.6986 0.7138
1752869099.4944 36.4064 52.5951 4.0645 -0.0106 -0.0495 0.6959 0.7164
1752869099.5952 36.3543 52.6513 4.0379 -0.0110 -0.0497 0.6936 0.7186
1752869099.6961 36.3086 52.6672 4.0133 -0.0112 -0.0500 0.6905 0.7215
1752869099.7969 36.2850 52.6958 4.0273 -0.0105 -0.0498 0.6888 0.7232
1752869099.8978 36.2917 52.7293 4.0330 -0.0102 -0.0498 0.6877 0.7242
1752869099.9986 36.3215 52.7643 4.0500 -0.0102 -0.0496 0.6868 0.7251
1752869100.0995 36.3427 52.8063 4.0568 -0.0100 -0.0503 0.6858 0.7260
1752869100.2004 36.3530 52.8611 4.0703 -0.0098 -0.0506 0.6844 0.7273
1752869100.3012 36.3443 52.9111 4.0697 -0.0099 -0.0512 0.6825 0.7291
1752869100.4021 36.3175 52.9357 4.0456 -0.0098 -0.0522 0.6822 0.7292
1752869100.5030 36.3336 52.9503 4.0432 -0.0100 -0.0520 0.6846 0.7270
1752869100.6038 36.2943 52.9979 4.0376 -0.0103 -0.0510 0.6893 0.7226
1752869100.7047 36.2627 53.0481 4.0145 -0.0111 -0.0498 0.6939 0.7183
1752869100.8055 36.2640 53.0904 4.0428 -0.0117 -0.0493 0.6960 0.7163
1752869100.9064 36.2716 53.1450 4.0575 -0.0107 -0.0512 0.6950 0.7171
1752869101.0073 36.3189 53.1988 4.0663 -0.0096 -0.0525 0.6935 0.7185
1752869101.1081 36.3168 53.2589 4.0584 -0.0093 -0.0512 0.6940 0.7181
1752869101.2090 36.2255 53.3226 4.0376 -0.0100 -0.0490 0.6972 0.7151
1752869101.3098 36.1855 53.3572 4.0153 -0.0112 -0.0482 0.7008 0.7116
1752869101.4107 36.2153 53.3773 4.0022 -0.0115 -0.0504 0.7034 0.7090
1752869101.5115 36.2683 53.4399 3.9753 -0.0108 -0.0530 0.7063 0.7059
1752869101.6124 36.2565 53.4844 3.9941 -0.0103 -0.0540 0.7083 0.7038
1752869101.7133 36.2009 53.5448 4.0100 -0.0106 -0.0523 0.7116 0.7006
1752869101.8141 36.1496 53.5847 4.0264 -0.0114 -0.0500 0.7172 0.6949
1752869101.9150 36.1267 53.6386 4.0137 -0.0120 -0.0495 0.7234 0.6886
1752869102.0158 36.1088 53.6592 3.9955 -0.0127 -0.0489 0.7293 0.6823
1752869102.1167 36.1089 53.6555 3.9806 -0.0128 -0.0505 0.7345 0.6767
1752869102.2176 36.1522 53.6444 3.9664 -0.0128 -0.0522 0.7391 0.6714
1752869102.3184 36.1224 53.7137 3.9839 -0.0132 -0.0523 0.7444 0.6655
1752869102.4193 36.0782 53.7943 3.9745 -0.0140 -0.0526 0.7503 0.6588
1752869102.5201 36.0251 53.8390 3.9390 -0.0143 -0.0508 0.7577 0.6505
1752869102.6210 35.9771 53.8416 3.9307 -0.0146 -0.0493 0.7661 0.6406
1752869102.7219 35.9785 53.7922 3.9346 -0.0152 -0.0494 0.7747 0.6302
1752869102.8227 35.9739 53.7724 3.9728 -0.0153 -0.0501 0.7836 0.6190
1752869102.9236 35.9572 53.8109 3.9932 -0.0159 -0.0500 0.7935 0.6063
1752869103.0244 35.9057 53.8778 3.9775 -0.0169 -0.0492 0.8034 0.5931
1752869103.1253 35.8347 53.9010 3.9596 -0.0186 -0.0484 0.8144 0.5780
1752869103.2262 35.8029 53.8600 3.9232 -0.0202 -0.0480 0.8259 0.5615
1752869103.3270 35.7756 53.8049 3.9182 -0.0208 -0.0480 0.8369 0.5448
1752869103.4279 35.7246 53.7993 3.9265 -0.0208 -0.0479 0.8468 0.5294
1752869103.5287 35.6695 53.8398 3.9253 -0.0216 -0.0479 0.8553 0.5155
1752869103.6296 35.6405 53.9043 3.9213 -0.0224 -0.0470 0.8631 0.5023
1752869103.7305 35.6361 53.9498 3.9245 -0.0234 -0.0463 0.8707 0.4891
1752869103.8313 35.5891 53.9616 3.9293 -0.0239 -0.0459 0.8781 0.4756
1752869103.9322 35.5197 53.9162 3.9138 -0.0243 -0.0452 0.8848 0.4631
1752869104.0330 35.4957 53.8975 3.9057 -0.0252 -0.0458 0.8900 0.4530
1752869104.1339 35.4942 53.9275 3.9093 -0.0256 -0.0460 0.8933 0.4464
1752869104.2348 35.4310 54.0015 3.8990 -0.0260 -0.0454 0.8963 0.4404
1752869104.3356 35.3861 54.0375 3.9051 -0.0262 -0.0449 0.8995 0.4338
1752869104.4365 35.3672 54.0603 3.9256 -0.0264 -0.0448 0.9027 0.4271
1752869104.5373 35.3460 54.0709 3.9425 -0.0266 -0.0448 0.9058 0.4206
1752869104.6382 35.2628 54.1058 3.9486 -0.0267 -0.0445 0.9086 0.4145
1752869104.7391 35.1912 54.1172 3.9034 -0.0267 -0.0444 0.9108 0.4096
1752869104.8399 35.1525 54.1253 3.8576 -0.0272 -0.0444 0.9124 0.4061
1752869104.9408 35.1500 54.1489 3.8592 -0.0274 -0.0441 0.9133 0.4039
1752869105.0416 35.1358 54.1967 3.8655 -0.0269 -0.0442 0.9136 0.4033
1752869105.1425 35.0691 54.2375 3.8832 -0.0267 -0.0440 0.9130 0.4046
1752869105.2434 35.0052 54.2704 3.8625 -0.0265 -0.0443 0.9124 0.4061
1752869105.3442 34.9965 54.3179 3.8342 -0.0266 -0.0449 0.9118 0.4073
1752869105.4451 34.9821 54.4075 3.8132 -0.0266 -0.0455 0.9124 0.4058
1752869105.5459 34.9731 54.4396 3.8209 -0.0267 -0.0453 0.9143 0.4015
1752869105.6468 34.9077 54.3954 3.8594 -0.0267 -0.0437 0.9168 0.3960
1752869105.7477 34.8413 54.3879 3.8805 -0.0268 -0.0431 0.9194 0.3901
1752869105.8485 34.8105 54.4441 3.8825 -0.0270 -0.0436 0.9222 0.3834
1752869105.9494 34.7983 54.5195 3.8348 -0.0275 -0.0443 0.9254 0.3754
1752869106.0502 34.7268 54.5649 3.8141 -0.0279 -0.0443 0.9288 0.3668
1752869106.1511 34.6535 54.5486 3.8388 -0.0284 -0.0431 0.9319 0.3591
1752869106.2520 34.5872 54.5292 3.8376 -0.0286 -0.0423 0.9341 0.3533
1752869106.3528 34.5293 54.5671 3.8326 -0.0290 -0.0429 0.9358 0.3487
1752869106.4537 34.4629 54.6638 3.8243 -0.0289 -0.0436 0.9366 0.3465
1752869106.5545 34.4493 54.7161 3.8201 -0.0289 -0.0435 0.9368 0.3459
1752869106.6554 34.4394 54.7035 3.8078 -0.0283 -0.0424 0.9369 0.3458
1752869106.7563 34.4070 54.7005 3.8049 -0.0280 -0.0421 0.9373 0.3448
1752869106.8571 34.3669 54.7114 3.8138 -0.0283 -0.0429 0.9380 0.3427
1752869106.9580 34.3118 54.7539 3.8222 -0.0288 -0.0433 0.9389 0.3402
1752869107.0588 34.2359 54.7668 3.8066 -0.0292 -0.0435 0.9399 0.3375
1752869107.1597 34.1795 54.8059 3.7894 -0.0293 -0.0429 0.9407 0.3352
1752869107.2606 34.1569 54.8699 3.7822 -0.0292 -0.0425 0.9415 0.3331
1752869107.3614 34.1110 54.8983 3.8003 -0.0295 -0.0421 0.9426 0.3299
1752869107.4623 34.0437 54.9315 3.8047 -0.0295 -0.0422 0.9445 0.3244
1752869107.5631 33.9456 54.9427 3.7919 -0.0296 -0.0422 0.9467 0.3178
1752869107.6640 33.8496 54.9506 3.7729 -0.0297 -0.0421 0.9489 0.3113
1752869107.7649 33.7903 54.9569 3.7512 -0.0298 -0.0415 0.9508 0.3055
1752869107.8657 33.7399 54.9896 3.7336 -0.0295 -0.0408 0.9525 0.3002
1752869107.9666 33.7374 55.0425 3.7397 -0.0297 -0.0406 0.9543 0.2946
1752869108.0674 33.6905 55.0445 3.7442 -0.0299 -0.0406 0.9563 0.2881
1752869108.1683 33.6402 55.0582 3.7646 -0.0306 -0.0406 0.9590 0.2787
1752869108.2692 33.5196 55.0837 3.7517 -0.0310 -0.0405 0.9618 0.2688
1752869108.3700 33.3915 55.0813 3.7101 -0.0316 -0.0400 0.9640 0.2611
1752869108.4709 33.3023 55.1031 3.6755 -0.0313 -0.0390 0.9649 0.2578
1752869108.5717 33.3045 55.1316 3.6856 -0.0312 -0.0389 0.9650 0.2575
1752869108.6726 33.3300 55.1430 3.7242 -0.0307 -0.0393 0.9649 0.2577
1752869108.7735 33.3189 55.1668 3.7434 -0.0310 -0.0400 0.9653 0.2561
1752869108.8743 33.2042 55.1926 3.7251 -0.0312 -0.0402 0.9659 0.2538
1752869108.9752 33.0993 55.2264 3.7043 -0.0312 -0.0397 0.9663 0.2524
1752869109.0760 33.0148 55.2402 3.6865 -0.0312 -0.0390 0.9662 0.2528
1752869109.1769 32.9892 55.2316 3.7013 -0.0311 -0.0390 0.9656 0.2554
1752869109.2778 33.0200 55.2635 3.7005 -0.0315 -0.0398 0.9654 0.2559
1752869109.3786 33.0197 55.3123 3.6716 -0.0311 -0.0403 0.9655 0.2556
1752869109.4795 32.9001 55.3397 3.6643 -0.0305 -0.0400 0.9654 0.2559
1752869109.5803 32.7731 55.3579 3.6548 -0.0303 -0.0395 0.9652 0.2567
1752869109.6812 32.7101 55.3792 3.6392 -0.0304 -0.0394 0.9649 0.2578
1752869109.7821 32.7209 55.3850 3.6457 -0.0308 -0.0396 0.9646 0.2588
1752869109.8829 32.7074 55.4230 3.6462 -0.0306 -0.0401 0.9644 0.2596
1752869109.9838 32.6333 55.4332 3.6445 -0.0304 -0.0403 0.9644 0.2598
1752869110.0846 32.5151 55.4662 3.6461 -0.0304 -0.0402 0.9645 0.2592
1752869110.1855 32.4715 55.5208 3.6362 -0.0306 -0.0402 0.9647 0.2583
1752869110.2864 32.4453 55.5748 3.6244 -0.0303 -0.0402 0.9650 0.2575
1752869110.3872 32.4210 55.5763 3.6230 -0.0301 -0.0402 0.9648 0.2581
1752869110.4881 32.3301 55.5973 3.6135 -0.0300 -0.0403 0.9643 0.2599
1752869110.5889 32.2731 55.6120 3.6224 -0.0300 -0.0402 0.9644 0.2595
1752869110.6898 32.1918 55.6401 3.6208 -0.0300 -0.0400 0.9645 0.2593
1752869110.7907 32.1314 55.7022 3.5949 -0.0298 -0.0403 0.9641 0.2609
1752869110.8915 32.0583 55.7444 3.5696 -0.0298 -0.0408 0.9633 0.2638
1752869110.9924 31.9951 55.7580 3.5522 -0.0293 -0.0405 0.9625 0.2668
1752869111.0932 31.9505 55.7631 3.5640 -0.0292 -0.0406 0.9617 0.2695
1752869111.1941 31.9183 55.8161 3.5889 -0.0293 -0.0409 0.9611 0.2716
1752869111.2950 31.8933 55.8800 3.6223 -0.0293 -0.0406 0.9607 0.2730
1752869111.3958 31.8235 55.9158 3.6183 -0.0291 -0.0405 0.9604 0.2740
1752869111.4967 31.7645 55.9071 3.5962 -0.0290 -0.0405 0.9599 0.2758
1752869111.5975 31.6934 55.9127 3.5697 -0.0288 -0.0407 0.9596 0.2768
1752869111.6984 31.6281 55.9677 3.5415 -0.0287 -0.0409 0.9597 0.2766
1752869111.7993 31.5620 56.0333 3.5358 -0.0290 -0.0412 0.9599 0.2756
1752869111.9001 31.4870 56.0874 3.5458 -0.0291 -0.0413 0.9601 0.2752
1752869112.0010 31.4415 56.0887 3.5495 -0.0292 -0.0413 0.9599 0.2758
1752869112.1018 31.3938 56.0856 3.5441 -0.0291 -0.0413 0.9595 0.2771
1752869112.2027 31.3183 56.1427 3.5427 -0.0285 -0.0412 0.9587 0.2801
1752869112.3036 31.2635 56.1984 3.5329 -0.0283 -0.0413 0.9579 0.2828
1752869112.4044 31.2351 56.2171 3.5162 -0.0286 -0.0416 0.9571 0.2853
1752869112.5053 31.2257 56.2307 3.5216 -0.0290 -0.0419 0.9562 0.2881
1752869112.6061 31.1293 56.2694 3.5262 -0.0288 -0.0420 0.9555 0.2907
1752869112.7070 30.9823 56.3383 3.5258 -0.0286 -0.0421 0.9553 0.2912
1752869112.8079 30.8935 56.4096 3.4927 -0.0286 -0.0424 0.9560 0.2889
1752869112.9087 30.8894 56.4485 3.4511 -0.0290 -0.0428 0.9578 0.2829
1752869113.0096 30.9120 56.4405 3.4727 -0.0296 -0.0425 0.9595 0.2769
1752869113.1104 30.7902 56.4204 3.5403 -0.0292 -0.0410 0.9614 0.2707
1752869113.2113 30.6667 56.4432 3.5408 -0.0293 -0.0406 0.9631 0.2645
1752869113.3122 30.5370 56.4670 3.5112 -0.0296 -0.0407 0.9649 0.2577
1752869113.4130 30.4797 56.5000 3.4804 -0.0303 -0.0409 0.9667 0.2510
1752869113.5139 30.4183 56.5199 3.4843 -0.0310 -0.0408 0.9684 0.2442
1752869113.6147 30.3660 56.5526 3.4580 -0.0312 -0.0411 0.9694 0.2401
1752869113.7156 30.2793 56.6022 3.4783 -0.0310 -0.0405 0.9703 0.2365
1752869113.8165 30.1811 56.6643 3.4950 -0.0305 -0.0401 0.9712 0.2330
1752869113.9173 30.1256 56.7088 3.4948 -0.0304 -0.0399 0.9722 0.2288
1752869114.0182 30.0624 56.6883 3.4916 -0.0311 -0.0397 0.9735 0.2231
1752869114.1190 29.9999 56.6461 3.4875 -0.0317 -0.0394 0.9749 0.2170
1752869114.2199 29.9303 56.6632 3.4390 -0.0316 -0.0396 0.9759 0.2123
1752869114.3208 29.8714 56.7350 3.4031 -0.0311 -0.0398 0.9764 0.2100
1752869114.4216 29.8024 56.7986 3.4275 -0.0312 -0.0396 0.9767 0.2084
1752869114.5225 29.7238 56.8415 3.4634 -0.0315 -0.0392 0.9773 0.2058
1752869114.6233 29.6328 56.8241 3.4785 -0.0315 -0.0387 0.9781 0.2019
1752869114.7242 29.5798 56.7888 3.4635 -0.0316 -0.0385 0.9789 0.1984
1752869114.8251 29.5132 56.7918 3.4416 -0.0318 -0.0388 0.9792 0.1968
1752869114.9259 29.4065 56.8668 3.4444 -0.0317 -0.0389 0.9794 0.1958
1752869115.0268 29.3063 56.9329 3.4324 -0.0315 -0.0389 0.9797 0.1939
1752869115.1276 29.2049 56.9714 3.4265 -0.0316 -0.0387 0.9803 0.1910
1752869115.2285 29.1285 56.9681 3.4000 -0.0319 -0.0386 0.9810 0.1872
1752869115.3294 29.0441 56.9635 3.3908 -0.0321 -0.0386 0.9818 0.1833
1752869115.4302 28.9766 56.9649 3.3894 -0.0319 -0.0385 0.9826 0.1791
1752869115.5311 28.8981 56.9949 3.3862 -0.0317 -0.0382 0.9833 0.1751
1752869115.6319 28.8229 57.0498 3.3828 -0.0320 -0.0382 0.9841 0.1706
1752869115.7328 28.7480 57.0874 3.3607 -0.0325 -0.0382 0.9848 0.1664
1752869115.8337 28.6350 57.0898 3.3042 -0.0330 -0.0387 0.9854 0.1626
1752869115.9345 28.5609 57.1045 3.3219 -0.0332 -0.0386 0.9861 0.1582
1752869116.0354 28.5331 57.0946 3.3468 -0.0331 -0.0383 0.9868 0.1541
1752869116.1362 28.4699 57.0754 3.3485 -0.0329 -0.0377 0.9875 0.1495
1752869116.2371 28.3642 57.0772 3.3319 -0.0329 -0.0372 0.9882 0.1451
1752869116.3380 28.3058 57.1038 3.3184 -0.0333 -0.0371 0.9889 0.1402
1752869116.4388 28.2511 57.1109 3.3184 -0.0336 -0.0372 0.9897 0.1339
1752869116.5397 28.2006 57.1199 3.3177 -0.0337 -0.0372 0.9905 0.1277
1752869116.6405 28.1516 57.1324 3.3110 -0.0337 -0.0369 0.9912 0.1226
1752869116.7414 28.0661 57.0979 3.3068 -0.0339 -0.0364 0.9917 0.1190
1752869116.8423 27.9745 57.1111 3.2653 -0.0341 -0.0366 0.9920 0.1160
1752869116.9431 27.9153 57.1418 3.2560 -0.0341 -0.0366 0.9921 0.1146
1752869117.0440 27.8625 57.1716 3.2801 -0.0341 -0.0365 0.9924 0.1128
1752869117.1448 27.8192 57.1665 3.3053 -0.0341 -0.0363 0.9927 0.1102
1752869117.2457 27.7591 57.1519 3.3393 -0.0341 -0.0357 0.9929 0.1082
1752869117.3466 27.6443 57.1575 3.3201 -0.0341 -0.0355 0.9930 0.1071
1752869117.4474 27.5368 57.1765 3.2775 -0.0339 -0.0356 0.9932 0.1060
1752869117.5483 27.5086 57.1878 3.2711 -0.0338 -0.0358 0.9932 0.1054
1752869117.6491 27.4861 57.1753 3.2684 -0.0338 -0.0360 0.9933 0.1044
1752869117.7500 27.3792 57.1797 3.2840 -0.0338 -0.0357 0.9934 0.1035
1752869117.8509 27.2915 57.2111 3.2981 -0.0340 -0.0353 0.9936 0.1015
1752869117.9517 27.1975 57.2327 3.2946 -0.0341 -0.0351 0.9939 0.0990
1752869118.0526 27.1425 57.2178 3.2784 -0.0342 -0.0349 0.9940 0.0981
1752869118.1534 27.0805 57.1987 3.2394 -0.0341 -0.0353 0.9939 0.0983
1752869118.2543 27.0060 57.2078 3.2246 -0.0338 -0.0358 0.9938 0.0994
1752869118.3552 26.9385 57.2561 3.2470 -0.0335 -0.0358 0.9937 0.1008
1752869118.4560 26.8927 57.3185 3.2540 -0.0336 -0.0357 0.9936 0.1021
1752869118.5569 26.7937 57.3130 3.2305 -0.0337 -0.0359 0.9933 0.1043
1752869118.6577 26.6867 57.2689 3.2009 -0.0335 -0.0359 0.9931 0.1065
1752869118.7586 26.6216 57.2845 3.1929 -0.0333 -0.0360 0.9928 0.1094
1752869118.8595 26.5634 57.3305 3.2288 -0.0328 -0.0360 0.9925 0.1125
1752869118.9603 26.4940 57.3866 3.2568 -0.0323 -0.0358 0.9921 0.1157
1752869119.0612 26.4139 57.4030 3.2595 -0.0322 -0.0356 0.9918 0.1188
1752869119.1620 26.3579 57.4242 3.2253 -0.0323 -0.0358 0.9914 0.1216
1752869119.2629 26.2918 57.4367 3.1929 -0.0327 -0.0363 0.9911 0.1239
1752869119.3638 26.2057 57.4158 3.1931 -0.0327 -0.0365 0.9909 0.1254
1752869119.4646 26.1518 57.4242 3.2186 -0.0322 -0.0363 0.9908 0.1266
1752869119.5655 26.1380 57.4478 3.2366 -0.0317 -0.0361 0.9907 0.1271
1752869119.6663 26.0645 57.4691 3.2243 -0.0316 -0.0361 0.9907 0.1275
1752869119.7672 25.9484 57.5215 3.2034 -0.0317 -0.0361 0.9907 0.1275
1752869119.8681 25.8739 57.5455 3.1991 -0.0320 -0.0360 0.9908 0.1261
1752869119.9689 25.8070 57.5366 3.1940 -0.0320 -0.0362 0.9910 0.1249
1752869120.0698 25.7609 57.5038 3.1912 -0.0318 -0.0364 0.9911 0.1238
1752869120.1706 25.6597 57.5025 3.1853 -0.0315 -0.0361 0.9912 0.1234
1752869120.2715 25.6188 57.5260 3.1804 -0.0314 -0.0359 0.9912 0.1234
1752869120.3724 25.5489 57.5611 3.1679 -0.0317 -0.0360 0.9911 0.1239
1752869120.4732 25.5022 57.5850 3.1658 -0.0318 -0.0363 0.9910 0.1246
1752869120.5741 25.4590 57.5981 3.1793 -0.0316 -0.0364 0.9909 0.1254
1752869120.6749 25.4002 57.6105 3.1783 -0.0314 -0.0366 0.9909 0.1259
1752869120.7758 25.3490 57.6115 3.1603 -0.0312 -0.0367 0.9907 0.1272
1752869120.8767 25.3181 57.6301 3.1417 -0.0314 -0.0367 0.9905 0.1288
1752869120.9775 25.2534 57.6431 3.1379 -0.0315 -0.0365 0.9903 0.1305
1752869121.0784 25.2107 57.6330 3.1541 -0.0316 -0.0363 0.9902 0.1310
1752869121.1792 25.1951 57.6446 3.1608 -0.0314 -0.0363 0.9902 0.1308
1752869121.2801 25.1802 57.6601 3.1644 -0.0313 -0.0363 0.9902 0.1315
1752869121.3810 25.1621 57.6746 3.1482 -0.0312 -0.0366 0.9900 0.1325
1752869121.4818 25.1162 57.6891 3.1313 -0.0311 -0.0367 0.9899 0.1335
1752869121.5827 25.0814 57.7055 3.1242 -0.0311 -0.0367 0.9899 0.1337
1752869121.6835 25.0252 57.6983 3.1265 -0.0311 -0.0366 0.9898 0.1342
1752869121.7844 25.0545 57.6847 3.1290 -0.0310 -0.0366 0.9897 0.1351
1752869121.8853 25.0485 57.6839 3.1259 -0.0310 -0.0368 0.9895 0.1362
1752869121.9861 25.0264 57.6877 3.1363 -0.0310 -0.0367 0.9895 0.1364
1752869122.0870 25.0001 57.6846 3.1484 -0.0310 -0.0367 0.9895 0.1360
1752869122.1878 25.0052 57.7019 3.1375 -0.0309 -0.0366 0.9896 0.1358
1752869122.2887 24.9998 57.7122 3.1272 -0.0309 -0.0365 0.9896 0.1356
1752869122.3896 24.9978 57.7115 3.1369 -0.0307 -0.0365 0.9895 0.1363
1752869122.4904 25.0252 57.7023 3.1397 -0.0309 -0.0366 0.9894 0.1374
1752869122.5913 25.0352 57.6768 3.1508 -0.0312 -0.0367 0.9892 0.1381
1752869122.6921 25.0221 57.6648 3.1630 -0.0312 -0.0366 0.9893 0.1378
1752869122.7930 25.0210 57.6852 3.1533 -0.0310 -0.0365 0.9894 0.1370
1752869122.8939 25.0096 57.7111 3.1379 -0.0308 -0.0364 0.9895 0.1366
1752869122.9947 24.9992 57.7243 3.1452 -0.0308 -0.0363 0.9894 0.1372
1752869123.0956 24.9960 57.7045 3.1431 -0.0309 -0.0366 0.9892 0.1384
1752869123.1964 24.9811 57.6694 3.1427 -0.0309 -0.0366 0.9890 0.1400
1752869123.2973 24.9680 57.6710 3.1374 -0.0308 -0.0367 0.9888 0.1412
1752869123.3982 24.9437 57.7070 3.1247 -0.0308 -0.0367 0.9888 0.1416
1752869123.4990 24.9217 57.7542 3.1256 -0.0309 -0.0368 0.9887 0.1419
1752869123.5999 24.9071 57.7585 3.1337 -0.0309 -0.0369 0.9887 0.1423
1752869123.7007 24.8920 57.7372 3.1341 -0.0308 -0.0368 0.9885 0.1432
1752869123.8016 24.8858 57.7212 3.1486 -0.0307 -0.0366 0.9885 0.1438
1752869123.9025 24.8613 57.7407 3.1545 -0.0307 -0.0366 0.9884 0.1444
1752869124.0033 24.8696 57.7671 3.1460 -0.0307 -0.0367 0.9883 0.1447
1752869124.1042 24.8722 57.7657 3.1358 -0.0306 -0.0367 0.9883 0.1448
1752869124.2050 24.8577 57.7657 3.1328 -0.0307 -0.0367 0.9882 0.1452
1752869124.3059 24.8537 57.7314 3.1380 -0.0307 -0.0366 0.9882 0.1454
1752869124.4068 24.8545 57.7306 3.1388 -0.0307 -0.0366 0.9882 0.1456
1752869124.5076 24.8673 57.7415 3.1349 -0.0307 -0.0367 0.9882 0.1455
1752869124.6085 24.8699 57.7660 3.1346 -0.0307 -0.0368 0.9882 0.1454
1752869124.7093 24.8524 57.7667 3.1436 -0.0306 -0.0366 0.9882 0.1454
1752869124.8102 24.8474 57.7519 3.1449 -0.0306 -0.0366 0.9882 0.1455
1752869124.9111 24.8537 57.7416 3.1417 -0.0306 -0.0367 0.9882 0.1458
1752869125.0119 24.8435 57.7583 3.1358 -0.0306 -0.0368 0.9881 0.1464
1752869125.1128 24.8222 57.7706 3.1213 -0.0305 -0.0369 0.9880 0.1468
1752869125.2136 24.8159 57.7692 3.1148 -0.0306 -0.0369 0.9880 0.1468
1752869125.3145 24.8349 57.7530 3.1209 -0.0306 -0.0369 0.9881 0.1462
1752869125.4154 24.8408 57.7437 3.1405 -0.0306 -0.0368 0.9882 0.1458
1752869125.5162 24.8509 57.7531 3.1571 -0.0305 -0.0366 0.9881 0.1462
1752869125.6171 24.8501 57.7606 3.1453 -0.0305 -0.0365 0.9881 0.1464
1752869125.7179 24.8433 57.7516 3.1199 -0.0305 -0.0368 0.9881 0.1465
1752869125.8188 24.8162 57.7587 3.0957 -0.0305 -0.0372 0.9880 0.1466
1752869125.9197 24.8209 57.7540 3.1022 -0.0305 -0.0372 0.9880 0.1464
1752869126.0205 24.8439 57.7709 3.1346 -0.0305 -0.0368 0.9881 0.1463
1752869126.1214 24.8655 57.7673 3.1515 -0.0306 -0.0365 0.9881 0.1461
1752869126.2222 24.8528 57.7479 3.1481 -0.0307 -0.0365 0.9881 0.1462
1752869126.3231 24.8243 57.7317 3.1338 -0.0305 -0.0367 0.9881 0.1464
1752869126.4239 24.8257 57.7439 3.1024 -0.0305 -0.0372 0.9880 0.1466
1752869126.5248 24.8343 57.7530 3.0964 -0.0305 -0.0372 0.9880 0.1466
1752869126.6257 24.8478 57.7535 3.1225 -0.0307 -0.0368 0.9881 0.1462
1752869126.7265 24.8546 57.7427 3.1424 -0.0306 -0.0366 0.9881 0.1461
1752869126.8274 24.8419 57.7592 3.1463 -0.0305 -0.0366 0.9881 0.1462
1752869126.9282 24.8292 57.7649 3.1226 -0.0305 -0.0370 0.9881 0.1465
1752869127.0291 24.8411 57.7460 3.1020 -0.0305 -0.0371 0.9880 0.1465
1752869127.1300 24.8374 57.7340 3.1080 -0.0305 -0.0371 0.9881 0.1464
1752869127.2308 24.8435 57.7346 3.1395 -0.0305 -0.0366 0.9881 0.1465
1752869127.3317 24.8402 57.7483 3.1495 -0.0304 -0.0364 0.9881 0.1466
1752869127.4325 24.8304 57.7669 3.1372 -0.0304 -0.0366 0.9881 0.1465
1752869127.5334 24.8319 57.7726 3.1303 -0.0307 -0.0369 0.9880 0.1465
1752869127.6343 24.8363 57.7688 3.1175 -0.0307 -0.0371 0.9880 0.1465
1752869127.7351 24.8464 57.7556 3.1139 -0.0306 -0.0370 0.9881 0.1463
1752869127.8360 24.8455 57.7428 3.1270 -0.0304 -0.0368 0.9881 0.1463
1752869127.9368 24.8391 57.7302 3.1332 -0.0304 -0.0367 0.9881 0.1463
1752869128.0377 24.8285 57.7421 3.1405 -0.0305 -0.0366 0.9881 0.1464
1752869128.1386 24.8277 57.7662 3.1341 -0.0306 -0.0367 0.9881 0.1465
1752869128.2394 24.8484 57.7501 3.1168 -0.0307 -0.0369 0.9880 0.1465
1752869128.3403 24.8524 57.7546 3.1127 -0.0306 -0.0370 0.9880 0.1466
1752869128.4411 24.8410 57.7617 3.1320 -0.0304 -0.0369 0.9880 0.1466
1752869128.5420 24.8336 57.7592 3.1389 -0.0303 -0.0368 0.9881 0.1464
1752869128.6429 24.8200 57.7695 3.1415 -0.0305 -0.0367 0.9881 0.1465
1752869128.7437 24.8139 57.7682 3.1346 -0.0306 -0.0367 0.9880 0.1466
1752869128.8446 24.8281 57.7494 3.1220 -0.0307 -0.0369 0.9881 0.1464
1752869128.9454 24.8485 57.7406 3.1196 -0.0306 -0.0369 0.9881 0.1462
